-- phpMyAdmin SQL Dump
-- version 3.3.9
-- http://www.phpmyadmin.net
--
-- 主机: localhost
-- 生成日期: 2012 年 08 月 27 日 15:40
-- 服务器版本: 5.5.8
-- PHP 版本: 5.3.5

SET SQL_MODE="NO_AUTO_VALUE_ON_ZERO";


/*!40101 SET @OLD_CHARACTER_SET_CLIENT=@@CHARACTER_SET_CLIENT */;
/*!40101 SET @OLD_CHARACTER_SET_RESULTS=@@CHARACTER_SET_RESULTS */;
/*!40101 SET @OLD_COLLATION_CONNECTION=@@COLLATION_CONNECTION */;
/*!40101 SET NAMES utf8 */;

--
-- 数据库: `release v2`
--

-- --------------------------------------------------------

--
-- 表的结构 `toc_address_book`
--

CREATE TABLE IF NOT EXISTS `toc_address_book` (
  `address_book_id` int(11) NOT NULL AUTO_INCREMENT,
  `customers_id` int(11) NOT NULL,
  `entry_gender` char(1) NOT NULL,
  `entry_company` varchar(32) DEFAULT NULL,
  `entry_firstname` varchar(32) NOT NULL,
  `entry_lastname` varchar(32) NOT NULL,
  `entry_street_address` varchar(64) NOT NULL,
  `entry_suburb` varchar(32) DEFAULT NULL,
  `entry_postcode` varchar(10) NOT NULL,
  `entry_city` varchar(32) NOT NULL,
  `entry_state` varchar(32) DEFAULT NULL,
  `entry_country_id` int(11) NOT NULL DEFAULT '0',
  `entry_zone_id` int(11) NOT NULL DEFAULT '0',
  `entry_telephone` varchar(32) DEFAULT NULL,
  `entry_fax` varchar(32) DEFAULT NULL,
  PRIMARY KEY (`address_book_id`),
  KEY `idx_address_book_customers_id` (`customers_id`)
) ENGINE=MyISAM  DEFAULT CHARSET=utf8 AUTO_INCREMENT=11 ;

--
-- 转存表中的数据 `toc_address_book`
--

INSERT INTO `toc_address_book` (`address_book_id`, `customers_id`, `entry_gender`, `entry_company`, `entry_firstname`, `entry_lastname`, `entry_street_address`, `entry_suburb`, `entry_postcode`, `entry_city`, `entry_state`, `entry_country_id`, `entry_zone_id`, `entry_telephone`, `entry_fax`) VALUES
(8, 16, 'm', 'ddd3', 'ddd1', 'ddd2', 'dddddd4', 'dddddd5', 'dddddd6', 'dddd7', 'BAL', 1, 4, 'dddd8', 'ddddd9'),
(9, 16, 'f', 'eee', 'eee', 'eee', 'eeeeee', 'eee', 'eee', 'eeeeee', 'MA', 4, 120, 'eee', 'eeee');

-- --------------------------------------------------------

--
-- 表的结构 `toc_administrators`
--

CREATE TABLE IF NOT EXISTS `toc_administrators` (
  `id` int(11) NOT NULL AUTO_INCREMENT,
  `user_name` varchar(32) DEFAULT NULL,
  `user_password` varchar(40) NOT NULL,
  `user_settings` text,
  `email_address` varchar(96) NOT NULL,
  PRIMARY KEY (`id`)
) ENGINE=MyISAM  DEFAULT CHARSET=utf8 AUTO_INCREMENT=2 ;

--
-- 转存表中的数据 `toc_administrators`
--

INSERT INTO `toc_administrators` (`id`, `user_name`, `user_password`, `user_settings`, `email_address`) VALUES
(1, 'admin', '5c77a7df972951460ae82ef13f3f8fcf:2e', 'a:1:{s:7:"desktop";a:17:{s:5:"theme";s:0:"";s:12:"transparency";s:3:"100";s:15:"backgroundcolor";s:6:"3A6EA5";s:9:"fontcolor";s:6:"FFFFFF";s:9:"wallpaper";s:5:"blank";s:17:"wallpaperposition";s:4:"tile";s:7:"autorun";s:17:"["dashboard-win"]";s:11:"contextmenu";s:18:"["categories-win"]";s:10:"quickstart";s:202:"["articles_categories-win","articles-win","faqs-win","slide_images-win","products-win","customers-win","orders-win","invoices-win","coupons-win","gift_certificates-win","dashboard-win","categories-win"]";s:8:"shortcut";s:185:"["articles_categories-win","articles-win","faqs-win","slide_images-win","products-win","customers-win","orders-win","invoices-win","coupons-win","gift_certificates-win","dashboard-win"]";s:15:"wizard_complete";b:1;s:10:"dashboards";s:87:"overview:0,new_orders:1,new_customers:2,new_reviews:0,orders_statistics:1,last_visits:2";s:7:"gadgets";s:38:"["clock","new_customers","new_orders"]";s:19:"sidebartransparency";s:1:"5";s:22:"sidebarbackgroundcolor";s:6:"FFFFFF";s:11:"sidebaropen";b:1;s:8:"livefeed";i:0;}}', 'info@tomatocart.com');

-- --------------------------------------------------------

--
-- 表的结构 `toc_administrators_access`
--

CREATE TABLE IF NOT EXISTS `toc_administrators_access` (
  `administrators_id` int(11) NOT NULL,
  `module` varchar(255) NOT NULL,
  PRIMARY KEY (`administrators_id`,`module`)
) ENGINE=MyISAM DEFAULT CHARSET=utf8;

--
-- 转存表中的数据 `toc_administrators_access`
--

INSERT INTO `toc_administrators_access` (`administrators_id`, `module`) VALUES
(1, '*');

-- --------------------------------------------------------

--
-- 表的结构 `toc_administrators_log`
--

CREATE TABLE IF NOT EXISTS `toc_administrators_log` (
  `id` int(11) NOT NULL,
  `module` varchar(255) NOT NULL,
  `module_action` varchar(32) DEFAULT NULL,
  `module_id` int(11) DEFAULT NULL,
  `field_key` varchar(255) NOT NULL,
  `old_value` text,
  `new_value` text,
  `action` varchar(255) NOT NULL,
  `administrators_id` int(11) NOT NULL,
  `datestamp` datetime NOT NULL,
  KEY `idx_administrators_log_id` (`id`)
) ENGINE=MyISAM DEFAULT CHARSET=utf8;

--
-- 转存表中的数据 `toc_administrators_log`
--

INSERT INTO `toc_administrators_log` (`id`, `module`, `module_action`, `module_id`, `field_key`, `old_value`, `new_value`, `action`, `administrators_id`, `datestamp`) VALUES
(1, 'customers', 'insert', 1, 'toc_customers.number_of_logons', '', '0', 'insert', 1, '2011-08-31 09:20:31'),
(1, 'customers', 'insert', 1, 'toc_customers.date_account_created', '', 'now()', 'insert', 1, '2011-08-31 09:20:31'),
(1, 'customers', 'insert', 1, 'toc_customers.customers_gender', '', 'm', 'insert', 1, '2011-08-31 09:20:31'),
(1, 'customers', 'insert', 1, 'toc_customers.customers_firstname', '', 'john', 'insert', 1, '2011-08-31 09:20:31'),
(1, 'customers', 'insert', 1, 'toc_customers.customers_lastname', '', 'doe', 'insert', 1, '2011-08-31 09:20:31'),
(1, 'customers', 'insert', 1, 'toc_customers.customers_email_address', '', 'john.doe@test.com', 'insert', 1, '2011-08-31 09:20:31'),
(1, 'customers', 'insert', 1, 'toc_customers.customers_dob', '', '-- 00:00:00', 'insert', 1, '2011-08-31 09:20:31'),
(1, 'customers', 'insert', 1, 'toc_customers.customers_newsletter', '', '0', 'insert', 1, '2011-08-31 09:20:31'),
(1, 'customers', 'insert', 1, 'toc_customers.customers_status', '', '0', 'insert', 1, '2011-08-31 09:20:31'),
(1, 'customers', 'insert', 1, 'toc_customers.customers_password', '', '6c0d09c0e375806dbb355cb74d3ba979:67', 'update', 1, '2011-08-31 09:20:31'),
(2, 'customers', 'insert', 1, 'toc_address_book.customers_id', '', '1', 'insert', 1, '2011-08-31 09:21:07'),
(2, 'customers', 'insert', 1, 'toc_address_book.entry_gender', '', 'f', 'insert', 1, '2011-08-31 09:21:07'),
(2, 'customers', 'insert', 1, 'toc_address_book.entry_company', '', '', 'insert', 1, '2011-08-31 09:21:07'),
(2, 'customers', 'insert', 1, 'toc_address_book.entry_firstname', '', 'john', 'insert', 1, '2011-08-31 09:21:07'),
(2, 'customers', 'insert', 1, 'toc_address_book.entry_lastname', '', 'doe', 'insert', 1, '2011-08-31 09:21:07'),
(2, 'customers', 'insert', 1, 'toc_address_book.entry_street_address', '', 'test address', 'insert', 1, '2011-08-31 09:21:07'),
(2, 'customers', 'insert', 1, 'toc_address_book.entry_suburb', '', '', 'insert', 1, '2011-08-31 09:21:07'),
(2, 'customers', 'insert', 1, 'toc_address_book.entry_postcode', '', '21109', 'insert', 1, '2011-08-31 09:21:07'),
(2, 'customers', 'insert', 1, 'toc_address_book.entry_city', '', 'Hamburg', 'insert', 1, '2011-08-31 09:21:07'),
(2, 'customers', 'insert', 1, 'toc_address_book.entry_state', '', 'L', 'insert', 1, '2011-08-31 09:21:07'),
(2, 'customers', 'insert', 1, 'toc_address_book.entry_country_id', '', '111', 'insert', 1, '2011-08-31 09:21:07'),
(2, 'customers', 'insert', 1, 'toc_address_book.entry_zone_id', '', '1823', 'insert', 1, '2011-08-31 09:21:07'),
(2, 'customers', 'insert', 1, 'toc_address_book.entry_telephone', '', '3232323', 'insert', 1, '2011-08-31 09:21:07'),
(2, 'customers', 'insert', 1, 'toc_address_book.entry_fax', '', '2323', 'insert', 1, '2011-08-31 09:21:07'),
(2, 'customers', 'insert', 1, 'toc_customers.customers_default_address_id', '', '1', 'update', 1, '2011-08-31 09:21:07');

-- --------------------------------------------------------

--
-- 表的结构 `toc_articles`
--

CREATE TABLE IF NOT EXISTS `toc_articles` (
  `articles_id` int(11) NOT NULL AUTO_INCREMENT,
  `articles_categories_id` int(11) NOT NULL,
  `articles_status` tinyint(1) NOT NULL,
  `articles_order` int(10) NOT NULL,
  `articles_date_added` datetime NOT NULL,
  `articles_last_modified` datetime NOT NULL,
  `articles_image` varchar(100) DEFAULT NULL,
  PRIMARY KEY (`articles_id`)
) ENGINE=MyISAM  DEFAULT CHARSET=utf8 AUTO_INCREMENT=34 ;

--
-- 转存表中的数据 `toc_articles`
--

INSERT INTO `toc_articles` (`articles_id`, `articles_categories_id`, `articles_status`, `articles_order`, `articles_date_added`, `articles_last_modified`, `articles_image`) VALUES
(1, 1, 1, 1, '2011-08-31 09:16:25', '2011-08-31 09:16:25', NULL),
(2, 1, 1, 2, '2011-08-31 09:16:25', '2011-08-31 09:16:25', NULL),
(3, 1, 1, 3, '2011-08-31 09:16:25', '2011-08-31 09:16:25', NULL),
(4, 1, 1, 4, '2011-08-31 09:16:25', '2011-08-31 09:16:25', NULL),
(5, 1, 1, 5, '2011-08-31 09:16:25', '2011-08-31 09:16:25', NULL),
(31, 42, 1, 2, '2012-08-27 15:27:46', '2012-08-27 15:27:46', NULL),
(33, 44, 1, 4, '2012-08-27 15:30:01', '2012-08-27 15:30:01', NULL),
(32, 43, 1, 3, '2012-08-27 15:28:46', '2012-08-27 15:28:46', NULL),
(30, 41, 1, 1, '2012-08-27 15:25:35', '2012-08-27 15:25:35', NULL);

-- --------------------------------------------------------

--
-- 表的结构 `toc_articles_categories`
--

CREATE TABLE IF NOT EXISTS `toc_articles_categories` (
  `articles_categories_id` int(11) NOT NULL AUTO_INCREMENT,
  `articles_categories_status` tinyint(1) NOT NULL,
  `articles_categories_order` int(10) NOT NULL,
  PRIMARY KEY (`articles_categories_id`)
) ENGINE=MyISAM  DEFAULT CHARSET=utf8 AUTO_INCREMENT=45 ;

--
-- 转存表中的数据 `toc_articles_categories`
--

INSERT INTO `toc_articles_categories` (`articles_categories_id`, `articles_categories_status`, `articles_categories_order`) VALUES
(1, 1, 1),
(44, 1, 4),
(41, 1, 1),
(43, 1, 3),
(42, 1, 2);

-- --------------------------------------------------------

--
-- 表的结构 `toc_articles_categories_description`
--

CREATE TABLE IF NOT EXISTS `toc_articles_categories_description` (
  `articles_categories_id` int(11) NOT NULL,
  `language_id` int(11) NOT NULL,
  `articles_categories_name` varchar(255) NOT NULL,
  `articles_categories_url` varchar(255) NOT NULL,
  `articles_categories_page_title` varchar(255) NOT NULL,
  `articles_categories_meta_keywords` varchar(255) NOT NULL,
  `articles_categories_meta_description` varchar(255) NOT NULL,
  PRIMARY KEY (`articles_categories_id`,`language_id`)
) ENGINE=MyISAM DEFAULT CHARSET=utf8;

--
-- 转存表中的数据 `toc_articles_categories_description`
--

INSERT INTO `toc_articles_categories_description` (`articles_categories_id`, `language_id`, `articles_categories_name`, `articles_categories_url`, `articles_categories_page_title`, `articles_categories_meta_keywords`, `articles_categories_meta_description`) VALUES
(1, 1, 'Information', 'information', '', '', ''),
(43, 2, 'Driver Reference', 'driver-reference', '适配器参考', '适配器参考', '适配器参考'),
(42, 1, 'Class Reference', 'class-reference', 'Class Reference', 'Class Reference', 'Class Reference'),
(42, 2, '类库参考', 'class-reference', '类库参考', '类库参考', '类库参考'),
(43, 1, 'Driver Reference', 'driver-reference', 'Driver Reference', 'Driver Reference', 'Driver Reference'),
(41, 2, '常规主题', '常规主题', '常规主题', '常规主题', '常规主题'),
(41, 1, 'General Topics', 'general-topics', 'General Topics', 'General Topics', 'General Topics'),
(44, 2, '辅助函数参考', 'helper-reference', '辅助函数参考', '辅助函数参考', '辅助函数参考'),
(44, 1, 'Helper Reference', 'helper-reference', 'Helper Reference', 'Helper Reference', 'Helper Reference');

-- --------------------------------------------------------

--
-- 表的结构 `toc_articles_description`
--

CREATE TABLE IF NOT EXISTS `toc_articles_description` (
  `articles_id` int(11) NOT NULL,
  `language_id` int(11) NOT NULL,
  `articles_name` varchar(255) NOT NULL,
  `articles_url` varchar(255) NOT NULL,
  `articles_description` text NOT NULL,
  `articles_page_title` varchar(255) NOT NULL,
  `articles_meta_keywords` varchar(255) NOT NULL,
  `articles_meta_description` varchar(255) NOT NULL,
  PRIMARY KEY (`articles_id`,`language_id`)
) ENGINE=MyISAM DEFAULT CHARSET=utf8;

--
-- 转存表中的数据 `toc_articles_description`
--

INSERT INTO `toc_articles_description` (`articles_id`, `language_id`, `articles_name`, `articles_url`, `articles_description`, `articles_page_title`, `articles_meta_keywords`, `articles_meta_description`) VALUES
(1, 1, 'About Us', 'about-us', 'Put here the required information.', '', '', ''),
(2, 1, 'Shipping & Returns', 'shipping-returns', 'Put here the required information.', '', '', ''),
(3, 1, 'Privacy Notice', 'privacy-notice', 'Put here the required information.', '', '', ''),
(4, 1, 'Conditions of Use', 'conditions-of-use', 'Put here the required information.', '', '', ''),
(5, 1, 'Imprint', 'imprint', 'Put here the required information.', '', '', ''),
(30, 1, 'CodeIgniter URLs', '', '​<p style="margin-top: 12px; margin-right: 20px; margin-bottom: 12px; margin-left: 0px; color: rgb(51, 51, 51); font-family: ''Lucida Grande'', Verdana, Geneva, sans-serif; font-size: 14px; font-style: normal; font-variant: normal; font-weight: normal; letter-spacing: normal; line-height: normal; orphans: 2; text-align: -webkit-auto; text-indent: 0px; text-transform: none; white-space: normal; widows: 2; word-spacing: 0px; -webkit-text-size-adjust: auto; -webkit-text-stroke-width: 0px; background-color: rgb(255, 255, 255); ">By default, URLs in CodeIgniter are designed to be search-engine and human friendly. Rather than using the standard "query string" approach to URLs that is synonymous with dynamic systems, CodeIgniter uses a<span class="Apple-converted-space">&nbsp;</span><strong>segment-based</strong><span class="Apple-converted-space">&nbsp;</span>approach:</p><code style="font-family: Monaco, Verdana, sans-serif; font-size: 12px; background-color: rgb(249, 249, 249); border-top-width: 1px; border-right-width: 1px; border-bottom-width: 1px; border-left-width: 1px; border-top-style: solid; border-right-style: solid; border-bottom-style: solid; border-left-style: solid; border-top-color: rgb(208, 208, 208); border-right-color: rgb(208, 208, 208); border-bottom-color: rgb(208, 208, 208); border-left-color: rgb(208, 208, 208); border-image: initial; color: rgb(0, 33, 102); display: block; margin-top: 14px; margin-right: 0px; margin-bottom: 14px; margin-left: 0px; padding-top: 12px; padding-right: 10px; padding-bottom: 12px; padding-left: 10px; font-style: normal; font-variant: normal; font-weight: normal; letter-spacing: normal; line-height: normal; orphans: 2; text-align: -webkit-auto; text-indent: 0px; text-transform: none; white-space: normal; widows: 2; word-spacing: 0px; -webkit-text-size-adjust: auto; -webkit-text-stroke-width: 0px; ">example.com/<var style="font-family: ''Lucida Grande'', Verdana, Geneva, sans-serif; color: rgb(143, 91, 0); font-weight: bold; font-style: normal; ">news</var>/<dfn style="font-family: ''Lucida Grande'', Verdana, Geneva, sans-serif; color: rgb(0, 98, 12); font-weight: bold; font-style: normal; ">article</dfn>/<samp style="font-family: ''Lucida Grande'', Verdana, Geneva, sans-serif; color: rgb(72, 0, 145); font-weight: bold; font-style: normal; ">my_article</samp></code><p class="important" style="margin-top: 10px; margin-right: 0px; margin-bottom: 5px; margin-left: 0px; background-image: initial; background-attachment: initial; background-origin: initial; background-clip: initial; background-color: rgb(251, 230, 242); border-top-width: 1px; border-right-width: 1px; border-bottom-width: 1px; border-left-width: 1px; border-top-style: solid; border-right-style: solid; border-bottom-style: solid; border-left-style: solid; border-top-color: rgb(216, 147, 161); border-right-color: rgb(216, 147, 161); border-bottom-color: rgb(216, 147, 161); border-left-color: rgb(216, 147, 161); border-image: initial; color: rgb(51, 51, 51); padding-top: 10px; padding-right: 10px; padding-bottom: 10px; padding-left: 10px; font-family: ''Lucida Grande'', Verdana, Geneva, sans-serif; font-size: 14px; font-style: normal; font-variant: normal; font-weight: normal; letter-spacing: normal; line-height: normal; orphans: 2; text-align: -webkit-auto; text-indent: 0px; text-transform: none; white-space: normal; widows: 2; word-spacing: 0px; -webkit-text-size-adjust: auto; -webkit-text-stroke-width: 0px; background-position: initial initial; background-repeat: initial initial; "><strong>Note:</strong><span class="Apple-converted-space">&nbsp;</span>Query string URLs can be optionally enabled, as described below.</p>', 'CodeIgniter URLs', 'CodeIgniter URLs', 'CodeIgniter URLs'),
(30, 2, 'CodeIgniter URL', '', '​<p style="margin-top: 12px; margin-right: 20px; margin-bottom: 12px; margin-left: 0px; color: rgb(51, 51, 51); font-family: ''Lucida Grande'', Verdana, Geneva, sans-serif, 宋体; font-size: 14px; font-style: normal; font-variant: normal; font-weight: normal; letter-spacing: normal; line-height: normal; orphans: 2; text-align: -webkit-auto; text-indent: 0px; text-transform: none; white-space: normal; widows: 2; word-spacing: 0px; -webkit-text-size-adjust: auto; -webkit-text-stroke-width: 0px; background-color: rgb(255, 255, 255); ">默认情况下，CodeIgniter 中的 URL 被设计成对搜索引擎和人类友好。不同于使用标准“查询字符串”方法的是，CodeIgniter 使用<strong>基于段</strong>的方法：</p><code style="font-family: Monaco, Verdana, sans-serif; font-size: 12px; background-color: rgb(249, 249, 249); border-top-width: 1px; border-right-width: 1px; border-bottom-width: 1px; border-left-width: 1px; border-top-style: solid; border-right-style: solid; border-bottom-style: solid; border-left-style: solid; border-top-color: rgb(208, 208, 208); border-right-color: rgb(208, 208, 208); border-bottom-color: rgb(208, 208, 208); border-left-color: rgb(208, 208, 208); border-image: initial; color: rgb(0, 33, 102); display: block; margin-top: 14px; margin-right: 0px; margin-bottom: 14px; margin-left: 0px; padding-top: 12px; padding-right: 10px; padding-bottom: 12px; padding-left: 10px; font-style: normal; font-variant: normal; font-weight: normal; letter-spacing: normal; line-height: normal; orphans: 2; text-align: -webkit-auto; text-indent: 0px; text-transform: none; white-space: normal; widows: 2; word-spacing: 0px; -webkit-text-size-adjust: auto; -webkit-text-stroke-width: 0px; ">example.com/<var style="font-family: ''Lucida Grande'', Verdana, Geneva, sans-serif; color: rgb(143, 91, 0); font-weight: bold; font-style: normal; ">news</var>/<dfn style="font-family: ''Lucida Grande'', Verdana, Geneva, sans-serif; color: rgb(0, 98, 12); font-weight: bold; font-style: normal; ">article</dfn>/<samp style="font-family: ''Lucida Grande'', Verdana, Geneva, sans-serif; color: rgb(72, 0, 145); font-weight: bold; font-style: normal; ">my_article</samp></code><p class="important" style="margin-top: 10px; margin-right: 0px; margin-bottom: 5px; margin-left: 0px; background-image: initial; background-attachment: initial; background-origin: initial; background-clip: initial; background-color: rgb(251, 230, 242); border-top-width: 1px; border-right-width: 1px; border-bottom-width: 1px; border-left-width: 1px; border-top-style: solid; border-right-style: solid; border-bottom-style: solid; border-left-style: solid; border-top-color: rgb(216, 147, 161); border-right-color: rgb(216, 147, 161); border-bottom-color: rgb(216, 147, 161); border-left-color: rgb(216, 147, 161); border-image: initial; color: rgb(51, 51, 51); padding-top: 10px; padding-right: 10px; padding-bottom: 10px; padding-left: 10px; font-family: ''Lucida Grande'', Verdana, Geneva, sans-serif, 宋体; font-size: 14px; font-style: normal; font-variant: normal; font-weight: normal; letter-spacing: normal; line-height: normal; orphans: 2; text-align: -webkit-auto; text-indent: 0px; text-transform: none; white-space: normal; widows: 2; word-spacing: 0px; -webkit-text-size-adjust: auto; -webkit-text-stroke-width: 0px; background-position: initial initial; background-repeat: initial initial; "><strong>注意：</strong>查询字符串形式的 URL 是可选的，分述如下。</p>', 'CodeIgniter URL', 'CodeIgniter URL', 'CodeIgniter URL'),
(31, 1, 'Benchmarking Class', '', '​<span style="color: rgb(51, 51, 51); font-family: ''Lucida Grande'',Verdana,Geneva,sans-serif; font-size: 14px; font-style: normal; font-variant: normal; font-weight: normal; letter-spacing: normal; line-height: normal; orphans: 2; text-indent: 0px; text-transform: none; white-space: normal; widows: 2; word-spacing: 0px; background-color: rgb(255, 255, 255); display: inline ! important; float: none;">CodeIgniter has a Benchmarking class that is always active, enabling the time difference between any two marked points to be calculated.<br><br></span><span style="color: rgb(51, 51, 51); font-family: ''Lucida Grande'', Verdana, Geneva, sans-serif; font-size: 14px; font-style: normal; font-variant: normal; font-weight: normal; letter-spacing: normal; line-height: normal; orphans: 2; text-align: -webkit-auto; text-indent: 0px; text-transform: none; white-space: normal; widows: 2; word-spacing: 0px; -webkit-text-size-adjust: auto; -webkit-text-stroke-width: 0px; background-color: rgb(255, 255, 255); display: inline !important; float: none; ">In addition, the benchmark is always started the moment the framework is invoked, and ended by the output class right before sending the final view to the browser, enabling a very accurate timing of the entire system execution to be shown.</span><br>', 'Benchmarking Class', 'Benchmarking Class', 'Benchmarking Class'),
(31, 2, '基准测试类', '', '​<span style="color: rgb(51, 51, 51); font-family: ''Lucida Grande'',Verdana,Geneva,sans-serif,宋体; font-size: 14px; font-style: normal; font-variant: normal; font-weight: normal; letter-spacing: normal; line-height: normal; orphans: 2; text-indent: 0px; text-transform: none; white-space: normal; widows: 2; word-spacing: 0px; background-color: rgb(255, 255, 255); display: inline ! important; float: none;">CodeIgniter 有一个总是有效的基准测试类,能够用来计算两个标记点的时间差.<br><br></span><span style="color: rgb(51, 51, 51); font-family: ''Lucida Grande'', Verdana, Geneva, sans-serif, 宋体; font-size: 14px; font-style: normal; font-variant: normal; font-weight: normal; letter-spacing: normal; line-height: normal; orphans: 2; text-align: -webkit-auto; text-indent: 0px; text-transform: none; white-space: normal; widows: 2; word-spacing: 0px; -webkit-text-size-adjust: auto; -webkit-text-stroke-width: 0px; background-color: rgb(255, 255, 255); display: inline !important; float: none; ">另外,基准测试类在框架被调用的时候开始,在最终视图被output类送给浏览器之前结束,可以显示整个系统执行的精确定时.</span><br>', '基准测试类', '基准测试类', '基准测试类'),
(32, 1, 'Caching Driver', '', '​<span style="color: rgb(51, 51, 51); font-family: ''Lucida Grande'', Verdana, Geneva, sans-serif; font-size: 14px; font-style: normal; font-variant: normal; font-weight: normal; letter-spacing: normal; line-height: normal; orphans: 2; text-align: -webkit-auto; text-indent: 0px; text-transform: none; white-space: normal; widows: 2; word-spacing: 0px; -webkit-text-size-adjust: auto; -webkit-text-stroke-width: 0px; background-color: rgb(255, 255, 255); display: inline !important; float: none; ">CodeIgniter features wrappers around some of the most popular forms of fast and dynamic caching. All but file-based caching require specific server requirements, and a Fatal Exception will be thrown if server requirements are not met.</span>', 'Caching Driver', 'Caching Driver', 'Caching Driver'),
(32, 2, '缓存适配器', '', '​<p style="margin-top: 12px; margin-right: 20px; margin-bottom: 12px; margin-left: 0px; color: rgb(51, 51, 51); font-family: ''Lucida Grande'', Verdana, Geneva, sans-serif, 宋体; font-size: 14px; font-style: normal; font-variant: normal; font-weight: normal; letter-spacing: normal; line-height: normal; orphans: 2; text-align: -webkit-auto; text-indent: 0px; text-transform: none; white-space: normal; widows: 2; word-spacing: 0px; -webkit-text-size-adjust: auto; -webkit-text-stroke-width: 0px; background-color: rgb(255, 255, 255); ">注：在2.0.3以前有bug，请下载最新版本的CI。</p><p style="margin-top: 12px; margin-right: 20px; margin-bottom: 12px; margin-left: 0px; color: rgb(51, 51, 51); font-family: ''Lucida Grande'', Verdana, Geneva, sans-serif, 宋体; font-size: 14px; font-style: normal; font-variant: normal; font-weight: normal; letter-spacing: normal; line-height: normal; orphans: 2; text-align: -webkit-auto; text-indent: 0px; text-transform: none; white-space: normal; widows: 2; word-spacing: 0px; -webkit-text-size-adjust: auto; -webkit-text-stroke-width: 0px; background-color: rgb(255, 255, 255); ">CodeIgniter提供了多种目前业界流行的快速动态缓存组件的封装类。除了基于纯文本的缓存（文件缓存）外，其他缓存组件均需对服务器环境进行正确配置才能使用，否则程序会抛出致命异常(Fatal Exception)错误。</p>', '缓存适配器', '缓存适配器', '缓存适配器'),
(33, 1, 'Array Helper', '', '​<p style="margin-top: 12px; margin-right: 20px; margin-bottom: 12px; margin-left: 0px; color: rgb(51, 51, 51); font-family: ''Lucida Grande'', Verdana, Geneva, sans-serif; font-size: 14px; font-style: normal; font-variant: normal; font-weight: normal; letter-spacing: normal; line-height: normal; orphans: 2; text-align: -webkit-auto; text-indent: 0px; text-transform: none; white-space: normal; widows: 2; word-spacing: 0px; -webkit-text-size-adjust: auto; -webkit-text-stroke-width: 0px; background-color: rgb(255, 255, 255); ">The Array Helper file contains functions that assist in working with arrays.</p><h2 style="background-color: rgb(255, 255, 255); border-bottom-width: 1px; border-bottom-style: solid; border-bottom-color: rgb(153, 153, 153); color: rgb(0, 0, 0); font-size: 18px; font-weight: bold; margin-top: 28px; margin-right: 0px; margin-bottom: 16px; margin-left: 0px; padding-top: 5px; padding-right: 0px; padding-bottom: 6px; padding-left: 0px; font-family: ''Lucida Grande'', Verdana, Geneva, sans-serif; font-style: normal; font-variant: normal; letter-spacing: normal; line-height: normal; orphans: 2; text-align: -webkit-auto; text-indent: 0px; text-transform: none; white-space: normal; widows: 2; word-spacing: 0px; -webkit-text-size-adjust: auto; -webkit-text-stroke-width: 0px; ">Loading this Helper</h2><p style="margin-top: 12px; margin-right: 20px; margin-bottom: 12px; margin-left: 0px; color: rgb(51, 51, 51); font-family: ''Lucida Grande'', Verdana, Geneva, sans-serif; font-size: 14px; font-style: normal; font-variant: normal; font-weight: normal; letter-spacing: normal; line-height: normal; orphans: 2; text-align: -webkit-auto; text-indent: 0px; text-transform: none; white-space: normal; widows: 2; word-spacing: 0px; -webkit-text-size-adjust: auto; -webkit-text-stroke-width: 0px; background-color: rgb(255, 255, 255); ">This helper is loaded using the following code:</p><code style="font-family: Monaco, Verdana, sans-serif; font-size: 12px; background-color: rgb(249, 249, 249); border-top-width: 1px; border-right-width: 1px; border-bottom-width: 1px; border-left-width: 1px; border-top-style: solid; border-right-style: solid; border-bottom-style: solid; border-left-style: solid; border-top-color: rgb(208, 208, 208); border-right-color: rgb(208, 208, 208); border-bottom-color: rgb(208, 208, 208); border-left-color: rgb(208, 208, 208); border-image: initial; color: rgb(0, 33, 102); display: block; margin-top: 14px; margin-right: 0px; margin-bottom: 14px; margin-left: 0px; padding-top: 12px; padding-right: 10px; padding-bottom: 12px; padding-left: 10px; font-style: normal; font-variant: normal; font-weight: normal; letter-spacing: normal; line-height: normal; orphans: 2; text-align: -webkit-auto; text-indent: 0px; text-transform: none; white-space: normal; widows: 2; word-spacing: 0px; -webkit-text-size-adjust: auto; -webkit-text-stroke-width: 0px; ">$this-&gt;load-&gt;helper(''array'');</code><p style="margin-top: 12px; margin-right: 20px; margin-bottom: 12px; margin-left: 0px; color: rgb(51, 51, 51); font-family: ''Lucida Grande'', Verdana, Geneva, sans-serif; font-size: 14px; font-style: normal; font-variant: normal; font-weight: normal; letter-spacing: normal; line-height: normal; orphans: 2; text-align: -webkit-auto; text-indent: 0px; text-transform: none; white-space: normal; widows: 2; word-spacing: 0px; -webkit-text-size-adjust: auto; -webkit-text-stroke-width: 0px; background-color: rgb(255, 255, 255); ">The following functions are available:</p>', 'Array Helper', 'Array Helper', 'Array Helper'),
(33, 2, '数组辅助函数', '', '​<p style="margin-top: 12px; margin-right: 20px; margin-bottom: 12px; margin-left: 0px; color: rgb(51, 51, 51); font-family: ''Lucida Grande'', Verdana, Geneva, sans-serif, 宋体; font-size: 14px; font-style: normal; font-variant: normal; font-weight: normal; letter-spacing: normal; line-height: normal; orphans: 2; text-align: -webkit-auto; text-indent: 0px; text-transform: none; white-space: normal; widows: 2; word-spacing: 0px; -webkit-text-size-adjust: auto; -webkit-text-stroke-width: 0px; background-color: rgb(255, 255, 255); ">数组辅助函数的文件涵盖了一些用于辅助数组操作的函数。</p><h2 style="background-color: rgb(255, 255, 255); border-bottom-width: 1px; border-bottom-style: solid; border-bottom-color: rgb(153, 153, 153); color: rgb(0, 0, 0); font-size: 18px; font-weight: bold; margin-top: 28px; margin-right: 0px; margin-bottom: 16px; margin-left: 0px; padding-top: 5px; padding-right: 0px; padding-bottom: 6px; padding-left: 0px; font-family: ''Lucida Grande'', Verdana, Geneva, sans-serif, 宋体; font-style: normal; font-variant: normal; letter-spacing: normal; line-height: normal; orphans: 2; text-align: -webkit-auto; text-indent: 0px; text-transform: none; white-space: normal; widows: 2; word-spacing: 0px; -webkit-text-size-adjust: auto; -webkit-text-stroke-width: 0px; ">装载本辅助函数</h2><p style="margin-top: 12px; margin-right: 20px; margin-bottom: 12px; margin-left: 0px; color: rgb(51, 51, 51); font-family: ''Lucida Grande'', Verdana, Geneva, sans-serif, 宋体; font-size: 14px; font-style: normal; font-variant: normal; font-weight: normal; letter-spacing: normal; line-height: normal; orphans: 2; text-align: -webkit-auto; text-indent: 0px; text-transform: none; white-space: normal; widows: 2; word-spacing: 0px; -webkit-text-size-adjust: auto; -webkit-text-stroke-width: 0px; background-color: rgb(255, 255, 255); ">本辅助函数的装载通过如下代码完成：</p><p style="margin-top: 12px; margin-right: 20px; margin-bottom: 12px; margin-left: 0px; color: rgb(51, 51, 51); font-family: ''Lucida Grande'', Verdana, Geneva, sans-serif, 宋体; font-size: 14px; font-style: normal; font-variant: normal; font-weight: normal; letter-spacing: normal; line-height: normal; orphans: 2; text-align: -webkit-auto; text-indent: 0px; text-transform: none; white-space: normal; widows: 2; word-spacing: 0px; -webkit-text-size-adjust: auto; -webkit-text-stroke-width: 0px; background-color: rgb(255, 255, 255); "><code style="font-family: Monaco, Verdana, sans-serif; font-size: 12px; background-color: rgb(249, 249, 249); border-top-width: 1px; border-right-width: 1px; border-bottom-width: 1px; border-left-width: 1px; border-top-style: solid; border-right-style: solid; border-bottom-style: solid; border-left-style: solid; border-top-color: rgb(208, 208, 208); border-right-color: rgb(208, 208, 208); border-bottom-color: rgb(208, 208, 208); border-left-color: rgb(208, 208, 208); border-image: initial; color: rgb(0, 33, 102); display: block; margin-top: 14px; margin-right: 0px; margin-bottom: 14px; margin-left: 0px; padding-top: 12px; padding-right: 10px; padding-bottom: 12px; padding-left: 10px; ">$this-&gt;load-&gt;helper(''array'');</code></p><p style="margin-top: 12px; margin-right: 20px; margin-bottom: 12px; margin-left: 0px; color: rgb(51, 51, 51); font-family: ''Lucida Grande'', Verdana, Geneva, sans-serif, 宋体; font-size: 14px; font-style: normal; font-variant: normal; font-weight: normal; letter-spacing: normal; line-height: normal; orphans: 2; text-align: -webkit-auto; text-indent: 0px; text-transform: none; white-space: normal; widows: 2; word-spacing: 0px; -webkit-text-size-adjust: auto; -webkit-text-stroke-width: 0px; background-color: rgb(255, 255, 255); ">可用的函数如下：</p>', '数组辅助函数', '数组辅助函数', '数组辅助函数');

-- --------------------------------------------------------

--
-- 表的结构 `toc_banners`
--

CREATE TABLE IF NOT EXISTS `toc_banners` (
  `banners_id` int(11) NOT NULL AUTO_INCREMENT,
  `banners_title` varchar(64) NOT NULL,
  `banners_url` varchar(255) NOT NULL,
  `banners_image` varchar(64) NOT NULL,
  `banners_group` varchar(10) NOT NULL,
  `banners_html_text` text CHARACTER SET utf8 COLLATE utf8_unicode_ci,
  `expires_impressions` int(7) DEFAULT '0',
  `expires_date` datetime DEFAULT NULL,
  `date_scheduled` datetime DEFAULT NULL,
  `date_added` datetime NOT NULL,
  `date_status_change` datetime DEFAULT NULL,
  `status` int(1) NOT NULL DEFAULT '1',
  PRIMARY KEY (`banners_id`)
) ENGINE=MyISAM DEFAULT CHARSET=utf8 AUTO_INCREMENT=1 ;

--
-- 转存表中的数据 `toc_banners`
--


-- --------------------------------------------------------

--
-- 表的结构 `toc_banners_history`
--

CREATE TABLE IF NOT EXISTS `toc_banners_history` (
  `banners_history_id` int(11) NOT NULL AUTO_INCREMENT,
  `banners_id` int(11) NOT NULL,
  `banners_shown` int(5) NOT NULL DEFAULT '0',
  `banners_clicked` int(5) NOT NULL DEFAULT '0',
  `banners_history_date` datetime NOT NULL,
  PRIMARY KEY (`banners_history_id`)
) ENGINE=MyISAM DEFAULT CHARSET=utf8 AUTO_INCREMENT=1 ;

--
-- 转存表中的数据 `toc_banners_history`
--


-- --------------------------------------------------------

--
-- 表的结构 `toc_categories`
--

CREATE TABLE IF NOT EXISTS `toc_categories` (
  `categories_id` int(11) NOT NULL AUTO_INCREMENT,
  `categories_image` varchar(64) DEFAULT NULL,
  `parent_id` int(11) NOT NULL DEFAULT '0',
  `sort_order` int(3) DEFAULT NULL,
  `categories_status` int(1) DEFAULT '1',
  `date_added` datetime DEFAULT NULL,
  `last_modified` datetime DEFAULT NULL,
  PRIMARY KEY (`categories_id`),
  KEY `idx_categories_parent_id` (`parent_id`)
) ENGINE=MyISAM  DEFAULT CHARSET=utf8 AUTO_INCREMENT=15 ;

--
-- 转存表中的数据 `toc_categories`
--

INSERT INTO `toc_categories` (`categories_id`, `categories_image`, `parent_id`, `sort_order`, `categories_status`, `date_added`, `last_modified`) VALUES
(1, 'categories_notebooks.jpg', 0, 0, 1, '2011-08-31 09:17:05', NULL),
(2, 'categories_desktops.jpg', 0, 0, 1, '2011-08-31 09:17:05', NULL),
(4, 'categories_printer.jpg', 0, 0, 1, '2011-08-31 09:17:05', NULL),
(5, 'categories_printer.jpg', 4, 0, 1, '2011-08-31 09:17:05', NULL),
(6, 'categories_printer.jpg', 4, 0, 1, '2011-08-31 09:17:05', NULL),
(8, 'categories_printer.jpg', 4, 0, 0, '2011-08-31 09:17:05', NULL),
(9, 'categories_ipod.jpg', 0, 0, 1, '2011-08-31 09:17:05', NULL);

-- --------------------------------------------------------

--
-- 表的结构 `toc_categories_description`
--

CREATE TABLE IF NOT EXISTS `toc_categories_description` (
  `categories_id` int(11) NOT NULL,
  `language_id` int(11) NOT NULL,
  `categories_name` varchar(64) NOT NULL,
  `categories_url` varchar(64) NOT NULL,
  `categories_page_title` varchar(255) NOT NULL,
  `categories_meta_keywords` varchar(255) NOT NULL,
  `categories_meta_description` varchar(255) NOT NULL,
  PRIMARY KEY (`categories_id`,`language_id`),
  KEY `idx_categories_name` (`categories_name`)
) ENGINE=MyISAM DEFAULT CHARSET=utf8;

--
-- 转存表中的数据 `toc_categories_description`
--

INSERT INTO `toc_categories_description` (`categories_id`, `language_id`, `categories_name`, `categories_url`, `categories_page_title`, `categories_meta_keywords`, `categories_meta_description`) VALUES
(1, 1, 'Laptop', 'laptop', '', '', ''),
(2, 1, 'Desktops', 'desktops', 'Desktops PCs', 'Desktops keywords', 'Desktops description'),
(4, 1, 'Printers & Scanners', 'printers-scanners', '', '', ''),
(5, 1, 'HP', 'hp', '', '', ''),
(6, 1, 'BROTHER', 'brother', '', '', ''),
(8, 1, 'CANON', 'canon', '', '', ''),
(9, 1, 'iPod & Camera', 'ipod-camera', '', '', ''),
(1, 2, '笔记本', 'laptop', '显示器', '笔记本', '笔记本'),
(2, 2, '台式机', 'desktops', 'Desktops PCs', 'Desktops keywords', 'Desktops description'),
(4, 2, '打印机 & 扫描仪', 'printers-scanners', '', '', ''),
(5, 2, '惠普', 'hp', '', '', ''),
(6, 2, '兄弟', 'brother', '', '', ''),
(8, 2, '佳能', 'canon', '', '', ''),
(9, 2, '照相机', 'ipod-camera', '', '', '');

-- --------------------------------------------------------

--
-- 表的结构 `toc_categories_ratings`
--

CREATE TABLE IF NOT EXISTS `toc_categories_ratings` (
  `categories_id` int(11) NOT NULL,
  `ratings_id` int(11) NOT NULL,
  PRIMARY KEY (`categories_id`,`ratings_id`)
) ENGINE=MyISAM DEFAULT CHARSET=utf8;

--
-- 转存表中的数据 `toc_categories_ratings`
--

INSERT INTO `toc_categories_ratings` (`categories_id`, `ratings_id`) VALUES
(2, 1),
(2, 2);

-- --------------------------------------------------------

--
-- 表的结构 `toc_configuration`
--

CREATE TABLE IF NOT EXISTS `toc_configuration` (
  `configuration_id` int(11) NOT NULL AUTO_INCREMENT,
  `configuration_title` varchar(64) NOT NULL,
  `configuration_key` varchar(64) NOT NULL,
  `configuration_value` varchar(1024) NOT NULL,
  `configuration_description` varchar(255) NOT NULL,
  `configuration_group_id` int(11) NOT NULL,
  `sort_order` int(5) DEFAULT NULL,
  `last_modified` datetime DEFAULT NULL,
  `date_added` datetime NOT NULL,
  `use_function` varchar(255) DEFAULT NULL,
  `set_function` varchar(255) DEFAULT NULL,
  PRIMARY KEY (`configuration_id`)
) ENGINE=MyISAM  DEFAULT CHARSET=utf8 AUTO_INCREMENT=350 ;

--
-- 转存表中的数据 `toc_configuration`
--

INSERT INTO `toc_configuration` (`configuration_id`, `configuration_title`, `configuration_key`, `configuration_value`, `configuration_description`, `configuration_group_id`, `sort_order`, `last_modified`, `date_added`, `use_function`, `set_function`) VALUES
(1, 'Store Name', 'STORE_NAME', 'TomatoCart Demo Store', 'The name of my store', 1, 1, '2011-08-31 09:19:30', '2011-08-31 09:16:23', NULL, NULL),
(2, 'Store Owner', 'STORE_OWNER', 'TomatoCart', 'The name of my store owner', 1, 2, '2011-08-31 09:19:30', '2011-08-31 09:16:23', NULL, NULL),
(3, 'E-Mail Address', 'STORE_OWNER_EMAIL_ADDRESS', 'info@tomatocart.com', 'The e-mail address of my store owner', 1, 3, '2011-08-31 09:19:30', '2011-08-31 09:16:23', NULL, NULL),
(4, 'E-Mail From', 'EMAIL_FROM', '"TomatoCart" <info@tomatocart.com>', 'The e-mail address used in (sent) e-mails', 1, 4, '2011-08-31 09:19:30', '2011-08-31 09:16:23', NULL, NULL),
(5, 'Country', 'STORE_COUNTRY', '223', 'The country my store is located in <br><br><b>Note: Please remember to update the store zone.</b>', 1, 6, '2011-08-31 09:19:30', '2011-08-31 09:16:23', 'TOC_Address::get_country_name', 'cfg_set_countries_pulldown_menu'),
(6, 'Zone', 'STORE_ZONE', '4026', 'The zone my store is located in', 1, 7, '2011-08-31 09:19:30', '2011-08-31 09:16:23', 'TOC_Address::get_zone_name', 'cfg_set_zones_pulldown_menu'),
(7, 'Send Extra Order Emails To', 'SEND_EXTRA_ORDER_EMAILS_TO', '', 'Send extra order emails to the following email addresses, in this format: Name 1 &lt;email@address1&gt;, Name 2 &lt;email@address2&gt;', 1, 11, '2011-08-31 09:19:30', '2011-08-31 09:16:23', NULL, NULL),
(8, 'Allow Guest To Tell A Friend', 'ALLOW_GUEST_TO_TELL_A_FRIEND', '-1', 'Allow guests to tell a friend about a product', 1, 15, NULL, '2011-08-31 09:16:23', 'cfg_use_get_boolean_value', 'cfg_set_boolean_value(array(1, -1))'),
(9, 'Store Address and Phone', 'STORE_NAME_ADDRESS', 'Store Name\nAddress\nCountry\nPhone', 'This is the Store Name, Address and Phone used on printable documents and displayed online', 1, 18, '2011-08-31 09:19:30', '2011-08-31 09:16:23', NULL, 'cfg_set_textarea_field'),
(10, 'Tax Decimal Places', 'TAX_DECIMAL_PLACES', '0', 'Pad the tax value this amount of decimal places', 1, 20, '2011-08-31 09:19:30', '2011-08-31 09:16:23', NULL, NULL),
(11, 'Display Prices with Tax', 'DISPLAY_PRICE_WITH_TAX', '1', 'Display prices with tax included (true) or add the tax at the end (false)', 1, 21, NULL, '2011-08-31 09:16:23', 'cfg_use_get_boolean_value', 'cfg_set_boolean_value(array(1, -1))'),
(12, 'Invoice Start Number', 'INVOICE_START_NUMBER', '10000', 'Invoices would be numbered according to the starting number + increment value per Step 1.', 1, 22, '2011-08-31 09:19:30', '2011-08-31 09:16:23', NULL, NULL),
(13, 'Maintenance mode', 'MAINTENANCE_MODE', '-1', 'Maintenance Mode', 1, 23, NULL, '2011-08-31 09:16:23', 'cfg_use_get_boolean_value', 'cfg_set_boolean_value(array(1, -1))'),
(14, 'Use TinyMCE Editor', 'USE_WYSIWYG_TINYMCE_EDITOR', '-1', 'Use TinyMCE Editor', 1, 24, NULL, '2011-08-31 09:16:23', 'cfg_use_get_boolean_value', 'cfg_set_boolean_value(array(1, -1))'),
(15, 'Credit Card Owner Name', 'CC_OWNER_MIN_LENGTH', '3', 'Minimum length of credit card owner name', 2, 12, NULL, '2011-08-31 09:16:23', NULL, NULL),
(16, 'Credit Card Number', 'CC_NUMBER_MIN_LENGTH', '10', 'Minimum length of credit card number', 2, 13, NULL, '2011-08-31 09:16:23', NULL, NULL),
(17, 'Review Text', 'REVIEW_TEXT_MIN_LENGTH', '50', 'Minimum length of review text', 2, 14, NULL, '2011-08-31 09:16:23', NULL, NULL),
(18, 'Address Book Entries', 'MAX_ADDRESS_BOOK_ENTRIES', '100', 'Maximum address book entries a customer is allowed to have', 3, 1, NULL, '2011-08-31 09:16:23', NULL, NULL),
(19, 'Search Results', 'MAX_DISPLAY_SEARCH_RESULTS', '4', 'Amount of products to list', 3, 2, NULL, '2011-08-31 09:16:23', NULL, NULL),
(20, 'Categories To List Per Row', 'MAX_DISPLAY_CATEGORIES_PER_ROW', '2', 'How many categories to list per row', 3, 13, NULL, '2011-08-31 09:16:23', NULL, NULL),
(21, 'New Products Listing', 'MAX_DISPLAY_PRODUCTS_NEW', '10', 'Maximum number of new products to display in new products page', 3, 14, NULL, '2011-08-31 09:16:23', NULL, NULL),
(22, 'Order History', 'MAX_DISPLAY_ORDER_HISTORY', '10', 'Maximum number of orders to display in the order history page', 3, 18, NULL, '2011-08-31 09:16:23', NULL, NULL),
(23, 'Heading Image Width', 'HEADING_IMAGE_WIDTH', '57', 'The pixel width of heading images', 4, 3, NULL, '2011-08-31 09:16:23', NULL, NULL),
(24, 'Heading Image Height', 'HEADING_IMAGE_HEIGHT', '40', 'The pixel height of heading images', 4, 4, NULL, '2011-08-31 09:16:23', NULL, NULL),
(25, 'Image Required', 'IMAGE_REQUIRED', '1', 'Enable to display broken images. Good for development.', 4, 8, NULL, '2011-08-31 09:16:23', 'cfg_use_get_boolean_value', 'cfg_set_boolean_value(array(1, -1))'),
(26, 'Gender', 'ACCOUNT_GENDER', '1', 'Ask for or require the customers gender.', 5, 10, NULL, '2011-08-31 09:16:23', 'cfg_use_get_boolean_value', 'cfg_set_boolean_value(array(1, 0, -1))'),
(27, 'First Name', 'ACCOUNT_FIRST_NAME', '2', 'Minimum requirement for the customers first name.', 5, 11, NULL, '2011-08-31 09:16:23', NULL, 'cfg_set_boolean_value(array(''1'', ''2'', ''3'', ''4'', ''5'', ''6'', ''7'', ''8'', ''9'', ''10''))'),
(28, 'Last Name', 'ACCOUNT_LAST_NAME', '2', 'Minimum requirement for the customers last name.', 5, 12, NULL, '2011-08-31 09:16:23', NULL, 'cfg_set_boolean_value(array(''1'', ''2'', ''3'', ''4'', ''5'', ''6'', ''7'', ''8'', ''9'', ''10''))'),
(29, 'Date Of Birth', 'ACCOUNT_DATE_OF_BIRTH', '1', 'Ask for the customers date of birth.', 5, 13, NULL, '2011-08-31 09:16:23', 'cfg_use_get_boolean_value', 'cfg_set_boolean_value(array(1, -1))'),
(30, 'E-Mail Address', 'ACCOUNT_EMAIL_ADDRESS', '6', 'Minimum requirement for the customers e-mail address.', 5, 14, NULL, '2011-08-31 09:16:23', NULL, 'cfg_set_boolean_value(array(''1'', ''2'', ''3'', ''4'', ''5'', ''6'', ''7'', ''8'', ''9'', ''10''))'),
(31, 'Password', 'ACCOUNT_PASSWORD', '5', 'Minimum requirement for the customers password.', 5, 15, NULL, '2011-08-31 09:16:23', NULL, 'cfg_set_boolean_value(array(''1'', ''2'', ''3'', ''4'', ''5'', ''6'', ''7'', ''8'', ''9'', ''10''))'),
(32, 'Newsletter', 'ACCOUNT_NEWSLETTER', '1', 'Ask for a newsletter subscription.', 5, 16, NULL, '2011-08-31 09:16:23', 'cfg_use_get_boolean_value', 'cfg_set_boolean_value(array(1, -1))'),
(33, 'Company Name', 'ACCOUNT_COMPANY', '0', 'Ask for or require the customers company name.', 5, 17, NULL, '2011-08-31 09:16:23', 'cfg_use_get_boolean_value', 'cfg_set_boolean_value(array(''10'', ''9'', ''8'', ''7'', ''6'', ''5'', ''4'', ''3'', ''2'', ''1'', 0, -1))'),
(34, 'Street Address', 'ACCOUNT_STREET_ADDRESS', '5', 'Minimum requirement for the customers street address.', 5, 18, NULL, '2011-08-31 09:16:23', NULL, 'cfg_set_boolean_value(array(''1'', ''2'', ''3'', ''4'', ''5'', ''6'', ''7'', ''8'', ''9'', ''10''))'),
(35, 'Suburb', 'ACCOUNT_SUBURB', '0', 'Ask for or require the customers suburb.', 5, 19, NULL, '2011-08-31 09:16:23', 'cfg_use_get_boolean_value', 'cfg_set_boolean_value(array(''10'', ''9'', ''8'', ''7'', ''6'', ''5'', ''4'', ''3'', ''2'', ''1'', 0, -1))'),
(36, 'Post Code', 'ACCOUNT_POST_CODE', '0', 'Minimum requirement for the customers post code.', 5, 20, NULL, '2011-08-31 09:16:23', 'cfg_use_get_boolean_value', 'cfg_set_boolean_value(array(-1, 0, ''1'', ''2'', ''3'', ''4'', ''5'', ''6'', ''7'', ''8'', ''9'', ''10''))'),
(37, 'City', 'ACCOUNT_CITY', '4', 'Minimum requirement for the customers city.', 5, 21, NULL, '2011-08-31 09:16:23', NULL, 'cfg_set_boolean_value(array(''1'', ''2'', ''3'', ''4'', ''5'', ''6'', ''7'', ''8'', ''9'', ''10''))'),
(38, 'State', 'ACCOUNT_STATE', '2', 'Ask for or require the customers state.', 5, 22, NULL, '2011-08-31 09:16:23', 'cfg_use_get_boolean_value', 'cfg_set_boolean_value(array(''10'', ''9'', ''8'', ''7'', ''6'', ''5'', ''4'', ''3'', ''2'', ''1'', 0, -1))'),
(39, 'Country', 'ACCOUNT_COUNTRY', '1', 'Ask for the customers country.', 5, 23, NULL, '2011-08-31 09:16:23', 'cfg_use_get_boolean_value', 'cfg_set_boolean_value(array(1))'),
(40, 'Telephone Number', 'ACCOUNT_TELEPHONE', '3', 'Ask for or require the customers telephone number.', 5, 24, NULL, '2011-08-31 09:16:23', 'cfg_use_get_boolean_value', 'cfg_set_boolean_value(array(''10'', ''9'', ''8'', ''7'', ''6'', ''5'', ''4'', ''3'', ''2'', ''1'', 0, -1))'),
(41, 'Fax Number', 'ACCOUNT_FAX', '0', 'Ask for or require the customers fax number.', 5, 25, NULL, '2011-08-31 09:16:23', 'cfg_use_get_boolean_value', 'cfg_set_boolean_value(array(''10'', ''9'', ''8'', ''7'', ''6'', ''5'', ''4'', ''3'', ''2'', ''1'', 0, -1))'),
(42, 'Default Currency', 'DEFAULT_CURRENCY', 'USD', 'Default Currency', 6, 0, NULL, '2011-08-31 09:16:23', NULL, NULL),
(43, 'Default Language', 'DEFAULT_LANGUAGE', 'en_US', 'Default Language', 6, 0, NULL, '2011-08-31 09:16:23', NULL, NULL),
(44, 'Default Order Status For New Orders', 'DEFAULT_ORDERS_STATUS_ID', '1', 'When a new order is created, this order status will be assigned to it.', 6, 0, NULL, '2011-08-31 09:16:23', NULL, NULL),
(45, 'Default Image Group', 'DEFAULT_IMAGE_GROUP_ID', '2', 'Default image group.', 6, 0, NULL, '2011-08-31 09:16:23', NULL, NULL),
(46, 'Default Template', 'DEFAULT_TEMPLATE', 'default', 'TomatoCart Glass Gray', 6, 0, NULL, '2011-08-31 09:16:23', NULL, NULL),
(47, 'Country of Origin', 'SHIPPING_ORIGIN_COUNTRY', '223', 'Select the country of origin to be used in shipping quotes.', 7, 1, '2011-08-31 09:19:30', '2011-08-31 09:16:23', 'TOC_Address::get_country_name', 'cfg_set_countries_pulldown_menu'),
(48, 'Postal Code', 'SHIPPING_ORIGIN_ZIP', 'NONE', 'Enter the Postal Code (ZIP) of the Store to be used in shipping quotes.', 7, 2, '2011-08-31 09:19:30', '2011-08-31 09:16:23', NULL, NULL),
(49, 'Enter the Maximum Package Weight you will ship', 'SHIPPING_MAX_WEIGHT', '50', 'Carriers have a max weight limit for a single package. This is a common one for all.', 7, 3, '2011-08-31 09:19:30', '2011-08-31 09:16:23', NULL, NULL),
(50, 'Package Tare weight.', 'SHIPPING_BOX_WEIGHT', '3', 'What is the weight of typical packaging of small to medium packages?', 7, 4, '2011-08-31 09:19:30', '2011-08-31 09:16:23', NULL, NULL),
(51, 'Larger packages - percentage increase.', 'SHIPPING_BOX_PADDING', '10', 'For 10% enter 10', 7, 5, '2011-08-31 09:19:30', '2011-08-31 09:16:23', NULL, NULL),
(52, 'Default Shipping Unit', 'SHIPPING_WEIGHT_UNIT', '2', 'Select the unit of weight to be used for shipping.', 7, 6, '2011-08-31 09:19:30', '2011-08-31 09:16:23', 'TOC_Weight::getTitle', 'cfg_set_weight_classes_pulldown_menu'),
(53, 'Default Unit Class', 'DEFAULT_UNIT_CLASSES', '1', 'Default Unit Class', 6, 0, NULL, '2011-08-31 09:16:23', NULL, NULL),
(54, 'Display Product Image', 'PRODUCT_LIST_IMAGE', '1', 'Do you want to display the Product Image?', 8, 1, NULL, '2011-08-31 09:16:23', NULL, NULL),
(55, 'Display Product Manufaturer Name', 'PRODUCT_LIST_MANUFACTURER', '0', 'Do you want to display the Product Manufacturer Name?', 8, 2, NULL, '2011-08-31 09:16:23', NULL, NULL),
(56, 'Display Product SKU', 'PRODUCT_LIST_SKU', '0', 'Do you want to display the Product SKU?', 8, 3, NULL, '2011-08-31 09:16:23', NULL, NULL),
(57, 'Display Product Name', 'PRODUCT_LIST_NAME', '2', 'Do you want to display the Product Name?', 8, 4, NULL, '2011-08-31 09:16:23', NULL, NULL),
(58, 'Display Product Price', 'PRODUCT_LIST_PRICE', '3', 'Do you want to display the Product Price', 8, 5, NULL, '2011-08-31 09:16:23', NULL, NULL),
(59, 'Display Product Quantity', 'PRODUCT_LIST_QUANTITY', '0', 'Do you want to display the Product Quantity?', 8, 6, NULL, '2011-08-31 09:16:23', NULL, NULL),
(60, 'Display Product Weight', 'PRODUCT_LIST_WEIGHT', '0', 'Do you want to display the Product Weight?', 8, 7, NULL, '2011-08-31 09:16:23', NULL, NULL),
(61, 'Display Buy Now column', 'PRODUCT_LIST_BUY_NOW', '4', 'Do you want to display the Buy Now column?', 8, 8, NULL, '2011-08-31 09:16:23', NULL, NULL),
(62, 'Display Category/Manufacturer Filter', 'PRODUCT_LIST_FILTER', '1', 'Do you want to display the Category/Manufacturer Filter?', 8, 9, NULL, '2011-08-31 09:16:23', 'cfg_use_get_boolean_value', 'cfg_set_boolean_value(array(1, -1))'),
(63, 'Location of Prev/Next Navigation Bar (1-top, 2-bottom, 3-both)', 'PREV_NEXT_BAR_LOCATION', '2', 'Sets the location of the Prev/Next Navigation Bar (1-top, 2-bottom, 3-both)', 8, 10, NULL, '2011-08-31 09:16:23', NULL, NULL),
(64, 'Check stock level', 'STOCK_CHECK', '1', 'Check to see if sufficent stock is available', 9, 1, NULL, '2011-08-31 09:16:23', 'cfg_use_get_boolean_value', 'cfg_set_boolean_value(array(1, -1))'),
(65, 'Subtract stock', 'STOCK_LIMITED', '1', 'Subtract product in stock by product orders', 9, 2, NULL, '2011-08-31 09:16:23', 'cfg_use_get_boolean_value', 'cfg_set_boolean_value(array(1, -1))'),
(66, 'Allow Checkout', 'STOCK_ALLOW_CHECKOUT', '1', 'Allow customer to checkout even if there is insufficient stock', 9, 3, NULL, '2011-08-31 09:16:23', 'cfg_use_get_boolean_value', 'cfg_set_boolean_value(array(1, -1))'),
(67, 'Mark product out of stock', 'STOCK_MARK_PRODUCT_OUT_OF_STOCK', '***', 'Display something on screen so customer can see which product has insufficient stock', 9, 4, NULL, '2011-08-31 09:16:23', NULL, NULL),
(68, 'Stock Re-order level', 'STOCK_REORDER_LEVEL', '5', 'Define when stock needs to be re-ordered', 9, 5, NULL, '2011-08-31 09:16:23', NULL, NULL),
(69, 'Out of stock email alerts', 'STOCK_EMAIL_ALERT', '1', 'Define send a email to administrator  if out of stock', 9, 6, NULL, '2011-08-31 09:16:23', 'cfg_use_get_boolean_value', 'cfg_set_boolean_value(array(1, -1))'),
(70, 'Display Product Quantity', 'PRODUCT_INFO_QUANTITY', '1', 'Do you want to display the Product Quantity?', 10, 1, NULL, '2011-08-31 09:16:23', 'cfg_use_get_boolean_value', 'cfg_set_boolean_value(array(1, -1))'),
(71, 'Display Product Minimum Order Quantity', 'PRODUCT_INFO_MOQ', '-1', 'Do you want to display the Product Minimum Order Quantity?', 10, 2, NULL, '2011-08-31 09:16:23', 'cfg_use_get_boolean_value', 'cfg_set_boolean_value(array(1, -1))'),
(72, 'Display Product Order Increment', 'PRODUCT_INFO_ORDER_INCREMENT', '-1', 'Do you want to display the Order Increment?', 10, 3, NULL, '2011-08-31 09:16:23', 'cfg_use_get_boolean_value', 'cfg_set_boolean_value(array(1, -1))'),
(73, 'Allow gift certificate return', 'ALLOW_GIFT_CERTIFICATE_RETURN', '-1', 'Do you want to allow customer return gift certificates?', 11, 3, NULL, '2011-08-31 09:16:23', 'cfg_use_get_boolean_value', 'cfg_set_boolean_value(array(1, -1))'),
(74, 'Allow downloadable return', 'ALLOW_DOWNLOADABLE_RETURN', '-1', 'Do you want to allow customer return downloadable products?', 11, 4, NULL, '2011-08-31 09:16:23', 'cfg_use_get_boolean_value', 'cfg_set_boolean_value(array(1, -1))'),
(75, 'Allow return request', 'ALLOW_RETURN_REQUEST', '1', 'Do you want to allow customer return product?', 11, 5, NULL, '2011-08-31 09:16:23', 'cfg_use_get_boolean_value', 'cfg_set_boolean_value(array(1, -1))'),
(76, 'Download by redirect', 'DOWNLOAD_BY_REDIRECT', '-1', 'Use browser redirection for download. Disable on non-Unix systems.', 11, 1, NULL, '2011-08-31 09:16:23', 'cfg_use_get_boolean_value', 'cfg_set_boolean_value(array(1, -1))'),
(77, 'E-Mail Transport Method', 'EMAIL_TRANSPORT', 'sendmail', 'Defines if this server uses a local connection to sendmail or uses an SMTP connection via TCP/IP. Servers running on Windows and MacOS should change this setting to SMTP.', 12, 1, '2011-08-31 09:19:30', '2011-08-31 09:16:23', NULL, 'cfg_set_boolean_value(array(''sendmail'', ''smtp''))'),
(78, 'E-Mail Linefeeds', 'EMAIL_LINEFEED', 'LF', 'Defines the character sequence used to separate mail headers.', 12, 2, NULL, '2011-08-31 09:16:23', NULL, 'cfg_set_boolean_value(array(''LF'', ''CRLF''))'),
(79, 'SMTP Server', 'SMTP_HOST', '', 'The SMTP E-Mail Server', 12, 3, NULL, '2011-08-31 09:16:23', NULL, NULL),
(80, 'SMTP Server Port', 'SMTP_PORT', '25', 'The SMTP E-Mail Server', 12, 4, NULL, '2011-08-31 09:16:23', NULL, NULL),
(81, 'SMTP Username', 'SMTP_USERNAME', '', 'SMTP Username', 12, 5, NULL, '2011-08-31 09:16:23', NULL, NULL),
(82, 'SMTP Password', 'SMTP_PASSWORD', '', 'SMTP Password', 12, 6, NULL, '2011-08-31 09:16:23', NULL, NULL),
(83, 'Use MIME HTML When Sending Emails', 'EMAIL_USE_HTML', '-1', 'Send e-mails in HTML format', 12, 7, NULL, '2011-08-31 09:16:23', 'cfg_use_get_boolean_value', 'cfg_set_boolean_value(array(1, -1))'),
(84, 'Enable SSL Connection', 'EMAIL_SSL', '1', 'Connect the smtp server with ssl connection', 12, 8, NULL, '2011-08-31 09:16:23', 'cfg_use_get_boolean_value', 'cfg_set_boolean_value(array(1, -1))'),
(85, 'Send E-Mails', 'SEND_EMAILS', 'True', 'Send out e-mails', 12, 9, '2011-08-31 09:19:30', '2011-08-31 09:16:23', 'cfg_use_get_boolean_value', 'cfg_set_boolean_value(array(1, -1))'),
(86, 'Confirm Terms and Conditions During Checkout Procedure', 'DISPLAY_CONDITIONS_ON_CHECKOUT', '-1', 'Show the Terms and Conditions during the checkout procedure which the customer must agree to.', 16, 1, NULL, '2011-08-31 09:16:23', 'cfg_use_get_boolean_value', 'cfg_set_boolean_value(array(1, -1))'),
(87, 'Confirm Privacy Notice During Account Creation Procedure', 'DISPLAY_PRIVACY_CONDITIONS', '1', 'Show the Privacy Notice during the account creation procedure which the customer must agree to.', 16, 2, NULL, '2011-08-31 09:16:23', 'cfg_use_get_boolean_value', 'cfg_set_boolean_value(array(1, -1))'),
(88, 'Verify With Regular Expressions', 'CFG_CREDIT_CARDS_VERIFY_WITH_REGEXP', '1', 'Verify credit card numbers with server-side regular expression patterns.', 17, 0, NULL, '2011-08-31 09:16:23', 'cfg_use_get_boolean_value', 'cfg_set_boolean_value(array(1, -1))'),
(89, 'Verify With Javascript', 'CFG_CREDIT_CARDS_VERIFY_WITH_JS', '1', 'Verify credit card numbers with javascript based regular expression patterns.', 17, 1, NULL, '2011-08-31 09:16:23', 'cfg_use_get_boolean_value', 'cfg_set_boolean_value(array(1, -1))'),
(90, 'GZIP', 'CFG_APP_GZIP', '', 'The program location to gzip.', 18, 1, NULL, '2011-08-31 09:16:23', NULL, NULL),
(91, 'GUNZIP', 'CFG_APP_GUNZIP', '', 'The program location to gunzip.', 18, 2, NULL, '2011-08-31 09:16:23', NULL, NULL),
(92, 'ZIP', 'CFG_APP_ZIP', '', 'The program location to zip.', 18, 3, NULL, '2011-08-31 09:16:23', NULL, NULL),
(93, 'UNZIP', 'CFG_APP_UNZIP', '', 'The program location to unzip.', 18, 4, NULL, '2011-08-31 09:16:23', NULL, NULL),
(94, 'cURL', 'CFG_APP_CURL', '', 'The program location to cURL.', 18, 5, NULL, '2011-08-31 09:16:23', NULL, NULL),
(95, 'Activate Captcha', 'ACTIVATE_CAPTCHA', '1', 'active captcha for contact us page and guest book', 19, 1, NULL, '2011-08-31 09:16:23', 'cfg_use_get_boolean_value', 'cfg_set_boolean_value(array(1, -1))'),
(96, 'Disallow more than one vote from the same IP address', 'DISALLOW_MORE_THAN_ONE_VOTE', '1', 'Disallow more than one vote from the same IP address', 19, 2, NULL, '2011-08-31 09:16:23', 'cfg_use_get_boolean_value', 'cfg_set_boolean_value(array(1, -1))'),
(97, 'Minimum List Size', 'BOX_BEST_SELLERS_MIN_LIST', '3', 'Minimum amount of products that must be shown in the listing', 6, 0, NULL, '2011-08-31 09:16:25', NULL, NULL),
(98, 'Maximum List Size', 'BOX_BEST_SELLERS_MAX_LIST', '10', 'Maximum amount of products to show in the listing', 6, 0, NULL, '2011-08-31 09:16:25', NULL, NULL),
(99, 'Cache Contents', 'BOX_BEST_SELLERS_CACHE', '60', 'Number of minutes to keep the contents cached (0 = no cache)', 6, 0, NULL, '2011-08-31 09:16:25', NULL, NULL),
(100, 'Show Product Count', 'BOX_CATEGORIES_SHOW_PRODUCT_COUNT', '1', 'Show the amount of products each category has', 6, 0, NULL, '2011-08-31 09:16:25', 'cfg_use_get_boolean_value', 'cfg_set_boolean_value(array(1, -1))'),
(101, 'Display Drop Down Menu', 'BOX_CATEGORIES_DISPLAY_DROP_DOWN_MENU', '1', 'Use MenuMatic to display drop down menu', 6, 1, NULL, '2011-08-31 09:16:25', 'cfg_use_get_boolean_value', 'cfg_set_boolean_value(array(1, -1))'),
(102, 'Drop Down Menu Effect', 'BOX_CATEGORIES_DROP_DOWN_MENU_EFFECT', 'slide & fade', 'Drop Down Menu Effect', 6, 2, NULL, '2011-08-31 09:16:25', 'cfg_use_get_boolean_value', 'cfg_set_boolean_value(array(''fade'', ''slide'', ''slide & fade''))'),
(103, 'Drop Down Menu Duration', 'BOX_CATEGORIES_DROP_DOWN_MENU_DURATION', '600', 'Drop Down Menu Duration', 6, 3, NULL, '2011-08-31 09:16:25', NULL, NULL),
(104, 'Manufacturers List Type', 'BOX_MANUFACTURERS_LIST_TYPE', 'Image List', 'The type of the manufacturers list(ComboBox, Image List).', 6, 0, NULL, '2011-08-31 09:16:25', NULL, 'cfg_set_boolean_value(array(''ComboBox'', ''Image List''))'),
(105, 'Manufacturers List Size', 'BOX_MANUFACTURERS_LIST_SIZE', '1', 'The size of the manufacturers pull down menu listing.', 6, 0, NULL, '2011-08-31 09:16:25', NULL, NULL),
(106, 'Maximum List Size', 'BOX_ORDER_HISTORY_MAX_LIST', '5', 'Maximum amount of products to show in the listing', 6, 0, NULL, '2011-08-31 09:16:25', NULL, NULL),
(107, 'Random Review Selection', 'BOX_REVIEWS_RANDOM_SELECT', '10', 'Select a random review from this amount of the newest reviews available', 6, 0, NULL, '2011-08-31 09:16:25', NULL, NULL),
(108, 'Cache Contents', 'BOX_REVIEWS_CACHE', '1', 'Number of minutes to keep the contents cached (0 = no cache)', 6, 0, NULL, '2011-08-31 09:16:25', NULL, NULL),
(109, 'Random Product Specials Selection', 'BOX_SPECIALS_RANDOM_SELECT', '10', 'Select a random product on special from this amount of the newest products on specials available', 6, 0, NULL, '2011-08-31 09:16:25', NULL, NULL),
(110, 'Cache Contents', 'BOX_SPECIALS_CACHE', '1', 'Number of minutes to keep the contents cached (0 = no cache)', 6, 0, NULL, '2011-08-31 09:16:25', NULL, NULL),
(111, 'Random New Product Selection', 'BOX_WHATS_NEW_RANDOM_SELECT', '10', 'Select a random new product from this amount of the newest products available', 6, 0, NULL, '2011-08-31 09:16:25', NULL, NULL),
(112, 'Cache Contents', 'BOX_WHATS_NEW_CACHE', '1', 'Number of minutes to keep the contents cached (0 = no cache)', 6, 0, NULL, '2011-08-31 09:16:25', NULL, NULL),
(113, 'Maximum Entries To Display', 'MODULE_CONTENT_NEW_PRODUCTS_MAX_DISPLAY', '9', 'Maximum number of new products to display', 6, 0, NULL, '2011-08-31 09:16:25', NULL, NULL),
(114, 'Cache Contents', 'MODULE_CONTENT_NEW_PRODUCTS_CACHE', '60', 'Number of minutes to keep the contents cached (0 = no cache)', 6, 0, NULL, '2011-08-31 09:16:25', NULL, NULL),
(115, 'Minimum Entries To Display', 'MODULE_CONTENT_ALSO_PURCHASED_MIN_DISPLAY', '1', 'Minimum number of also purchased products to display', 6, 0, NULL, '2011-08-31 09:16:25', NULL, NULL),
(116, 'Maximum Entries To Display', 'MODULE_CONTENT_ALSO_PURCHASED_MAX_DISPLAY', '6', 'Maximum number of also purchased products to display', 6, 0, NULL, '2011-08-31 09:16:25', NULL, NULL),
(117, 'Cache Contents', 'MODULE_CONTENT_ALSO_PURCHASED_PRODUCTS_CACHE', '60', 'Number of minutes to keep the contents cached (0 = no cache)', 6, 0, NULL, '2011-08-31 09:16:25', NULL, NULL),
(118, 'Maximum Entries To Display', 'MODULE_CONTENT_UPCOMING_PRODUCTS_MAX_DISPLAY', '10', 'Maximum number of upcoming products to display', 6, 0, NULL, '2011-08-31 09:16:25', NULL, NULL),
(119, 'Cache Contents', 'MODULE_CONTENT_UPCOMING_PRODUCTS_CACHE', '1440', 'Number of minutes to keep the contents cached (0 = no cache)', 6, 0, NULL, '2011-08-31 09:16:25', NULL, NULL),
(120, 'Maximum Entries To Display', 'MODULE_CONTENT_FEATURE_PRODUCTS_MAX_DISPLAY', '9', 'Maximum number of new products to display', 6, 0, NULL, '2011-08-31 09:16:25', NULL, NULL),
(121, 'GZIP Compression Level', 'SERVICE_OUTPUT_COMPRESSION_GZIP_LEVEL', '5', 'Set the GZIP compression level to this value (0=min, 9=max).', 6, 0, NULL, '2011-08-31 09:16:31', NULL, 'cfg_set_boolean_value(array(''0'', ''1'', ''2'', ''3'', ''4'', ''5'', ''6'', ''7'', ''8'', ''9''))'),
(122, 'Force Cookie Usage', 'SERVICE_SESSION_FORCE_COOKIE_USAGE', '-1', 'Only start a session when cookies are enabled.', 6, 0, NULL, '2011-08-31 09:16:31', 'cfg_use_get_boolean_value', 'ocfg_set_boolean_value(array(1, -1))'),
(123, 'Block Search Engine Spiders', 'SERVICE_SESSION_BLOCK_SPIDERS', '-1', 'Block search engine spider robots from starting a session.', 6, 0, NULL, '2011-08-31 09:16:31', 'osc_cfg_use_get_boolean_value', 'osc_cfg_set_boolean_value(array(1, -1))'),
(124, 'Check SSL Session ID', 'SERVICE_SESSION_CHECK_SSL_SESSION_ID', '-1', 'Check the SSL_SESSION_ID on every secure HTTPS page request.', 6, 0, NULL, '2011-08-31 09:16:31', 'osc_cfg_use_get_boolean_value', 'osc_cfg_set_boolean_value(array(1, -1))'),
(125, 'Check User Agent', 'SERVICE_SESSION_CHECK_USER_AGENT', '-1', 'Check the browser user agent on every page request.', 6, 0, NULL, '2011-08-31 09:16:31', 'osc_cfg_use_get_boolean_value', 'osc_cfg_set_boolean_value(array(1, -1))'),
(126, 'Check IP Address', 'SERVICE_SESSION_CHECK_IP_ADDRESS', '-1', 'Check the IP address on every page request.', 6, 0, NULL, '2011-08-31 09:16:31', 'osc_cfg_use_get_boolean_value', 'osc_cfg_set_boolean_value(array(1, -1))'),
(127, 'Regenerate Session ID', 'SERVICE_SESSION_REGENERATE_ID', '-1', 'Regenerate the session ID when a customer logs on or creates an account (requires PHP >= 4.1).', 6, 0, NULL, '2011-08-31 09:16:31', 'osc_cfg_use_get_boolean_value', 'osc_cfg_set_boolean_value(array(1, -1))'),
(128, 'Use Default Language Currency', 'USE_DEFAULT_LANGUAGE_CURRENCY', '-1', 'Automatically use the currency set with the language (eg, German->Euro).', 6, 0, NULL, '2011-08-31 09:16:31', 'osc_cfg_use_get_boolean_value', 'osc_cfg_set_boolean_value(array(1, -1))'),
(129, 'Calculate Number Of Products In Each Category', 'SERVICES_CATEGORY_PATH_CALCULATE_PRODUCT_COUNT', '1', 'Recursively calculate how many products are in each category.', 6, 0, NULL, '2011-08-31 09:16:31', 'osc_cfg_use_get_boolean_value', 'osc_cfg_set_boolean_value(array(1, -1))'),
(130, 'Detect Search Engine Spider Robots', 'SERVICE_WHOS_ONLINE_SPIDER_DETECTION', '1', 'Detect search engine spider robots (GoogleBot, Yahoo, etc).', 6, 0, NULL, '2011-08-31 09:16:31', 'osc_cfg_use_get_boolean_value', 'osc_cfg_set_boolean_value(array(1, -1))'),
(131, 'Special Products', 'MAX_DISPLAY_SPECIAL_PRODUCTS', '9', 'Maximum number of products on special to display', 6, 0, NULL, '2011-08-31 09:16:31', NULL, NULL),
(132, 'New Reviews', 'MAX_DISPLAY_NEW_REVIEWS', '6', 'Maximum number of new reviews to display', 6, 0, NULL, '2011-08-31 09:16:31', NULL, NULL),
(133, 'Review Level', 'SERVICE_REVIEW_ENABLE_REVIEWS', '1', 'Customer level required to write a review.', 6, 0, NULL, '2011-08-31 09:16:31', NULL, 'osc_cfg_set_boolean_value(array(''0'', ''1'', ''2''))'),
(134, 'Moderate Reviews', 'SERVICE_REVIEW_ENABLE_MODERATION', '-1', 'Should reviews be approved by store admin.', 6, 0, NULL, '2011-08-31 09:16:31', NULL, 'osc_cfg_set_boolean_value(array(''-1'', ''0'', ''1''))'),
(135, 'Display latest products', 'SERVICE_RECENTLY_VISITED_SHOW_PRODUCTS', '1', 'Display recently visited products.', 6, 0, NULL, '2011-08-31 09:16:31', 'osc_cfg_use_get_boolean_value', 'osc_cfg_set_boolean_value(array(1, -1))'),
(136, 'Display product images', 'SERVICE_RECENTLY_VISITED_SHOW_PRODUCT_IMAGES', '1', 'Display the product image.', 6, 0, NULL, '2011-08-31 09:16:31', 'osc_cfg_use_get_boolean_value', 'osc_cfg_set_boolean_value(array(1, -1))'),
(137, 'Display product prices', 'SERVICE_RECENTLY_VISITED_SHOW_PRODUCT_PRICES', '1', 'Display the products price.', 6, 0, NULL, '2011-08-31 09:16:31', 'osc_cfg_use_get_boolean_value', 'osc_cfg_set_boolean_value(array(1, -1))'),
(138, 'Maximum products to show', 'SERVICE_RECENTLY_VISITED_MAX_PRODUCTS', '5', 'Maximum number of recently visited products to show', 6, 0, NULL, '2011-08-31 09:16:31', NULL, NULL),
(139, 'Display latest categories', 'SERVICE_RECENTLY_VISITED_SHOW_CATEGORIES', '1', 'Display recently visited categories.', 6, 0, NULL, '2011-08-31 09:16:31', 'osc_cfg_use_get_boolean_value', 'osc_cfg_set_boolean_value(array(1, -1))'),
(140, 'Maximum categories to show', 'SERVICE_RECENTLY_VISITED_MAX_CATEGORIES', '3', 'Mazimum number of recently visited categories to show', 6, 0, NULL, '2011-08-31 09:16:31', NULL, NULL),
(141, 'Display latest searches', 'SERVICE_RECENTLY_VISITED_SHOW_SEARCHES', '1', 'Show recent searches.', 6, 0, NULL, '2011-08-31 09:16:31', 'osc_cfg_use_get_boolean_value', 'osc_cfg_set_boolean_value(array(1, -1))'),
(142, 'Maximum searches to show', 'SERVICE_RECENTLY_VISITED_MAX_SEARCHES', '3', 'Mazimum number of recent searches to display', 6, 0, NULL, '2011-08-31 09:16:31', NULL, NULL),
(143, 'Service Modules', 'MODULE_SERVICES_INSTALLED', 'output_compression;session;language;currencies;core;whos_online;simple_counter;category_path;recently_visited;breadcrumb;specials;reviews', 'Installed services modules', 6, 0, NULL, '2011-08-31 09:16:31', NULL, NULL),
(144, 'Enable Cash On Delivery Module', 'MODULE_PAYMENT_COD_STATUS', '1', 'Do you want to accept Cash On Delivery payments?', 6, 0, NULL, '2011-08-31 09:16:32', 'osc_cfg_use_get_boolean_value', 'osc_cfg_set_boolean_value(array(1, -1))'),
(145, 'Payment Zone', 'MODULE_PAYMENT_COD_ZONE', '0', 'If a zone is selected, only enable this payment method for that zone.', 6, 0, NULL, '2011-08-31 09:16:32', 'osc_cfg_use_get_zone_class_title', 'osc_cfg_set_zone_classes_pull_down_menu'),
(146, 'Sort order of display.', 'MODULE_PAYMENT_COD_SORT_ORDER', '0', 'Sort order of display. Lowest is displayed first.', 6, 0, NULL, '2011-08-31 09:16:32', NULL, NULL),
(147, 'Set Order Status', 'MODULE_PAYMENT_COD_ORDER_STATUS_ID', '0', 'Set the status of orders made with this payment module to this value', 6, 0, NULL, '2011-08-31 09:16:32', 'osc_cfg_use_get_order_status_title', 'osc_cfg_set_order_statuses_pull_down_menu'),
(148, 'Enable Flat Shipping', 'MODULE_SHIPPING_FLAT_STATUS', 'True', 'Do you want to offer flat rate shipping?', 6, 0, NULL, '2011-08-31 09:16:32', NULL, 'osc_cfg_set_boolean_value(array(''True'', ''False''))'),
(149, 'Shipping Cost', 'MODULE_SHIPPING_FLAT_COST', '5.00', 'The shipping cost for all orders using this shipping method.', 6, 0, NULL, '2011-08-31 09:16:32', NULL, NULL),
(150, 'Tax Class', 'MODULE_SHIPPING_FLAT_TAX_CLASS', '0', 'Use the following tax class on the shipping fee.', 6, 0, NULL, '2011-08-31 09:16:32', 'osc_cfg_use_get_tax_class_title', 'osc_cfg_set_tax_classes_pull_down_menu'),
(151, 'Shipping Zone', 'MODULE_SHIPPING_FLAT_ZONE', '0', 'If a zone is selected, only enable this shipping method for that zone.', 6, 0, NULL, '2011-08-31 09:16:32', 'osc_cfg_use_get_zone_class_title', 'osc_cfg_set_zone_classes_pull_down_menu'),
(152, 'Sort Order', 'MODULE_SHIPPING_FLAT_SORT_ORDER', '0', 'Sort order of display.', 6, 0, NULL, '2011-08-31 09:16:32', NULL, NULL),
(153, 'Display Sub-Total', 'MODULE_ORDER_TOTAL_SUBTOTAL_STATUS', 'true', 'Do you want to display the order sub-total cost?', 6, 1, NULL, '2011-08-31 09:16:32', NULL, 'osc_cfg_set_boolean_value(array(''true'', ''false''))'),
(154, 'Sort Order', 'MODULE_ORDER_TOTAL_SUBTOTAL_SORT_ORDER', '10', 'Sort order of display.', 6, 2, NULL, '2011-08-31 09:16:32', NULL, NULL),
(155, 'Display Shipping', 'MODULE_ORDER_TOTAL_SHIPPING_STATUS', 'true', 'Do you want to display the order shipping cost?', 6, 1, NULL, '2011-08-31 09:16:32', NULL, 'osc_cfg_set_boolean_value(array(''true'', ''false''))'),
(156, 'Sort Order', 'MODULE_ORDER_TOTAL_SHIPPING_SORT_ORDER', '20', 'Sort order of display.', 6, 2, NULL, '2011-08-31 09:16:32', NULL, NULL),
(157, 'Display Tax', 'MODULE_ORDER_TOTAL_TAX_STATUS', 'true', 'Do you want to display the order tax value?', 6, 1, NULL, '2011-08-31 09:16:32', NULL, 'osc_cfg_set_boolean_value(array(''true'', ''false''))'),
(158, 'Sort Order', 'MODULE_ORDER_TOTAL_TAX_SORT_ORDER', '50', 'Sort order of display.', 6, 2, NULL, '2011-08-31 09:16:32', NULL, NULL),
(159, 'Display Total', 'MODULE_ORDER_TOTAL_TOTAL_STATUS', 'true', 'Do you want to display the total order value?', 6, 1, NULL, '2011-08-31 09:16:32', NULL, 'osc_cfg_set_boolean_value(array(''true'', ''false''))'),
(160, 'Sort Order', 'MODULE_ORDER_TOTAL_TOTAL_SORT_ORDER', '80', 'Sort order of display.', 6, 2, NULL, '2011-08-31 09:16:32', NULL, NULL),
(161, 'Display Coupon', 'MODULE_ORDER_TOTAL_COUPON_STATUS', 'true', 'Do you want to enable coupon?', 6, 1, NULL, '2011-08-31 09:16:32', NULL, 'osc_cfg_set_boolean_value(array(''true'', ''false''))'),
(162, 'Sort Order', 'MODULE_ORDER_TOTAL_COUPON_SORT_ORDER', '40', 'Sort order of display.', 6, 2, NULL, '2011-08-31 09:16:32', NULL, NULL),
(163, 'Enable Gift Certificate', 'MODULE_ORDER_TOTAL_GIFT_CERTIFICATE_STATUS', 'true', 'Do you want to enable gift certificate?', 6, 1, NULL, '2011-08-31 09:16:32', NULL, 'osc_cfg_set_boolean_value(array(''true'', ''false''))'),
(164, 'Sort Order', 'MODULE_ORDER_TOTAL_GIFT_CERTIFICATE_SORT_ORDER', '70', 'Sort order of display.', 6, 2, NULL, '2011-08-31 09:16:32', NULL, NULL),
(165, 'Enable Store Credit', 'MODULE_ORDER_TOTAL_STORE_CREDIT_STATUS', 'true', 'Do you want to enable store credit?', 6, 1, NULL, '2011-08-31 09:16:32', NULL, 'osc_cfg_set_boolean_value(array(''true'', ''false''))'),
(166, 'Sort Order', 'MODULE_ORDER_TOTAL_STORE_CREDIT_SORT_ORDER', '65', 'Sort order of display.', 6, 2, NULL, '2011-08-31 09:16:32', NULL, NULL),
(167, 'Display Wrapping', 'MODULE_ORDER_TOTAL_GIFT_WRAPPING_STATUS', 'true', 'Do you want to enable gift wrapping?', 6, 1, NULL, '2011-08-31 09:16:32', NULL, 'osc_cfg_set_boolean_value(array(''true'', ''false''))'),
(168, 'Sort Order', 'MODULE_ORDER_TOTAL_GIFT_WRAPPING_SORT_ORDER', '25', 'Sort order of display.', 6, 2, NULL, '2011-08-31 09:16:32', NULL, NULL),
(169, 'Gift Wrapping Price', 'MODULE_ORDER_TOTAL_GIFT_WRAPPING_PRICE', '10', 'The price for the gift wrapping.', 6, 2, NULL, '2011-08-31 09:16:32', NULL, NULL),
(170, 'Gift Wrapping Tax', 'MODULE_ORDER_TOTAL_GIFT_WRAPPING_TAX', '0', 'Use the following tax class on the gift wrapping.', 6, 7, NULL, '2011-08-31 09:16:32', 'osc_cfg_use_get_tax_class_title', 'osc_cfg_set_tax_classes_pull_down_menu'),
(171, 'Interval (ms)', 'MODULE_CONTENT_SLIDE_SHOW_INTERVAL', '3000', 'slide show interval', 6, 0, NULL, '2011-08-31 09:17:05', NULL, NULL),
(172, 'Duration (ms)', 'MODULE_CONTENT_SLIDE_SHOW_DURATION', '1000', 'slide show duration', 6, 0, NULL, '2011-08-31 09:17:05', NULL, NULL),
(173, 'Image height (px)', 'MODULE_CONTENT_SLIDE_SHOW_HEIGHT', '210', 'Image height', 6, 0, NULL, '2011-08-31 09:17:05', NULL, NULL),
(174, 'Image width (px)', 'MODULE_CONTENT_SLIDE_SHOW_WIDTH', '960', 'Image width', 6, 0, NULL, '2011-08-31 09:17:05', NULL, NULL),
(175, 'Display Slide info', 'MODULE_CONTENT_SLIDE_SHOW_DISPLAY_INFO', 'False', 'Display Slide Info', 6, 0, NULL, '2011-08-31 09:17:05', NULL, 'osc_cfg_set_boolean_value(array(''True'', ''False''))'),
(176, 'Slide show mode [vertical, horizontal]', 'MODULE_CONTENT_SLIDE_SHOW_MODE', 'horizontal', 'Slideshow Mode', 6, 0, NULL, '2011-08-31 09:17:05', NULL, 'osc_cfg_set_boolean_value(array(''horizontal'', ''vertical''))'),
(177, 'Maximum List Size', 'BOX_ARTICLES_CATEGORIES_MAX_LIST', '10', 'Maximum amount of article categories to show in the listing', 6, 0, NULL, '2011-08-31 09:17:05', NULL, NULL),
(178, 'British Pounds', 'BOX_SHOP_BY_PRICE_GBP', '300;600;900;1200', 'British Pounds price interval (Price seperated by ";")', 6, 0, NULL, '2011-08-31 09:17:05', NULL, NULL),
(179, 'Euro', 'BOX_SHOP_BY_PRICE_EUR', '400;800;1200;1600', 'Euro price interval (Price seperated by ";")', 6, 0, NULL, '2011-08-31 09:17:05', NULL, NULL),
(180, 'US Dollar', 'BOX_SHOP_BY_PRICE_USD', '600;1200;1800;2400', 'US Dollar price interval (Price seperated by ";")', 6, 0, NULL, '2011-08-31 09:17:05', NULL, NULL),
(181, 'Cache Contents', 'BOX_POPULAR_SEARCH_TERM_CACHE', '60', 'Number of minutes to keep the contents cached (0 = no cache)', 6, 0, NULL, '2011-08-31 09:17:05', NULL, NULL),
(182, 'Enable Item Shipping', 'MODULE_SHIPPING_ITEM_STATUS', 'True', 'Do you want to offer per item rate shipping?', 6, 0, NULL, '2011-11-13 13:20:01', NULL, 'osc_cfg_set_boolean_value(array(''True'', ''False''))'),
(183, 'Shipping Cost', 'MODULE_SHIPPING_ITEM_COST', '2.50', 'The shipping cost will be multiplied by the number of items in an order that uses this shipping method.', 6, 0, NULL, '2011-11-13 13:20:01', NULL, NULL),
(184, 'Handling Fee', 'MODULE_SHIPPING_ITEM_HANDLING', '0', 'Handling fee for this shipping method.', 6, 0, NULL, '2011-11-13 13:20:01', NULL, NULL),
(185, 'Tax Class', 'MODULE_SHIPPING_ITEM_TAX_CLASS', '0', 'Use the following tax class on the shipping fee.', 6, 0, NULL, '2011-11-13 13:20:01', 'osc_cfg_use_get_tax_class_title', 'osc_cfg_set_tax_classes_pull_down_menu'),
(186, 'Shipping Zone', 'MODULE_SHIPPING_ITEM_ZONE', '0', 'If a zone is selected, only enable this shipping method for that zone.', 6, 0, NULL, '2011-11-13 13:20:01', 'osc_cfg_use_get_zone_class_title', 'osc_cfg_set_zone_classes_pull_down_menu'),
(187, 'Sort Order', 'MODULE_SHIPPING_ITEM_SORT_ORDER', '3', 'Sort order of display.', 6, 0, NULL, '2011-11-13 13:20:01', NULL, NULL),
(188, 'Enable Free Shipping', 'MODULE_SHIPPING_FREE_STATUS', 'True', 'Do you want to offer flat rate shipping?', 6, 0, NULL, '2011-11-13 13:20:07', NULL, 'osc_cfg_set_boolean_value(array(''True'', ''False''))'),
(189, 'Shipping Cost', 'MODULE_SHIPPING_FREE_MINIMUM_ORDER', '20', 'The minimum order amount to apply free shipping to.', 6, 0, NULL, '2011-11-13 13:20:07', NULL, NULL),
(190, 'Shipping Zone', 'MODULE_SHIPPING_FREE_ZONE', '0', 'If a zone is selected, only enable this shipping method for that zone.', 6, 0, NULL, '2011-11-13 13:20:07', 'osc_cfg_use_get_zone_class_title', 'osc_cfg_set_zone_classes_pull_down_menu'),
(191, 'Enable Item Shipping', 'MODULE_SHIPPING_SELF_PICKUP_STATUS', 'True', 'Do you want to offer self pickup shipping?', 6, 0, NULL, '2011-11-13 13:40:28', NULL, 'osc_cfg_set_boolean_value(array(''True'', ''False''))'),
(192, 'Shipping Zone', 'MODULE_SHIPPING_SELF_PICKUP_ZONE', '0', 'If a zone is selected, only enable this shipping method for that zone.', 6, 0, NULL, '2011-11-13 13:40:28', 'osc_cfg_use_get_zone_class_title', 'osc_cfg_set_zone_classes_pull_down_menu'),
(193, 'Sort Order', 'MODULE_SHIPPING_SELF_PICKUP_SORT_ORDER', '2', 'Sort order of display.', 6, 0, NULL, '2011-11-13 13:40:28', NULL, NULL),
(194, 'Enable Bank Wire Module', 'MODULE_PAYMENT_BANK_WIRE_STATUS', '1', 'Do you want to accept bank wire payments?', 6, 0, NULL, '2011-11-14 13:29:14', 'osc_cfg_use_get_boolean_value', 'osc_cfg_set_boolean_value(array(1, -1))'),
(195, 'Payment Zone', 'MODULE_PAYMENT_BANK_WIRE_ZONE', '0', 'If a zone is selected, only enable this payment method for that zone.', 6, 0, NULL, '2011-11-14 13:29:14', 'osc_cfg_use_get_zone_class_title', 'osc_cfg_set_zone_classes_pull_down_menu'),
(196, 'Sort order of display.', 'MODULE_PAYMENT_BANK_WIRE_SORT_ORDER', '0', 'Sort order of display. Lowest is displayed first.', 6, 0, NULL, '2011-11-14 13:29:14', NULL, NULL),
(197, 'Set Order Status', 'MODULE_PAYMENT_BANK_WIRE_ORDER_STATUS_ID', '1', 'Set the status of orders made with this payment module to this value', 6, 0, NULL, '2011-11-14 13:29:14', 'osc_cfg_use_get_order_status_title', 'osc_cfg_set_order_statuses_pull_down_menu'),
(198, 'Bank Account Owner', 'MODULE_PAYMENT_BANK_WIRE_ACCOUNT_OWNER', '', 'Bank Account Owner Name', 6, 0, NULL, '2011-11-14 13:29:14', NULL, NULL),
(199, 'Bank Account Detail', 'MODULE_PAYMENT_BANK_WIRE_DETAIL', '', 'Bank branch, IBAN number, BIC, etc.', 6, 0, NULL, '2011-11-14 13:29:14', NULL, 'osc_cfg_set_textarea_field'),
(200, 'Bank Account Address', 'MODULE_PAYMENT_BANK_WIRE_BANK_ADDRESS', '', 'Address information of the Bank', 6, 0, NULL, '2011-11-14 13:29:14', NULL, 'osc_cfg_set_textarea_field'),
(201, 'Enable Western Union Module', 'MODULE_PAYMENT_WESTERN_UNION_STATUS', '1', 'Do you want to accept west union payments?', 6, 0, NULL, '2011-11-14 13:29:31', 'osc_cfg_use_get_boolean_value', 'osc_cfg_set_boolean_value(array(1, -1))'),
(202, 'Sort order of display.', 'MODULE_PAYMENT_WESTERN_UNION_SORT_ORDER', '0', 'Sort order of display. Lowest is displayed first.', 6, 0, NULL, '2011-11-14 13:29:31', NULL, NULL),
(203, 'Payment Zone', 'MODULE_PAYMENT_WESTERN_UNION_ZONE', '0', 'If a zone is selected, only enable this payment method for that zone.', 6, 0, NULL, '2011-11-14 13:29:31', 'osc_cfg_use_get_zone_class_title', 'osc_cfg_set_zone_classes_pull_down_menu'),
(204, 'Set Order Status', 'MODULE_PAYMENT_WESTERN_UNION_ORDER_STATUS_ID', '1', 'Set the status of orders made with this payment module to this value', 6, 0, NULL, '2011-11-14 13:29:31', 'osc_cfg_use_get_order_status_title', 'osc_cfg_set_order_statuses_pull_down_menu'),
(205, 'Name of store owner', 'MODULE_PAYMENT_WESTERN_UNION_STORE_ONWER_NAME', '', 'The name of store onwer', 6, 0, NULL, '2011-11-14 13:29:31', NULL, NULL),
(206, 'Country', 'MODULE_PAYMENT_WESTERN_UNION_STORE_ONWER_COUNTRY', '', 'The country of store onwer', 6, 0, NULL, '2011-11-14 13:29:31', NULL, NULL),
(207, 'City', 'MODULE_PAYMENT_WESTERN_UNION_STORE_ONWER_CITY', '', 'The city of store onwer', 6, 0, NULL, '2011-11-14 13:29:31', NULL, NULL),
(208, 'Telephone', 'MODULE_PAYMENT_WESTERN_UNION_STORE_ONWER_TELEPHONE', '', 'The telephone of store onwer by which the customer can contact to you.', 6, 0, NULL, '2011-11-14 13:29:31', NULL, NULL),
(209, 'Email', 'MODULE_PAYMENT_WESTERN_UNION_STORE_ONWER_EMAIL', '', 'The email of store onwer', 6, 0, NULL, '2011-11-14 13:29:31', NULL, NULL),
(344, 'Homepage Page Title For English', 'HOME_PAGE_TITLE_EN_US', 'the page title for the front page', 'the page title for the front page', 6, 0, NULL, '2011-09-26 21:43:16', NULL, NULL),
(345, 'Homepage Meta Keywords For English', 'HOME_META_KEYWORD_EN_US', 'the meta keywords for the front page', 'the meta keywords for the front page', 6, 0, NULL, '2011-09-26 21:43:16', NULL, NULL),
(346, 'Homepage Meta Description For English', 'HOME_META_DESCRIPTION_EN_US', 'the meta description for the front page', 'the meta description for the front page', 6, 0, NULL, '2011-09-26 21:43:16', NULL, NULL),
(347, 'Homepage Page Title For 中文简体', 'HOME_PAGE_TITLE_ZH_CN', '', 'the page title for the front page', 6, 0, NULL, '2012-08-20 05:50:15', NULL, NULL),
(348, 'Homepage Meta Keywords For 中文简体', 'HOME_META_KEYWORD_ZH_CN', '', 'the meta keywords for the front page', 6, 0, NULL, '2012-08-20 05:50:15', NULL, NULL),
(349, 'Homepage Meta Description For 中文简体', 'HOME_META_DESCRIPTION_ZH_CN', '', 'the meta description for the front page', 6, 0, NULL, '2012-08-20 05:50:15', NULL, NULL);
(350, 'Max Cache Time', 'CACHE_MAX_TIME', '100', 'The max time that the cache file to be expired', 3, 10, '2012-09-03 15:06:52', '2012-09-03 15:06:59', NULL, NULL);

-- --------------------------------------------------------

--
-- 表的结构 `toc_configuration_group`
--

CREATE TABLE IF NOT EXISTS `toc_configuration_group` (
  `configuration_group_id` int(11) NOT NULL AUTO_INCREMENT,
  `configuration_group_title` varchar(64) NOT NULL,
  `configuration_group_description` varchar(255) NOT NULL,
  `sort_order` int(5) DEFAULT NULL,
  `visible` int(1) DEFAULT '1',
  PRIMARY KEY (`configuration_group_id`)
) ENGINE=MyISAM  DEFAULT CHARSET=utf8 AUTO_INCREMENT=20 ;

--
-- 转存表中的数据 `toc_configuration_group`
--

INSERT INTO `toc_configuration_group` (`configuration_group_id`, `configuration_group_title`, `configuration_group_description`, `sort_order`, `visible`) VALUES
(1, 'My Store', 'General information about my store', 1, 1),
(2, 'Minimum Values', 'The minimum values for functions / data', 2, 1),
(3, 'Maximum Values', 'The maximum values for functions / data', 3, 1),
(4, 'Images', 'Image parameters', 4, 1),
(5, 'Customer Details', 'Customer account configuration', 5, 1),
(6, 'Module Options', 'Hidden from configuration', 6, 0),
(7, 'Shipping/Packaging', 'Shipping options available at my store', 7, 1),
(8, 'Product Listing', 'Product Listing    configuration options', 8, 1),
(9, 'Stock', 'Stock configuration options', 9, 1),
(10, 'Product Details', 'Product info page configuration', 10, 1),
(11, 'Order Settings', 'Order Settings', 11, 1),
(12, 'E-Mail Options', 'General setting for E-Mail transport and HTML E-Mails', 12, 1),
(16, 'Regulations', 'Regulation options', 16, 1),
(17, 'Credit Cards', 'Credit card options', 17, 1),
(18, 'Program Locations', 'Locations to certain programs on the server.', 18, 1),
(19, 'Content Management System', 'Content Management System Configuration', 19, 1);

-- --------------------------------------------------------

--
-- 表的结构 `toc_counter`
--

CREATE TABLE IF NOT EXISTS `toc_counter` (
  `startdate` datetime DEFAULT NULL,
  `counter` int(11) DEFAULT NULL
) ENGINE=MyISAM DEFAULT CHARSET=utf8;

--
-- 转存表中的数据 `toc_counter`
--

INSERT INTO `toc_counter` (`startdate`, `counter`) VALUES
('2011-09-03 11:55:31', 10);

-- --------------------------------------------------------

--
-- 表的结构 `toc_countries`
--

CREATE TABLE IF NOT EXISTS `toc_countries` (
  `countries_id` int(11) NOT NULL AUTO_INCREMENT,
  `countries_name` varchar(64) NOT NULL,
  `countries_iso_code_2` char(2) NOT NULL,
  `countries_iso_code_3` char(3) NOT NULL,
  `address_format` varchar(255) DEFAULT NULL,
  PRIMARY KEY (`countries_id`),
  KEY `IDX_COUNTRIES_NAME` (`countries_name`)
) ENGINE=MyISAM  DEFAULT CHARSET=utf8 AUTO_INCREMENT=240 ;

--
-- 转存表中的数据 `toc_countries`
--

INSERT INTO `toc_countries` (`countries_id`, `countries_name`, `countries_iso_code_2`, `countries_iso_code_3`, `address_format`) VALUES
(1, 'Afghanistan', 'AF', 'AFG', ''),
(2, 'Albania', 'AL', 'ALB', ''),
(3, 'Algeria', 'DZ', 'DZA', ''),
(4, 'American Samoa', 'AS', 'ASM', ''),
(5, 'Andorra', 'AD', 'AND', ''),
(6, 'Angola', 'AO', 'AGO', ''),
(7, 'Anguilla', 'AI', 'AIA', ''),
(8, 'Antarctica', 'AQ', 'ATA', ''),
(9, 'Antigua and Barbuda', 'AG', 'ATG', ''),
(10, 'Argentina', 'AR', 'ARG', ':name\n:street_address\n:postcode :city\n:country'),
(11, 'Armenia', 'AM', 'ARM', ''),
(12, 'Aruba', 'AW', 'ABW', ''),
(13, 'Australia', 'AU', 'AUS', ':name\n:street_address\n:suburb :state_code :postcode\n:country'),
(14, 'Austria', 'AT', 'AUT', ':name\n:street_address\nA-:postcode :city\n:country'),
(15, 'Azerbaijan', 'AZ', 'AZE', ''),
(16, 'Bahamas', 'BS', 'BHS', ''),
(17, 'Bahrain', 'BH', 'BHR', ''),
(18, 'Bangladesh', 'BD', 'BGD', ''),
(19, 'Barbados', 'BB', 'BRB', ''),
(20, 'Belarus', 'BY', 'BLR', ''),
(21, 'Belgium', 'BE', 'BEL', ':name\n:street_address\nB-:postcode :city\n:country'),
(22, 'Belize', 'BZ', 'BLZ', ''),
(23, 'Benin', 'BJ', 'BEN', ''),
(24, 'Bermuda', 'BM', 'BMU', ''),
(25, 'Bhutan', 'BT', 'BTN', ''),
(26, 'Bolivia', 'BO', 'BOL', ''),
(27, 'Bosnia and Herzegowina', 'BA', 'BIH', ''),
(28, 'Botswana', 'BW', 'BWA', ''),
(29, 'Bouvet Island', 'BV', 'BVT', ''),
(30, 'Brazil', 'BR', 'BRA', ':name\n:street_address\n:state\n:postcode\n:country'),
(31, 'British Indian Ocean Territory', 'IO', 'IOT', ''),
(32, 'Brunei Darussalam', 'BN', 'BRN', ''),
(33, 'Bulgaria', 'BG', 'BGR', ''),
(34, 'Burkina Faso', 'BF', 'BFA', ''),
(35, 'Burundi', 'BI', 'BDI', ''),
(36, 'Cambodia', 'KH', 'KHM', ''),
(37, 'Cameroon', 'CM', 'CMR', ''),
(38, 'Canada', 'CA', 'CAN', ':name\n:street_address\n:city :state_code :postcode\n:country'),
(39, 'Cape Verde', 'CV', 'CPV', ''),
(40, 'Cayman Islands', 'KY', 'CYM', ''),
(41, 'Central African Republic', 'CF', 'CAF', ''),
(42, 'Chad', 'TD', 'TCD', ''),
(43, 'Chile', 'CL', 'CHL', ':name\n:street_address\n:city\n:country'),
(44, 'China', 'CN', 'CHN', ':name\n:street_address\n:postcode :city\n:country'),
(45, 'Christmas Island', 'CX', 'CXR', ''),
(46, 'Cocos (Keeling) Islands', 'CC', 'CCK', ''),
(47, 'Colombia', 'CO', 'COL', ''),
(48, 'Comoros', 'KM', 'COM', ''),
(49, 'Congo', 'CG', 'COG', ''),
(50, 'Cook Islands', 'CK', 'COK', ''),
(51, 'Costa Rica', 'CR', 'CRI', ''),
(52, 'Cote D''Ivoire', 'CI', 'CIV', ''),
(53, 'Croatia', 'HR', 'HRV', ''),
(54, 'Cuba', 'CU', 'CUB', ''),
(55, 'Cyprus', 'CY', 'CYP', ''),
(56, 'Czech Republic', 'CZ', 'CZE', ''),
(57, 'Denmark', 'DK', 'DNK', ':name\n:street_address\nDK-:postcode :city\n:country'),
(58, 'Djibouti', 'DJ', 'DJI', ''),
(59, 'Dominica', 'DM', 'DMA', ''),
(60, 'Dominican Republic', 'DO', 'DOM', ''),
(61, 'East Timor', 'TP', 'TMP', ''),
(62, 'Ecuador', 'EC', 'ECU', ''),
(63, 'Egypt', 'EG', 'EGY', ''),
(64, 'El Salvador', 'SV', 'SLV', ''),
(65, 'Equatorial Guinea', 'GQ', 'GNQ', ''),
(66, 'Eritrea', 'ER', 'ERI', ''),
(67, 'Estonia', 'EE', 'EST', ''),
(68, 'Ethiopia', 'ET', 'ETH', ''),
(69, 'Falkland Islands (Malvinas)', 'FK', 'FLK', ''),
(70, 'Faroe Islands', 'FO', 'FRO', ''),
(71, 'Fiji', 'FJ', 'FJI', ''),
(72, 'Finland', 'FI', 'FIN', ':name\n:street_address\nFIN-:postcode :city\n:country'),
(73, 'France', 'FR', 'FRA', ':name\n:street_address\n:postcode :city\n:country'),
(74, 'France, Metropolitan', 'FX', 'FXX', ':name\n:street_address\n:postcode :city\n:country'),
(75, 'French Guiana', 'GF', 'GUF', ':name\n:street_address\n:postcode :city\n:country'),
(76, 'French Polynesia', 'PF', 'PYF', ':name\n:street_address\n:postcode :city\n:country'),
(77, 'French Southern Territories', 'TF', 'ATF', ':name\n:street_address\n:postcode :city\n:country'),
(78, 'Gabon', 'GA', 'GAB', ''),
(79, 'Gambia', 'GM', 'GMB', ''),
(80, 'Georgia', 'GE', 'GEO', ''),
(81, 'Germany', 'DE', 'DEU', ':name\n:street_address\nD-:postcode :city\n:country'),
(82, 'Ghana', 'GH', 'GHA', ''),
(83, 'Gibraltar', 'GI', 'GIB', ''),
(84, 'Greece', 'GR', 'GRC', ''),
(85, 'Greenland', 'GL', 'GRL', ':name\n:street_address\nDK-:postcode :city\n:country'),
(86, 'Grenada', 'GD', 'GRD', ''),
(87, 'Guadeloupe', 'GP', 'GLP', ''),
(88, 'Guam', 'GU', 'GUM', ''),
(89, 'Guatemala', 'GT', 'GTM', ''),
(90, 'Guinea', 'GN', 'GIN', ''),
(91, 'Guinea-Bissau', 'GW', 'GNB', ''),
(92, 'Guyana', 'GY', 'GUY', ''),
(93, 'Haiti', 'HT', 'HTI', ''),
(94, 'Heard and McDonald Islands', 'HM', 'HMD', ''),
(95, 'Honduras', 'HN', 'HND', ''),
(96, 'Hong Kong', 'HK', 'HKG', ':name\n:street_address\n:city\n:country'),
(97, 'Hungary', 'HU', 'HUN', ''),
(98, 'Iceland', 'IS', 'ISL', ':name\n:street_address\nIS:postcode :city\n:country'),
(99, 'India', 'IN', 'IND', ':name\n:street_address\n:city-:postcode\n:country'),
(100, 'Indonesia', 'ID', 'IDN', ':name\n:street_address\n:city :postcode\n:country'),
(101, 'Iran', 'IR', 'IRN', ''),
(102, 'Iraq', 'IQ', 'IRQ', ''),
(103, 'Ireland', 'IE', 'IRL', ':name\n:street_address\nIE-:city\n:country'),
(104, 'Israel', 'IL', 'ISR', ':name\n:street_address\n:postcode :city\n:country'),
(105, 'Italy', 'IT', 'ITA', ':name\n:street_address\n:postcode-:city :state_code\n:country'),
(106, 'Jamaica', 'JM', 'JAM', ''),
(107, 'Japan', 'JP', 'JPN', ':name\n:street_address, :suburb\n:city :postcode\n:country'),
(108, 'Jordan', 'JO', 'JOR', ''),
(109, 'Kazakhstan', 'KZ', 'KAZ', ''),
(110, 'Kenya', 'KE', 'KEN', ''),
(111, 'Kiribati', 'KI', 'KIR', ''),
(112, 'Korea, North', 'KP', 'PRK', ''),
(113, 'Korea, South', 'KR', 'KOR', ''),
(114, 'Kuwait', 'KW', 'KWT', ''),
(115, 'Kyrgyzstan', 'KG', 'KGZ', ''),
(116, 'Laos', 'LA', 'LAO', ''),
(117, 'Latvia', 'LV', 'LVA', ''),
(118, 'Lebanon', 'LB', 'LBN', ''),
(119, 'Lesotho', 'LS', 'LSO', ''),
(120, 'Liberia', 'LR', 'LBR', ''),
(121, 'Libyan Arab Jamahiriya', 'LY', 'LBY', ''),
(122, 'Liechtenstein', 'LI', 'LIE', ''),
(123, 'Lithuania', 'LT', 'LTU', ''),
(124, 'Luxembourg', 'LU', 'LUX', ':name\n:street_address\nL-:postcode :city\n:country'),
(125, 'Macau', 'MO', 'MAC', ''),
(126, 'Macedonia', 'MK', 'MKD', ''),
(127, 'Madagascar', 'MG', 'MDG', ''),
(128, 'Malawi', 'MW', 'MWI', ''),
(129, 'Malaysia', 'MY', 'MYS', ''),
(130, 'Maldives', 'MV', 'MDV', ''),
(131, 'Mali', 'ML', 'MLI', ''),
(132, 'Malta', 'MT', 'MLT', ''),
(133, 'Marshall Islands', 'MH', 'MHL', ''),
(134, 'Martinique', 'MQ', 'MTQ', ''),
(135, 'Mauritania', 'MR', 'MRT', ''),
(136, 'Mauritius', 'MU', 'MUS', ''),
(137, 'Mayotte', 'YT', 'MYT', ''),
(138, 'Mexico', 'MX', 'MEX', ':name\n:street_address\n:postcode :city, :state_code\n:country'),
(139, 'Micronesia', 'FM', 'FSM', ''),
(140, 'Moldova', 'MD', 'MDA', ''),
(141, 'Monaco', 'MC', 'MCO', ''),
(142, 'Mongolia', 'MN', 'MNG', ''),
(143, 'Montserrat', 'MS', 'MSR', ''),
(144, 'Morocco', 'MA', 'MAR', ''),
(145, 'Mozambique', 'MZ', 'MOZ', ''),
(146, 'Myanmar', 'MM', 'MMR', ''),
(147, 'Namibia', 'NA', 'NAM', ''),
(148, 'Nauru', 'NR', 'NRU', ''),
(149, 'Nepal', 'NP', 'NPL', ''),
(150, 'Netherlands', 'NL', 'NLD', ':name\n:street_address\n:postcode :city\n:country'),
(151, 'Netherlands Antilles', 'AN', 'ANT', ':name\n:street_address\n:postcode :city\n:country'),
(152, 'New Caledonia', 'NC', 'NCL', ''),
(153, 'New Zealand', 'NZ', 'NZL', ':name\n:street_address\n:suburb\n:city :postcode\n:country'),
(154, 'Nicaragua', 'NI', 'NIC', ''),
(155, 'Niger', 'NE', 'NER', ''),
(156, 'Nigeria', 'NG', 'NGA', ''),
(157, 'Niue', 'NU', 'NIU', ''),
(158, 'Norfolk Island', 'NF', 'NFK', ''),
(159, 'Northern Mariana Islands', 'MP', 'MNP', ''),
(160, 'Norway', 'NO', 'NOR', ':name\n:street_address\nNO-:postcode :city\n:country'),
(161, 'Oman', 'OM', 'OMN', ''),
(162, 'Pakistan', 'PK', 'PAK', ''),
(163, 'Palau', 'PW', 'PLW', ''),
(164, 'Panama', 'PA', 'PAN', ''),
(165, 'Papua New Guinea', 'PG', 'PNG', ''),
(166, 'Paraguay', 'PY', 'PRY', ''),
(167, 'Peru', 'PE', 'PER', ''),
(168, 'Philippines', 'PH', 'PHL', ''),
(169, 'Pitcairn', 'PN', 'PCN', ''),
(170, 'Poland', 'PL', 'POL', ':name\n:street_address\n:postcode :city\n:country'),
(171, 'Portugal', 'PT', 'PRT', ':name\n:street_address\n:postcode :city\n:country'),
(172, 'Puerto Rico', 'PR', 'PRI', ''),
(173, 'Qatar', 'QA', 'QAT', ''),
(174, 'Reunion', 'RE', 'REU', ''),
(175, 'Romania', 'RO', 'ROM', ''),
(176, 'Russia', 'RU', 'RUS', ':name\n:street_address\n:postcode :city\n:country'),
(177, 'Rwanda', 'RW', 'RWA', ''),
(178, 'Saint Kitts and Nevis', 'KN', 'KNA', ''),
(179, 'Saint Lucia', 'LC', 'LCA', ''),
(180, 'Saint Vincent and the Grenadines', 'VC', 'VCT', ''),
(181, 'Samoa', 'WS', 'WSM', ''),
(182, 'San Marino', 'SM', 'SMR', ''),
(183, 'Sao Tome and Principe', 'ST', 'STP', ''),
(184, 'Saudi Arabia', 'SA', 'SAU', ''),
(185, 'Senegal', 'SN', 'SEN', ''),
(186, 'Seychelles', 'SC', 'SYC', ''),
(187, 'Sierra Leone', 'SL', 'SLE', ''),
(188, 'Singapore', 'SG', 'SGP', ':name\n:street_address\n:city :postcode\n:country'),
(189, 'Slovakia', 'SK', 'SVK', ''),
(190, 'Slovenia', 'SI', 'SVN', ''),
(191, 'Solomon Islands', 'SB', 'SLB', ''),
(192, 'Somalia', 'SO', 'SOM', ''),
(193, 'South Africa', 'ZA', 'ZAF', ':name\n:street_address\n:suburb\n:city\n:postcode :country'),
(194, 'South Georgia and the South Sandwich Islands', 'GS', 'SGS', ''),
(195, 'Spain', 'ES', 'ESP', ':name\n:street_address\n:postcode :city\n:country'),
(196, 'Sri Lanka', 'LK', 'LKA', ''),
(197, 'St. Helena', 'SH', 'SHN', ''),
(198, 'St. Pierre and Miquelon', 'PM', 'SPM', ''),
(199, 'Sudan', 'SD', 'SDN', ''),
(200, 'Suriname', 'SR', 'SUR', ''),
(201, 'Svalbard and Jan Mayen Islands', 'SJ', 'SJM', ''),
(202, 'Swaziland', 'SZ', 'SWZ', ''),
(203, 'Sweden', 'SE', 'SWE', ':name\n:street_address\n:postcode :city\n:country'),
(204, 'Switzerland', 'CH', 'CHE', ':name\n:street_address\n:postcode :city\n:country'),
(205, 'Syrian Arab Republic', 'SY', 'SYR', ''),
(206, 'Taiwan', 'TW', 'TWN', ':name\n:street_address\n:city :postcode\n:country'),
(207, 'Tajikistan', 'TJ', 'TJK', ''),
(208, 'Tanzania', 'TZ', 'TZA', ''),
(209, 'Thailand', 'TH', 'THA', ''),
(210, 'Togo', 'TG', 'TGO', ''),
(211, 'Tokelau', 'TK', 'TKL', ''),
(212, 'Tonga', 'TO', 'TON', ''),
(213, 'Trinidad and Tobago', 'TT', 'TTO', ''),
(214, 'Tunisia', 'TN', 'TUN', ''),
(215, 'Turkey', 'TR', 'TUR', ''),
(216, 'Turkmenistan', 'TM', 'TKM', ''),
(217, 'Turks and Caicos Islands', 'TC', 'TCA', ''),
(218, 'Tuvalu', 'TV', 'TUV', ''),
(219, 'Uganda', 'UG', 'UGA', ''),
(220, 'Ukraine', 'UA', 'UKR', ''),
(221, 'United Arab Emirates', 'AE', 'ARE', ''),
(222, 'United Kingdom', 'GB', 'GBR', ':name\n:street_address\n:city\n:postcode\n:country'),
(223, 'United States of America', 'US', 'USA', ':name\n:street_address\n:city :state_code :postcode\n:country'),
(224, 'United States Minor Outlying Islands', 'UM', 'UMI', ''),
(225, 'Uruguay', 'UY', 'URY', ''),
(226, 'Uzbekistan', 'UZ', 'UZB', ''),
(227, 'Vanuatu', 'VU', 'VUT', ''),
(228, 'Vatican City State (Holy See)', 'VA', 'VAT', ''),
(229, 'Venezuela', 'VE', 'VEN', ''),
(230, 'Vietnam', 'VN', 'VNM', ''),
(231, 'Virgin Islands (British)', 'VG', 'VGB', ''),
(232, 'Virgin Islands (U.S.)', 'VI', 'VIR', ''),
(233, 'Wallis and Futuna Islands', 'WF', 'WLF', ''),
(234, 'Western Sahara', 'EH', 'ESH', ''),
(235, 'Yemen', 'YE', 'YEM', ''),
(236, 'Yugoslavia', 'YU', 'YUG', ''),
(237, 'Zaire', 'ZR', 'ZAR', ''),
(238, 'Zambia', 'ZM', 'ZMB', ''),
(239, 'Zimbabwe', 'ZW', 'ZWE', '');

-- --------------------------------------------------------

--
-- 表的结构 `toc_coupons`
--

CREATE TABLE IF NOT EXISTS `toc_coupons` (
  `coupons_id` int(11) NOT NULL AUTO_INCREMENT,
  `coupons_type` int(1) NOT NULL,
  `coupons_status` tinyint(1) NOT NULL,
  `coupons_include_tax` tinyint(1) NOT NULL,
  `coupons_include_shipping` tinyint(1) NOT NULL,
  `coupons_code` varchar(32) NOT NULL,
  `coupons_amount` decimal(8,4) NOT NULL,
  `coupons_minimum_order` decimal(8,4) NOT NULL,
  `uses_per_coupon` int(11) NOT NULL,
  `uses_per_customer` int(11) NOT NULL,
  `start_date` datetime DEFAULT NULL,
  `expires_date` datetime DEFAULT NULL,
  `coupons_date_created` datetime DEFAULT NULL,
  `coupons_date_modified` datetime DEFAULT NULL,
  PRIMARY KEY (`coupons_id`)
) ENGINE=MyISAM DEFAULT CHARSET=utf8 AUTO_INCREMENT=1 ;

--
-- 转存表中的数据 `toc_coupons`
--


-- --------------------------------------------------------

--
-- 表的结构 `toc_coupons_description`
--

CREATE TABLE IF NOT EXISTS `toc_coupons_description` (
  `coupons_id` int(11) NOT NULL,
  `language_id` int(11) NOT NULL,
  `coupons_name` varchar(32) NOT NULL,
  `coupons_description` text NOT NULL,
  PRIMARY KEY (`coupons_id`,`language_id`)
) ENGINE=MyISAM DEFAULT CHARSET=utf8;

--
-- 转存表中的数据 `toc_coupons_description`
--


-- --------------------------------------------------------

--
-- 表的结构 `toc_coupons_redeem_history`
--

CREATE TABLE IF NOT EXISTS `toc_coupons_redeem_history` (
  `coupons_redeem_history_id` int(11) NOT NULL AUTO_INCREMENT,
  `coupons_id` int(11) NOT NULL,
  `customers_id` int(11) NOT NULL,
  `orders_id` int(11) NOT NULL,
  `redeem_amount` decimal(15,4) NOT NULL,
  `redeem_date` datetime DEFAULT NULL,
  `redeem_ip_address` varchar(15) NOT NULL,
  PRIMARY KEY (`coupons_redeem_history_id`)
) ENGINE=MyISAM DEFAULT CHARSET=utf8 AUTO_INCREMENT=1 ;

--
-- 转存表中的数据 `toc_coupons_redeem_history`
--


-- --------------------------------------------------------

--
-- 表的结构 `toc_coupons_to_categories`
--

CREATE TABLE IF NOT EXISTS `toc_coupons_to_categories` (
  `coupons_id` int(11) NOT NULL,
  `categories_id` int(11) NOT NULL,
  PRIMARY KEY (`coupons_id`,`categories_id`)
) ENGINE=MyISAM DEFAULT CHARSET=utf8;

--
-- 转存表中的数据 `toc_coupons_to_categories`
--


-- --------------------------------------------------------

--
-- 表的结构 `toc_coupons_to_products`
--

CREATE TABLE IF NOT EXISTS `toc_coupons_to_products` (
  `coupons_id` int(11) NOT NULL,
  `products_id` int(11) NOT NULL,
  PRIMARY KEY (`coupons_id`,`products_id`)
) ENGINE=MyISAM DEFAULT CHARSET=utf8;

--
-- 转存表中的数据 `toc_coupons_to_products`
--


-- --------------------------------------------------------

--
-- 表的结构 `toc_credit_cards`
--

CREATE TABLE IF NOT EXISTS `toc_credit_cards` (
  `id` int(11) NOT NULL AUTO_INCREMENT,
  `credit_card_name` varchar(32) NOT NULL,
  `pattern` varchar(64) NOT NULL,
  `credit_card_status` char(1) NOT NULL,
  `sort_order` int(11) DEFAULT '0',
  PRIMARY KEY (`id`)
) ENGINE=MyISAM  DEFAULT CHARSET=utf8 AUTO_INCREMENT=14 ;

--
-- 转存表中的数据 `toc_credit_cards`
--

INSERT INTO `toc_credit_cards` (`id`, `credit_card_name`, `pattern`, `credit_card_status`, `sort_order`) VALUES
(1, 'American Express', '/^(34|37)\\d{13}$/', '0', 0),
(2, 'Diners Club', '/^(30|36|38)\\d{12}$/', '0', 0),
(3, 'JCB', '/^((2131|1800)\\d{11}|3[0135]\\d{14})$/', '0', 0),
(4, 'MasterCard', '/^5[1-5]\\d{14}$/', '1', 0),
(5, 'Visa', '/^4\\d{12}(\\d{3})?$/', '1', 0),
(6, 'Discover Card', '/^6011\\d{12}$/', '0', 0),
(7, 'Solo', '/^(63|67)\\d{14}(\\d{2,3})?$/', '0', 0),
(8, 'Switch', '/^(49|56|63|67)\\d{14}(\\d{2,3})?$/', '0', 0),
(9, 'Australian Bankcard', '/^5610\\d{12}$/', '0', 0),
(10, 'enRoute', '/^(2014|2149)\\d{11}$/', '0', 0),
(11, 'Laser', '/^6304\\d{12}(\\d{2,3})?$/', '0', 0),
(12, 'Maestro', '/^(50|56|57|58|6)/', '0', 0),
(13, 'Saferpay Test Card', '/^9451123100000004$/', '0', 0);

-- --------------------------------------------------------

--
-- 表的结构 `toc_currencies`
--

CREATE TABLE IF NOT EXISTS `toc_currencies` (
  `currencies_id` int(11) NOT NULL AUTO_INCREMENT,
  `title` varchar(32) NOT NULL,
  `code` char(3) NOT NULL,
  `symbol_left` varchar(12) DEFAULT NULL,
  `symbol_right` varchar(12) DEFAULT NULL,
  `decimal_places` char(1) DEFAULT NULL,
  `value` float(13,8) DEFAULT NULL,
  `last_updated` datetime DEFAULT NULL,
  PRIMARY KEY (`currencies_id`)
) ENGINE=MyISAM  DEFAULT CHARSET=utf8 AUTO_INCREMENT=4 ;

--
-- 转存表中的数据 `toc_currencies`
--

INSERT INTO `toc_currencies` (`currencies_id`, `title`, `code`, `symbol_left`, `symbol_right`, `decimal_places`, `value`, `last_updated`) VALUES
(1, 'US Dollar', 'USD', '$', '', '2', 1.00000000, '2011-08-31 09:16:25'),
(2, 'Euro', 'EUR', '€', '', '2', 0.73457497, '2011-08-31 09:16:25'),
(3, 'British Pounds', 'GBP', '￡', '', '2', 0.65841001, '2011-08-31 09:16:25');

-- --------------------------------------------------------

--
-- 表的结构 `toc_customers`
--

CREATE TABLE IF NOT EXISTS `toc_customers` (
  `customers_id` int(11) NOT NULL AUTO_INCREMENT,
  `customers_groups_id` int(11) DEFAULT NULL,
  `customers_gender` char(1) DEFAULT NULL,
  `customers_firstname` varchar(32) NOT NULL,
  `customers_lastname` varchar(32) NOT NULL,
  `customers_dob` datetime DEFAULT NULL,
  `customers_email_address` varchar(96) NOT NULL,
  `customers_default_address_id` int(11) DEFAULT NULL,
  `customers_telephone` varchar(32) DEFAULT NULL,
  `customers_fax` varchar(32) DEFAULT NULL,
  `customers_password` varchar(40) DEFAULT NULL,
  `customers_newsletter` char(1) DEFAULT NULL,
  `customers_status` int(1) DEFAULT '0',
  `customers_ip_address` varchar(15) DEFAULT NULL,
  `customers_credits` decimal(15,4) DEFAULT '0.0000',
  `date_last_logon` datetime DEFAULT NULL,
  `number_of_logons` int(5) DEFAULT NULL,
  `date_account_created` datetime DEFAULT NULL,
  `date_account_last_modified` datetime DEFAULT NULL,
  `global_product_notifications` int(1) DEFAULT '0',
  `abandoned_cart_last_contact_date` datetime DEFAULT NULL,
  PRIMARY KEY (`customers_id`)
) ENGINE=MyISAM  DEFAULT CHARSET=utf8 AUTO_INCREMENT=19 ;

--
-- 转存表中的数据 `toc_customers`
--

INSERT INTO `toc_customers` (`customers_id`, `customers_groups_id`, `customers_gender`, `customers_firstname`, `customers_lastname`, `customers_dob`, `customers_email_address`, `customers_default_address_id`, `customers_telephone`, `customers_fax`, `customers_password`, `customers_newsletter`, `customers_status`, `customers_ip_address`, `customers_credits`, `date_last_logon`, `number_of_logons`, `date_account_created`, `date_account_last_modified`, `global_product_notifications`, `abandoned_cart_last_contact_date`) VALUES
(1, NULL, 'm', 'john', 'doe', '0000-00-00 00:00:00', 'john.doe@test.com', 1, NULL, NULL, '490699325bcdb46d96c2bdaba5cb365d:67', '0', 1, NULL, 0.0000, '0000-00-00 00:00:00', 0, '2011-08-31 09:20:31', NULL, 0, NULL),
(17, NULL, 'm', 'bbb', 'bbb', '2012-08-07 00:00:00', 'bbb@qq.com', NULL, NULL, NULL, 'f6e28c6ebc603a735f33bb240a2d3f65:bf', '0', 1, NULL, 0.0000, NULL, 0, '0000-00-00 00:00:00', NULL, 0, NULL),
(3, NULL, 'm', 'lei', 'zheng', '2012-04-13 00:00:00', '1309637127@qq.com', NULL, NULL, NULL, 'e4585e0910546f620a111b7d78ddc853:13', '1', 1, NULL, 0.0000, '0000-00-00 00:00:00', 0, NULL, NULL, 0, NULL),
(16, NULL, 'm', 'aaa1', 'aaa1', '2012-08-09 00:00:00', 'aaa@qq.com', 8, NULL, NULL, 'a78b5be5472d95c63775b950241211f5:78', '1', 1, NULL, 0.0000, '0000-00-00 00:00:00', 0, '2012-08-10 00:00:00', '2012-08-10 00:00:00', 0, NULL),
(18, NULL, 'm', 'jack', 'yin', '0000-00-00 00:00:00', 'jack.yin@tomatocart.com', NULL, NULL, NULL, '8bc591b641dd1125a2ddeea1e537b526:39', '0', 1, NULL, 0.0000, '0000-00-00 00:00:00', 0, NULL, NULL, 0, NULL);

-- --------------------------------------------------------

--
-- 表的结构 `toc_customers_basket`
--

CREATE TABLE IF NOT EXISTS `toc_customers_basket` (
  `customers_basket_id` int(11) NOT NULL AUTO_INCREMENT,
  `customers_id` int(11) NOT NULL,
  `products_id` tinytext NOT NULL,
  `customers_basket_quantity` int(11) NOT NULL,
  `gift_certificates_data` text,
  `customizations` text,
  `final_price` decimal(15,4) NOT NULL,
  `customers_basket_date_added` datetime DEFAULT NULL,
  PRIMARY KEY (`customers_basket_id`)
) ENGINE=MyISAM DEFAULT CHARSET=utf8 AUTO_INCREMENT=1 ;

--
-- 转存表中的数据 `toc_customers_basket`
--


-- --------------------------------------------------------

--
-- 表的结构 `toc_customers_credits_history`
--

CREATE TABLE IF NOT EXISTS `toc_customers_credits_history` (
  `customers_credits_history_id` int(11) NOT NULL AUTO_INCREMENT,
  `customers_id` int(11) NOT NULL,
  `orders_id` int(11) DEFAULT NULL,
  `action_type` tinyint(1) NOT NULL,
  `date_added` datetime NOT NULL,
  `amount` decimal(15,4) NOT NULL,
  `comments` text NOT NULL,
  PRIMARY KEY (`customers_credits_history_id`)
) ENGINE=MyISAM DEFAULT CHARSET=utf8 AUTO_INCREMENT=1 ;

--
-- 转存表中的数据 `toc_customers_credits_history`
--


-- --------------------------------------------------------

--
-- 表的结构 `toc_customers_groups`
--

CREATE TABLE IF NOT EXISTS `toc_customers_groups` (
  `customers_groups_id` int(11) NOT NULL AUTO_INCREMENT,
  `customers_groups_discount` int(11) NOT NULL,
  `is_default` tinyint(1) NOT NULL,
  PRIMARY KEY (`customers_groups_id`)
) ENGINE=MyISAM  DEFAULT CHARSET=utf8 AUTO_INCREMENT=2 ;

--
-- 转存表中的数据 `toc_customers_groups`
--


-- --------------------------------------------------------

--
-- 表的结构 `toc_customers_groups_description`
--

CREATE TABLE IF NOT EXISTS `toc_customers_groups_description` (
  `customers_groups_id` int(11) NOT NULL,
  `language_id` int(11) NOT NULL,
  `customers_groups_name` varchar(255) NOT NULL,
  PRIMARY KEY (`customers_groups_id`,`language_id`)
) ENGINE=MyISAM DEFAULT CHARSET=utf8;

--
-- 转存表中的数据 `toc_customers_groups_description`
--


-- --------------------------------------------------------

--
-- 表的结构 `toc_customers_ratings`
--

CREATE TABLE IF NOT EXISTS `toc_customers_ratings` (
  `customers_ratings_id` int(11) NOT NULL AUTO_INCREMENT,
  `customers_id` int(11) NOT NULL,
  `reviews_id` int(11) NOT NULL,
  `ratings_id` int(11) NOT NULL,
  `ratings_value` int(1) NOT NULL DEFAULT '0',
  PRIMARY KEY (`customers_ratings_id`)
) ENGINE=MyISAM  DEFAULT CHARSET=utf8 AUTO_INCREMENT=17 ;

--
-- 转存表中的数据 `toc_customers_ratings`
--

INSERT INTO `toc_customers_ratings` (`customers_ratings_id`, `customers_id`, `reviews_id`, `ratings_id`, `ratings_value`) VALUES
(1, 1, 1, 1, 2),
(2, 1, 1, 2, 3),
(3, 1, 2, 1, 4),
(4, 1, 2, 2, 5),
(5, 1, 3, 1, 1),
(6, 1, 3, 2, 3),
(7, 1, 4, 1, 3),
(8, 1, 4, 2, 4),
(9, 2, 10, 1, 4),
(10, 2, 10, 2, 5),
(11, 2, 11, 1, 1),
(12, 2, 11, 2, 5),
(13, 2, 20, 1, 1),
(14, 2, 20, 2, 5),
(15, 2, 24, 1, 1),
(16, 2, 24, 2, 5);

-- --------------------------------------------------------

--
-- 表的结构 `toc_customization_fields`
--

CREATE TABLE IF NOT EXISTS `toc_customization_fields` (
  `customization_fields_id` int(11) NOT NULL AUTO_INCREMENT,
  `products_id` int(11) NOT NULL,
  `type` tinyint(1) NOT NULL,
  `is_required` tinyint(1) NOT NULL,
  PRIMARY KEY (`customization_fields_id`)
) ENGINE=MyISAM DEFAULT CHARSET=utf8 AUTO_INCREMENT=1 ;

--
-- 转存表中的数据 `toc_customization_fields`
--


-- --------------------------------------------------------

--
-- 表的结构 `toc_customization_fields_description`
--

CREATE TABLE IF NOT EXISTS `toc_customization_fields_description` (
  `customization_fields_id` int(11) NOT NULL,
  `languages_id` int(11) NOT NULL,
  `name` varchar(64) NOT NULL,
  PRIMARY KEY (`customization_fields_id`,`languages_id`)
) ENGINE=MyISAM DEFAULT CHARSET=utf8;

--
-- 转存表中的数据 `toc_customization_fields_description`
--


-- --------------------------------------------------------

--
-- 表的结构 `toc_departments`
--

CREATE TABLE IF NOT EXISTS `toc_departments` (
  `departments_id` int(11) NOT NULL AUTO_INCREMENT,
  `departments_email_address` varchar(96) NOT NULL,
  PRIMARY KEY (`departments_id`)
) ENGINE=MyISAM DEFAULT CHARSET=utf8 AUTO_INCREMENT=1 ;

--
-- 转存表中的数据 `toc_departments`
--


-- --------------------------------------------------------

--
-- 表的结构 `toc_departments_description`
--

CREATE TABLE IF NOT EXISTS `toc_departments_description` (
  `departments_id` int(11) NOT NULL AUTO_INCREMENT,
  `languages_id` int(11) NOT NULL,
  `departments_title` varchar(64) NOT NULL DEFAULT '',
  `departments_description` varchar(255) NOT NULL DEFAULT '',
  PRIMARY KEY (`departments_id`,`languages_id`)
) ENGINE=MyISAM DEFAULT CHARSET=utf8 AUTO_INCREMENT=1 ;

--
-- 转存表中的数据 `toc_departments_description`
--


-- --------------------------------------------------------

--
-- 表的结构 `toc_email_accounts`
--

CREATE TABLE IF NOT EXISTS `toc_email_accounts` (
  `accounts_id` int(11) NOT NULL AUTO_INCREMENT,
  `user_id` int(11) NOT NULL,
  `accounts_name` varchar(100) NOT NULL,
  `accounts_email` varchar(100) NOT NULL,
  `signature` text,
  `type` varchar(4) DEFAULT NULL,
  `host` varchar(100) DEFAULT NULL,
  `port` int(11) NOT NULL,
  `use_ssl` tinyint(1) NOT NULL DEFAULT '0',
  `novalidate_cert` tinyint(1) NOT NULL DEFAULT '0',
  `username` varchar(50) NOT NULL,
  `password` varchar(64) NOT NULL,
  `mbroot` varchar(30) DEFAULT NULL,
  `sent` varchar(100) DEFAULT NULL,
  `drafts` varchar(100) DEFAULT NULL,
  `trash` varchar(100) DEFAULT NULL,
  `spam` varchar(100) DEFAULT NULL,
  `save_copy_on_server` tinyint(1) DEFAULT '0',
  `examine_headers` tinyint(1) NOT NULL DEFAULT '0',
  `use_system_mailer` tinyint(1) NOT NULL DEFAULT '0',
  `smtp_host` varchar(100) DEFAULT NULL,
  `smtp_port` int(11) DEFAULT NULL,
  `smtp_encryption` char(3) DEFAULT NULL,
  `smtp_username` varchar(50) DEFAULT NULL,
  `smtp_password` varchar(50) DEFAULT NULL,
  PRIMARY KEY (`accounts_id`),
  KEY `user_id` (`user_id`)
) ENGINE=MyISAM DEFAULT CHARSET=utf8 AUTO_INCREMENT=1 ;

--
-- 转存表中的数据 `toc_email_accounts`
--


-- --------------------------------------------------------

--
-- 表的结构 `toc_email_folders`
--

CREATE TABLE IF NOT EXISTS `toc_email_folders` (
  `folders_id` int(11) NOT NULL AUTO_INCREMENT,
  `accounts_id` int(11) NOT NULL,
  `folders_name` varchar(100) DEFAULT NULL,
  `folders_flag` int(4) NOT NULL DEFAULT '0',
  `subscribed` tinyint(1) NOT NULL DEFAULT '0',
  `parent_id` int(11) NOT NULL DEFAULT '0',
  `delimiter` char(1) NOT NULL DEFAULT '',
  `attributes` int(11) NOT NULL DEFAULT '0',
  `sort_order` tinyint(4) NOT NULL DEFAULT '0',
  `auto_check` tinyint(1) NOT NULL DEFAULT '0',
  PRIMARY KEY (`folders_id`),
  KEY `accounts_id` (`accounts_id`)
) ENGINE=MyISAM DEFAULT CHARSET=utf8 AUTO_INCREMENT=1 ;

--
-- 转存表中的数据 `toc_email_folders`
--


-- --------------------------------------------------------

--
-- 表的结构 `toc_email_messages`
--

CREATE TABLE IF NOT EXISTS `toc_email_messages` (
  `id` int(11) NOT NULL AUTO_INCREMENT,
  `accounts_id` int(11) NOT NULL,
  `folders_id` int(11) NOT NULL,
  `uid` varchar(255) NOT NULL,
  `messages_id` varchar(255) NOT NULL,
  `subject` varchar(100) DEFAULT NULL,
  `from_address` varchar(100) DEFAULT NULL,
  `to_address` varchar(100) DEFAULT NULL,
  `reply_to` varchar(100) DEFAULT NULL,
  `udate` int(11) NOT NULL,
  `size` int(11) NOT NULL,
  `attachments` tinyint(1) NOT NULL,
  `priority` tinyint(1) NOT NULL,
  `new` tinyint(1) NOT NULL,
  `content_type` varchar(100) NOT NULL,
  `content_transfer_encoding` varchar(100) NOT NULL,
  `fetch_timestamp` int(11) NOT NULL,
  `messages_flag` int(1) NOT NULL DEFAULT '0',
  PRIMARY KEY (`id`),
  KEY `folders_id` (`folders_id`)
) ENGINE=MyISAM DEFAULT CHARSET=utf8 AUTO_INCREMENT=1 ;

--
-- 转存表中的数据 `toc_email_messages`
--


-- --------------------------------------------------------

--
-- 表的结构 `toc_email_templates`
--

CREATE TABLE IF NOT EXISTS `toc_email_templates` (
  `email_templates_id` int(11) NOT NULL AUTO_INCREMENT,
  `email_templates_name` varchar(100) NOT NULL,
  `email_templates_status` tinyint(1) NOT NULL,
  PRIMARY KEY (`email_templates_id`)
) ENGINE=MyISAM  DEFAULT CHARSET=utf8 AUTO_INCREMENT=17 ;

--
-- 转存表中的数据 `toc_email_templates`
--

INSERT INTO `toc_email_templates` (`email_templates_id`, `email_templates_name`, `email_templates_status`) VALUES
(1, 'create_account_email', 1),
(2, 'password_forgotten', 1),
(3, 'tell_a_friend', 1),
(4, 'new_order_created', 1),
(5, 'admin_order_status_updated', 1),
(6, 'admin_create_account_email', 1),
(7, 'abandoned_cart_inquiry', 1),
(8, 'send_coupon', 1),
(9, 'admin_customer_credits_change_notification', 1),
(10, 'share_wishlist', 1),
(11, 'active_gift_certificate', 1),
(12, 'active_downloadable_product', 1),
(13, 'admin_create_order_credit_slip', 1),
(14, 'admin_create_order_store_credit', 1),
(15, 'admin_password_forgotten', 1),
(16, 'out_of_stock_alerts', 1);

-- --------------------------------------------------------

--
-- 表的结构 `toc_email_templates_description`
--

CREATE TABLE IF NOT EXISTS `toc_email_templates_description` (
  `email_templates_id` int(11) NOT NULL,
  `language_id` int(11) NOT NULL,
  `email_title` varchar(255) NOT NULL,
  `email_content` text NOT NULL,
  PRIMARY KEY (`email_templates_id`,`language_id`)
) ENGINE=MyISAM DEFAULT CHARSET=utf8;

--
-- 转存表中的数据 `toc_email_templates_description`
--

INSERT INTO `toc_email_templates_description` (`email_templates_id`, `language_id`, `email_title`, `email_content`) VALUES
(1, 1, 'Welcome to %%store_name%%', '<p>%%greeting_text%%</p><br /><br /><p>We welcome you to %%store_name%%!</p><br /><br /><p>You can now take part in the various services we have offer for you. Some of these services include:</p><br /><br /><ul><br /><li>Permanent Cart - Any products added to your online cart remain there until you remove them, or check them out.<br /><li>Address Book - We can now deliver your products to another address other than yours! This is perfect to send birthday gifts direct to the birthday-person themselves.<br /><li>Order History - View your history of purchases that you have made with us.<br /><li>Products Reviews - Share your opinions on products with our other customers.<br /></ul><br /><p>For help with any of our online services, please email the store-owner: %%store_owner_email_address%%.</p><br /><br />Note: This email address was given to us by one of our customers. If you did not signup to be a member, please send an email to the store owner.'),
(2, 1, 'Password Reminder to TomatoCart', 'A new password was requested from %%customer_ip_address%%.<br /><br />Your new password to %%store_name%% is:<br /><br />%%customer_password%%<br /><br />For help with any of our online services, please email the store-owner: %%store_owner_email_address%%.<br /><br />Note: If you did not request this action via our password forgotten page, please notify the store owner as soon as possible.'),
(3, 1, 'Your friend %%from_name%% has recommended this great product from %%store_name%%', 'Hi %%to_name%%!<br /><br />Your friend, %%from_name%%, thought that you would be interested in %%product_name%% from %%store_name%%.<br /><br />%%message%%<br /><br />To view the product click on the link below or copy and paste the link into your web browser:<br /><br />%%product_link%%<br /><br />Regards,<br /><br />%%store_name%% <br />%%store_address%%'),
(4, 1, 'Order Process', 'TomatoCart<br />------------------------------------------------------<br />Order Number: %%order_number%%<br />Detailed Invoice: %%invoice_link%%<br />Date Ordered: %%date_ordered%%<br /><br />%%order_details%%<br /><br />Delivery Address<br />------------------------------------------------------<br />%%delivery_address%%<br /><br />Billing Address<br />------------------------------------------------------<br />%%billing_address%%<br /><br />Order Status: %%order_status%%<br />------------------------------------------------------<br />%%order_comments%%'),
(5, 1, 'Order Update (%%store_name%%)', '%%store_name%%<br />------------------------------------------------------<br />Order Number: %%order_number%%<br />Detailed Invoice: %%invoice_link%%<br />Date Ordered: %%date_ordered%%<br /><br />Order Comment<br />------------------------------------------------------<br />%%order_comment%%<br /><br />Order Status<br />------------------------------------------------------<br />New Status: %%new_order_status%%<br /><br />Please reply to this e-mail if you have any questions regarding this order.'),
(6, 1, 'Welcome to %%store_name%%', '%%greeting_text%%<br /><br />We welcome you to %%store_name%%.<br /><br />You can now take part in the various services we have to offer you. Some of these services include:<br /><br />* Permanent Shopping Cart - Any products added to your online shopping cart remain there until you purchase or remove them<br />* Address Book - Products can be delivered to any addresses you define in your address book! This is perfect to send gifts directly to the customers.<br />* Order History - The previous orders you have made can be viewed online.<br />* Product Reviews -  Share opinions about products with other customers.<br /><br />For help with any of our online services please email us at: %%store_owner_email_address%%<br />Please note: This account has been created for you by the store owner. <br /><br />Please use your e-mail address with the following password as your login account: %%password%%'),
(7, 1, 'Inquiry from %%store_name%%', '%%greeting_text%%<br /><br />We noticed that during a visit to our store you placed the following item(s) in your shopping cart, but did not complete the transaction.<br /><br />Shopping Cart Contents:<br /><br />%%shopping_cart_contents%%<br /><br />Comment:<br /><br />%%comment%%<br /><br />We are always interested in knowing what happened and if there was a reason that you decided not to purchase at this time. If you could be so kind as to let us know if you had any issues or concerns, we would appreciate it. <br /><br />We are asking for feedback from you and others as to how we can help make your experience at %%store_name%% better.<br /><br />PLEASE NOTE:<br /><br />If you believe you completed your purchase and are wondering why it was not delivered, this email is an indication that your order was NOT completed, and that you have NOT been charged! Please return to the store in order to complete your order.<br /><br />Our apologies if you already completed your purchase, we try not to send these messages in those cases, but sometimes it is hard for us to tell depending on individual circumstances.<br /><br />Again, thank you for your time and consideration in helping us improve the %%store_name%%.<br /><br />Sincerely,<br />%%store_name%%'),
(8, 1, 'You have received a coupon from %%store_name%%', '%%greeting_text%%<br /><br />You have received a coupon from %%store_name%%. You can redeem this coupon during checkout. Just enter the code in the box provided, and click on the redeem button.<br /><br />The coupon code is: %%coupon_code%%<br /><br />Don''t lose the coupon code, make sure to keep the code safe so you can benefit from this special offer.<br /><br />%%addtional_message%%'),
(9, 1, 'You have receive a store credit from administrator', '%%greeting_text%% <p> The administrator has updated your store credits. Now you have %%customer_credits%% credits in your account. </p>'),
(10, 1, 'Your friend %%from_name%% want to share his wishlist from %%store_name%%', 'Hi!<br /><br />Your friend %%from_name%% want to share his wishlist from %%store_name%%.<br /><br />%%message%%<br /><br />To view the wishlist click on the link below or copy and paste the link into your web browser:<br /><br />%%wishlist_url%%<br /><br />Regards,<br /><br />%%store_name%% <br />%%store_address%%'),
(11, 1, 'You have received a gift certificate from %%recipient_name%%', 'Dear %%recipient_name%%,<br /><br />You have received a gift certificate from %%sender_name%%. You can redeem this gift certificate during checkout. Just enter the code in the box provided, and click on the redeem button.<br /><br />The gift certificate amount is %%gift_certificate_amount%% and  the gift certificate code is: %%gift_certificate_code%%<br /><br />Don''t lose the gift certificate code and make sure to keep the code safe.<br /><br /><b>%%gift_certificate_message%%</b><br /><br />Regards,<br /><br />%%store_name%% <br />%%store_owner_email_address%%'),
(12, 1, 'The download link for %%downloadable_products%% is actived', 'Dear %%customer_name%%,<br /><br />The download link for the products you purchased from store %%store_name%%: <br /><br />%%downloadable_products%%<br /><br />is actived.<br /><br />Please go to the orders area of "My Account" and download the products.<br /><br />%%download_link%%<br /><br />Regards,<br /><br />%%store_name%% <br />%%store_owner_email_address%%'),
(13, 1, 'A new credit slip is created for returned products', 'Dear %%customer_name%%,<br /><br />A new credit slip is created for following returned products:<br /><br /> %%returned_products%% <br /><br />from order %%order_number%%. The slip number is %%slip_number%% and the total amount is %%total_amount%%. You can print out the credit slip in the "My Acount" area. <br /><br />Regards,<br /><br />%%store_name%% <br />%%store_owner_email_address%%'),
(14, 1, 'New store credit is created for returned products', 'Dear %%customer_name%%,<br /><br />New store credit is created for following returned products:<br /><br /> %%returned_products%% <br /><br />from order %%order_number%%. The total amount is %%total_amount%% and the store credit is made to your billing account so that it can be used for future purchases. <br /><br />Regards,<br /><br />%%store_name%% <br />%%store_owner_email_address%%'),
(15, 1, 'Administrator Password Reminder to TomatoCart', 'A new password was requested from %%admin_ip_address%%.<br /><br />Your new password is:<br /><br />%%admin_password%%<br /><br />Regards,<br /><br />%%store_name%% <br />%%store_owner_email_address%%'),
(16, 1, 'Product out of Stock', 'TomatoCart<br>---------------------------------------------------<br>%%products_name%% %%products_variants%% is out of stock.<br>---------------------------------------------------<br>Remaining stock: %%products_quantity%%. You are advised to turn <br>to the Products section in the admin panel to replenish the inventory.');

-- --------------------------------------------------------

--
-- 表的结构 `toc_extensions`
--

CREATE TABLE IF NOT EXISTS `toc_extensions` (
  `id` int(11) NOT NULL AUTO_INCREMENT,
  `title` varchar(64) NOT NULL,
  `code` varchar(32) NOT NULL,
  `author_name` varchar(64) NOT NULL,
  `author_www` varchar(255) DEFAULT NULL,
  `modules_group` varchar(32) NOT NULL,
  `params` text,
  PRIMARY KEY (`id`)
) ENGINE=MyISAM  DEFAULT CHARSET=utf8 AUTO_INCREMENT=146 ;

--
-- 转存表中的数据 `toc_extensions`
--

INSERT INTO `toc_extensions` (`id`, `title`, `code`, `author_name`, `author_www`, `modules_group`, `params`) VALUES
(1, 'Best Sellers', 'best_sellers', 'osCommerce', 'http://www.oscommerce.com', 'boxes', NULL),
(2, 'Categories', 'categories', 'osCommerce', 'http://www.oscommerce.com', 'boxes', NULL),
(3, 'Currencies', 'currencies', 'osCommerce', 'http://www.oscommerce.com', 'boxes', NULL),
(4, 'Information', 'information', 'osCommerce', 'http://www.oscommerce.com', 'boxes', NULL),
(5, 'Manufacturer Info', 'manufacturer_info', 'osCommerce', 'http://www.oscommerce.com', 'boxes', NULL),
(6, 'Manufacturers', 'manufacturers', 'osCommerce', 'http://www.oscommerce.com', 'boxes', NULL),
(7, 'Order History', 'order_history', 'osCommerce', 'http://www.oscommerce.com', 'boxes', NULL),
(8, 'Product Notifications', 'product_notifications', 'osCommerce', 'http://www.oscommerce.com', 'boxes', NULL),
(9, 'Reviews', 'reviews', 'osCommerce', 'http://www.oscommerce.com', 'boxes', NULL),
(10, 'Specials', 'specials', 'osCommerce', 'http://www.oscommerce.com', 'boxes', NULL),
(11, 'Tell a Friend', 'tell_a_friend', 'osCommerce', 'http://www.oscommerce.com', 'boxes', NULL),
(12, 'What''s New', 'whats_new', 'osCommerce', 'http://www.oscommerce.com', 'boxes', NULL),
(13, 'New Products', 'new_products', 'osCommerce', 'http://www.oscommerce.com', 'content', NULL),
(14, 'Upcoming Products', 'upcoming_products', 'osCommerce', 'http://www.oscommerce.com', 'content', NULL),
(15, 'Recently Visited', 'recently_visited', 'osCommerce', 'http://www.oscommerce.com', 'content', NULL),
(16, 'Also Purchased Products', 'also_purchased_products', 'osCommerce', 'http://www.oscommerce.com', 'content', NULL),
(17, 'Cross Sell Products', 'xsell_products', 'TomatoCart', 'http://www.tomatocart.com', 'content', NULL),
(18, 'Compare Products', 'compare_products', 'TomatoCart', 'http://www.tomatocart.com', 'boxes', NULL),
(19, 'Popular Search Term', 'popular_search_terms_tag_cloud', 'TomatoCart', 'http://www.tomatocart.com', 'boxes', NULL),
(20, 'Feature Products', 'feature_products', 'TomatoCart', 'http://www.tomatocart.com', 'content', NULL),
(21, 'Shopping Cart', 'shopping_cart', 'TomatoCart', 'http://www.tomatocart.com', 'boxes', NULL),
(133, 'order_total_shipping_title', 'shipping', '', '', 'order_total', '{"MODULE_ORDER_TOTAL_SHIPPING_STATUS":"true","MODULE_ORDER_TOTAL_SHIPPING_SORT_ORDER":"20"}'),
(134, 'order_total_subtotal_title', 'sub_total', '', '', 'order_total', '{"MODULE_ORDER_TOTAL_SUBTOTAL_STATUS":"true","MODULE_ORDER_TOTAL_SUBTOTAL_SORT_ORDER":"10"}'),
(100, 'Slideshow', 'slide_show', 'TomatoCart', 'http://www.tomatocart.com', 'content', NULL),
(101, 'Article Categories', 'articles_categories', 'TomatoCart', 'http://www.tomatocart.com', 'boxes', NULL),
(102, 'Shop By Price', 'shop_by_price', 'TomatoCart', 'http://www.tomatocart.com', 'boxes', NULL),
(136, 'order_total_total_title', 'total', '', '', 'order_total', '{"MODULE_ORDER_TOTAL_TOTAL_STATUS":"true","MODULE_ORDER_TOTAL_TOTAL_SORT_ORDER":"80"}'),
(135, 'order_total_tax_title', 'tax', '', '', 'order_total', '{"MODULE_ORDER_TOTAL_TAX_STATUS":"true","MODULE_ORDER_TOTAL_TAX_SORT_ORDER":"50"}'),
(142, 'shipping_flat_title', 'flat', '', '', 'shipping', '{"MODULE_SHIPPING_FLAT_STATUS":"True","MODULE_SHIPPING_FLAT_COST":"5.00","MODULE_SHIPPING_FLAT_TAX_CLASS":"0","MODULE_SHIPPING_FLAT_ZONE":"0","MODULE_SHIPPING_FLAT_SORT_ORDER":"0"}'),
(145, 'shipping_self_pickup_title', 'self_pickup', '', '', 'shipping', '{"MODULE_SHIPPING_SELF_PICKUP_STATUS":"True","MODULE_SHIPPING_SELF_PICKUP_ZONE":"0","MODULE_SHIPPING_SELF_PICKUP_SORT_ORDER":"0"}'),
(144, 'shipping_item_title', 'item', '', '', 'shipping', '{"MODULE_SHIPPING_ITEM_STATUS":"True","MODULE_SHIPPING_ITEM_COST":"2.50","MODULE_SHIPPING_ITEM_HANDLING":"0","MODULE_SHIPPING_ITEM_TAX_CLASS":"0","MODULE_SHIPPING_ITEM_ZONE":"0","MODULE_SHIPPING_ITEM_SORT_ORDER":"0"}'),
(129, 'payment_cod_title', 'cod', '', '', 'payment', '{"MODULE_PAYMENT_COD_STATUS":"True","MODULE_PAYMENT_COD_ZONE":"0","MODULE_PAYMENT_COD_SORT_ORDER":"0","MODULE_PAYMENT_COD_ORDER_STATUS_ID":"0"}');

-- --------------------------------------------------------

--
-- 表的结构 `toc_faqs`
--

CREATE TABLE IF NOT EXISTS `toc_faqs` (
  `faqs_id` int(11) NOT NULL AUTO_INCREMENT,
  `faqs_status` tinyint(1) NOT NULL,
  `faqs_order` int(10) NOT NULL,
  `faqs_date_added` datetime NOT NULL,
  `faqs_last_modified` datetime NOT NULL,
  PRIMARY KEY (`faqs_id`)
) ENGINE=MyISAM DEFAULT CHARSET=utf8 AUTO_INCREMENT=1 ;

--
-- 转存表中的数据 `toc_faqs`
--


-- --------------------------------------------------------

--
-- 表的结构 `toc_faqs_description`
--

CREATE TABLE IF NOT EXISTS `toc_faqs_description` (
  `faqs_id` int(11) NOT NULL,
  `language_id` int(11) NOT NULL,
  `faqs_question` varchar(255) NOT NULL,
  `faqs_url` varchar(255) NOT NULL,
  `faqs_answer` text NOT NULL,
  PRIMARY KEY (`faqs_id`,`language_id`)
) ENGINE=MyISAM DEFAULT CHARSET=utf8;

--
-- 转存表中的数据 `toc_faqs_description`
--


-- --------------------------------------------------------

--
-- 表的结构 `toc_geo_zones`
--

CREATE TABLE IF NOT EXISTS `toc_geo_zones` (
  `geo_zone_id` int(11) NOT NULL AUTO_INCREMENT,
  `geo_zone_name` varchar(32) NOT NULL,
  `geo_zone_description` varchar(255) NOT NULL,
  `last_modified` datetime DEFAULT NULL,
  `date_added` datetime NOT NULL,
  PRIMARY KEY (`geo_zone_id`)
) ENGINE=MyISAM  DEFAULT CHARSET=utf8 AUTO_INCREMENT=2 ;

--
-- 转存表中的数据 `toc_geo_zones`
--

INSERT INTO `toc_geo_zones` (`geo_zone_id`, `geo_zone_name`, `geo_zone_description`, `last_modified`, `date_added`) VALUES
(1, 'Florida', 'Florida local sales tax zone', NULL, '2011-08-31 09:16:25');

-- --------------------------------------------------------

--
-- 表的结构 `toc_gift_certificates`
--

CREATE TABLE IF NOT EXISTS `toc_gift_certificates` (
  `gift_certificates_id` int(11) NOT NULL AUTO_INCREMENT,
  `orders_id` int(11) NOT NULL,
  `orders_products_id` int(11) NOT NULL,
  `gift_certificates_type` int(5) NOT NULL,
  `status` tinyint(1) NOT NULL,
  `amount` decimal(15,4) NOT NULL,
  `gift_certificates_code` varchar(32) NOT NULL,
  `senders_name` varchar(64) NOT NULL,
  `senders_email` varchar(96) NOT NULL,
  `recipients_name` varchar(64) NOT NULL,
  `recipients_email` varchar(96) NOT NULL,
  `messages` text NOT NULL,
  PRIMARY KEY (`gift_certificates_id`)
) ENGINE=MyISAM DEFAULT CHARSET=utf8 AUTO_INCREMENT=1 ;

--
-- 转存表中的数据 `toc_gift_certificates`
--


-- --------------------------------------------------------

--
-- 表的结构 `toc_gift_certificates_redeem_history`
--

CREATE TABLE IF NOT EXISTS `toc_gift_certificates_redeem_history` (
  `gift_certificates_redeem_history_id` int(11) NOT NULL AUTO_INCREMENT,
  `gift_certificates_id` int(11) NOT NULL,
  `customers_id` int(11) NOT NULL,
  `orders_id` int(11) NOT NULL,
  `redeem_date` datetime NOT NULL,
  `redeem_amount` decimal(15,4) NOT NULL,
  `redeem_ip_address` varchar(15) NOT NULL,
  PRIMARY KEY (`gift_certificates_redeem_history_id`)
) ENGINE=MyISAM DEFAULT CHARSET=utf8 AUTO_INCREMENT=1 ;

--
-- 转存表中的数据 `toc_gift_certificates_redeem_history`
--


-- --------------------------------------------------------

--
-- 表的结构 `toc_guest_books`
--

CREATE TABLE IF NOT EXISTS `toc_guest_books` (
  `guest_books_id` int(11) NOT NULL AUTO_INCREMENT,
  `title` varchar(255) NOT NULL,
  `email` varchar(255) NOT NULL,
  `url` varchar(255) NOT NULL,
  `guest_books_status` tinyint(1) NOT NULL,
  `languages_id` int(11) NOT NULL,
  `content` text NOT NULL,
  `date_added` datetime DEFAULT NULL,
  PRIMARY KEY (`guest_books_id`)
) ENGINE=MyISAM  DEFAULT CHARSET=utf8 AUTO_INCREMENT=9 ;

--
-- 转存表中的数据 `toc_guest_books`
--

INSERT INTO `toc_guest_books` (`guest_books_id`, `title`, `email`, `url`, `guest_books_status`, `languages_id`, `content`, `date_added`) VALUES
(1, '测试标题1', 'zheng.lei@live.com', 'http://www.sina.com.cn', 1, 1, '超出订单的部分用英语怎么说呢？Run on？还是什么？有没有什么专...\r\n超出订单的部分用英语怎么说呢？Run on？还是什么？有没有什么专业的词语？或者...比如说按照客户的订单要求生产1000个，而实际上我们生产了1100个，这多出的100个...', NULL),
(2, '测试标题2', 'zheng.lei1@live.com', 'http://www.sina.com.cn', 0, 1, '超出订单的部分用英语怎么说呢？Run on？还是什么？有没有什么专...\r\n超出订单的部分用英语怎么说呢？Run on？还是什么？有没有什么专业的词语？或者...比如说按照客户的订单要求生产1000个，而实际上我们生产了1100个，这多出的100个...', NULL),
(3, '等所发生的啊沙发大声点发', 'zheng.lei@live.com', 'http://weibo.com/ajaxlogin.php?framelogin=1&callback=parent.sinaSSOController.feedBackUrlCallBack', 1, 1, '阿斯顿发是的阿斯达发生地啊撒旦法撒旦法生阿斯达发生地发等发大水 ', NULL),
(7, '人权理事会决议称叙政府对屠杀负责', 'zheng.lei@live.com', 'www.aisex.com', 1, 1, 'asfdasf', NULL),
(8, '人权理事会决议称叙政府对屠杀负责', 'zheng.lei@live.com', 'http://weibo.com/ajaxlogin.php?framelogin=1&callback=parent.sinaSSOController.feedBackUrlCallBack', 0, 1, 'adsfadfadf', NULL);

-- --------------------------------------------------------

--
-- 表的结构 `toc_languages`
--

CREATE TABLE IF NOT EXISTS `toc_languages` (
  `languages_id` int(11) NOT NULL AUTO_INCREMENT,
  `name` varchar(32) NOT NULL,
  `code` char(5) NOT NULL,
  `locale` varchar(255) NOT NULL,
  `charset` varchar(32) NOT NULL,
  `date_format_short` varchar(32) NOT NULL,
  `date_format_long` varchar(32) NOT NULL,
  `time_format` varchar(32) NOT NULL,
  `text_direction` varchar(12) NOT NULL,
  `currencies_id` int(11) NOT NULL,
  `numeric_separator_decimal` varchar(12) NOT NULL,
  `numeric_separator_thousands` varchar(12) NOT NULL,
  `parent_id` int(11) DEFAULT '0',
  `sort_order` int(3) DEFAULT NULL,
  PRIMARY KEY (`languages_id`)
) ENGINE=MyISAM  DEFAULT CHARSET=utf8 AUTO_INCREMENT=3 ;

--
-- 转存表中的数据 `toc_languages`
--

INSERT INTO `toc_languages` (`languages_id`, `name`, `code`, `locale`, `charset`, `date_format_short`, `date_format_long`, `time_format`, `text_direction`, `currencies_id`, `numeric_separator_decimal`, `numeric_separator_thousands`, `parent_id`, `sort_order`) VALUES
(1, 'English', 'en_US', 'en_US.UTF-8,en_US,english', 'utf-8', '%m/%d/%Y', '%A %d %B, %Y', '%H:%M:%S', 'ltr', 1, '.', ',', 0, 1),
(2, '中文简体', 'zh_CN', 'zh_CN.UTF-8,zh_CN,simplified chinese', 'utf-8', '%Y-%m-%d', '%Y年%B月%d日%A', '%H:%M:%S', 'ltr', 1, '.', ',', 0, 2);

-- --------------------------------------------------------

--
-- 表的结构 `toc_languages_definitions`
--

CREATE TABLE IF NOT EXISTS `toc_languages_definitions` (
  `id` int(11) NOT NULL AUTO_INCREMENT,
  `languages_id` int(11) NOT NULL,
  `content_group` varchar(32) NOT NULL,
  `definition_key` varchar(255) NOT NULL,
  `definition_value` text NOT NULL,
  PRIMARY KEY (`id`),
  KEY `IDX_LANGUAGES_DEFINITIONS_LANGUAGES` (`languages_id`),
  KEY `IDX_LANGUAGES_DEFINITIONS` (`languages_id`,`content_group`),
  KEY `IDX_LANGUAGES_DEFINITIONS_GROUPS` (`content_group`)
) ENGINE=MyISAM  DEFAULT CHARSET=utf8 AUTO_INCREMENT=3347 ;

--
-- 转存表中的数据 `toc_languages_definitions`
--

INSERT INTO `toc_languages_definitions` (`id`, `languages_id`, `content_group`, `definition_key`, `definition_value`) VALUES
(1, 1, 'general', 'home', 'Home'),
(2, 1, 'general', 'specials', 'Specials'),
(3, 1, 'general', 'special_products', 'Special Products'),
(4, 1, 'general', 'new_products', 'New Products'),
(5, 1, 'general', 'feature_products', 'Feature Products'),
(6, 1, 'general', 'contact_us', 'Contact Us'),
(7, 1, 'general', 'guest_book', 'Guest Book'),
(8, 1, 'general', 'my_account', 'My Account'),
(9, 1, 'general', 'my_wishlist', 'My Wishlist'),
(10, 1, 'general', 'login', 'Login'),
(11, 1, 'general', 'logoff', 'Logoff'),
(12, 1, 'general', 'create_account', 'Create Account'),
(13, 1, 'general', 'cart_contents', 'Cart Contents'),
(14, 1, 'general', 'save_cart_status_success', 'status of the blockcart module updated in the cookie'),
(15, 1, 'general', 'no_cart_status_setted', 'ERROR: No status setted'),
(16, 1, 'general', 'error_no_shipping_flat_url', 'Track Information is currently not available. Please contact us for more information or email us at info@tomatocart.com'),
(17, 1, 'general', 'table_heading_carrier', 'Carrier :'),
(18, 1, 'general', 'table_heading_track_number', 'Track Number :'),
(19, 1, 'general', 'table_heading_track', 'Track :'),
(20, 1, 'general', 'table_heading_error', 'Error :'),
(21, 1, 'general', 'button_track_your_order', 'Track your order'),
(22, 1, 'general', 'heading_title_order_track_infomation', 'Track Infomation'),
(23, 1, 'general', 'save_cart_status_error', 'ERROR: bad status setted. Only collapse or expand status of the blockcart module are available.'),
(24, 1, 'general', 'field_guestbook_title_error', 'ERROR: Please specify the message title.'),
(25, 1, 'general', 'field_guestbook_email_error', 'ERROR: Please specify the correct email address.'),
(26, 1, 'general', 'field_guestbook_content_error', 'ERROR: Please specify the content.'),
(27, 1, 'general', 'field_guestbook_verify_code_error', 'ERROR: Please specify the correct verify code.'),
(28, 1, 'general', 'success_guestbook_saved', 'The message has been successfully saved.'),
(29, 1, 'general', 'verification_info_note', 'Enter the code in the Box bellow.'),
(30, 1, 'general', 'checkout', 'Checkout'),
(31, 1, 'general', 'breadcrumb_top', 'Top'),
(32, 1, 'general', 'breadcrumb_shop', 'Online Shop'),
(33, 1, 'general', 'bookmark', 'Bookmark'),
(34, 1, 'general', 'text_items', 'item(s)'),
(35, 1, 'general', 'sign_in', 'Sign In'),
(36, 1, 'general', 'sign_out', 'Sign Out'),
(37, 1, 'general', 'gender_male', 'Male'),
(38, 1, 'general', 'gender_female', 'Female'),
(39, 1, 'general', 'close', 'Close'),
(40, 1, 'general', 'pull_down_default', '--Please Select--'),
(41, 1, 'general', 'admin_logout', 'Administrator Logout'),
(42, 1, 'general', 'field_username', 'Username:'),
(43, 1, 'general', 'field_password', 'Password:'),
(44, 1, 'general', 'button_login', 'Login'),
(45, 1, 'general', 'introduction_maintenance_mode_text', 'We apologize for any inconvenience, this website is down for maintenance, please come back latter!'),
(46, 1, 'general', 'error_admin_login_no_match', 'There was no match for username and/or password. Please try again.'),
(47, 1, 'general', 'js_error', 'Errors have occured during the process of your form.\\n\\nPlease make the following corrections:\\n\\n'),
(48, 1, 'general', 'js_error_already_submitted', 'This form has already been submitted. Please press Ok and wait for this process to be completed.'),
(49, 1, 'general', 'error_download_max_num_of_days', 'You have reached the maximum download days.'),
(50, 1, 'general', 'error_download_max_num_of_times', 'You have reached the maximum download times.'),
(51, 1, 'general', 'error_download_file_not_exist', 'The requested file does not exist.'),
(52, 1, 'general', 'products', 'Products'),
(53, 1, 'general', 'shipping', 'Shipping'),
(54, 1, 'general', 'total', 'Total'),
(55, 1, 'general', 'product', 'Product'),
(56, 1, 'general', 'No products', 'No products'),
(57, 1, 'general', 'form_required_information', '* Required information'),
(58, 1, 'general', 'result_set_current_page', 'Page %s of %d'),
(59, 1, 'general', 'result_set_number_of_products', 'Displaying <b>%d</b> to <b>%d</b> (of <b>%d</b> products)'),
(60, 1, 'general', 'result_set_number_of_orders', 'Displaying <b>%d</b> to <b>%d</b> (of <b>%d</b> orders)'),
(61, 1, 'general', 'result_set_number_of_orders_returns', 'Displaying <b>%d</b> to <b>%d</b> (of <b>%d</b> returned orders)'),
(62, 1, 'general', 'result_set_number_of_reviews', 'Displaying <b>%d</b> to <b>%d</b> (of <b>%d</b> reviews)'),
(63, 1, 'general', 'result_set_number_of_articles', 'Displaying <b>%d</b> to <b>%d</b> (of <b>%d</b> articles)'),
(64, 1, 'general', 'result_set_previous_page', '[&lt;&lt;&nbsp;Prev]'),
(65, 1, 'general', 'result_set_next_page', '[Next&nbsp;&gt;&gt;]'),
(66, 1, 'general', 'button_add_address', 'Add Address'),
(67, 1, 'general', 'button_back', 'Back'),
(68, 1, 'general', 'button_buy_now', 'Buy Now'),
(69, 1, 'general', 'button_write_message', 'Write Message'),
(70, 1, 'general', 'button_read_more', 'Read More'),
(71, 1, 'general', 'button_add', 'Add'),
(72, 1, 'general', 'button_clear', 'Clear'),
(73, 1, 'general', 'button_compare_now', 'Compare Now'),
(74, 1, 'general', 'add_to_wishlist', 'Add To Wishlist'),
(75, 1, 'general', 'add_to_compare', 'Add To Compare'),
(76, 1, 'general', 'print', 'Print'),
(77, 1, 'general', 'button_change_address', 'Change Address'),
(78, 1, 'general', 'button_checkout', 'Checkout'),
(79, 1, 'general', 'button_confirm_order', 'Confirm Order'),
(80, 1, 'general', 'button_continue', 'Continue'),
(81, 1, 'general', 'submit_reviews', 'Submit Reviews'),
(82, 1, 'general', 'button_delete', 'Delete'),
(83, 1, 'general', 'button_edit', 'Edit'),
(84, 1, 'general', 'button_view', 'View'),
(85, 1, 'general', 'button_print', 'Print'),
(86, 1, 'general', 'button_sign_in', 'Sign In'),
(87, 1, 'general', 'button_add_to_cart', 'Add to Cart'),
(88, 1, 'general', 'button_reviews', 'Reviews'),
(89, 1, 'general', 'button_search', 'Search'),
(90, 1, 'general', 'button_update_cart', 'Update Shopping Cart'),
(91, 1, 'general', 'button_continue_shopping', 'Continue Shopping'),
(92, 1, 'general', 'button_write_review', 'Write Review'),
(93, 1, 'general', 'button_result', 'Result'),
(94, 1, 'general', 'button_vote', 'Vote'),
(95, 1, 'general', 'icon_in_cart', 'Add to Shopping Cart'),
(96, 1, 'general', 'tax_rate_unknown', 'Tax rate unknown'),
(97, 1, 'general', 'footer', 'Copyright &copy; %s <a href="%s">%s</a><br />Powered by <a href="http://www.tomatocart.com" target="_blank">TomatoCart</a>'),
(98, 1, 'index', 'rss_heading', 'RSS Feeds'),
(99, 1, 'index', 'rss_categories', 'Categories'),
(100, 1, 'index', 'index_heading', 'Welcome to %s!'),
(101, 1, 'index', 'index_text', 'This is a default setup of the TomatoCart e-commerce shopping cart solution, products shown are for demonstrational purposes, <b>any products purchased will not be delivered nor will the customer be billed</b>. Any information seen on these products is to be treated as fictional.dsfsdfsd'),
(102, 1, 'general', 'listing_image_heading', 'Image'),
(103, 1, 'general', 'listing_sku_heading', 'SKU'),
(104, 1, 'general', 'listing_products_heading', 'Products'),
(105, 1, 'general', 'listing_manufacturer_heading', 'Manufacturer'),
(106, 1, 'general', 'listing_quantity_heading', 'Quantity'),
(107, 1, 'general', 'listing_price_heading', 'Price'),
(108, 1, 'general', 'listing_weight_heading', 'Weight'),
(109, 1, 'general', 'listing_buy_now_heading', 'Buy Now'),
(110, 1, 'general', 'products_attributes_filter', 'Product Attributes'),
(111, 1, 'general', 'section_heading_products_attachments', 'Attachments'),
(112, 1, 'general', 'section_heading_products_accessories', 'Accessories'),
(113, 1, 'general', 'no_products_in_category', 'There are no products available in this category.'),
(114, 1, 'general', 'filter_show', 'Show:'),
(115, 1, 'general', 'filter_all_categories', 'All Categories'),
(116, 1, 'general', 'close_panel', 'Close Panel'),
(117, 1, 'general', 'hello_guest', 'Hello Guest!'),
(118, 1, 'general', 'register', 'Register'),
(119, 1, 'general', 'welcome', 'Welcome'),
(120, 1, 'general', 'filter_all_manufacturers', 'All Manufacturers'),
(121, 1, 'index', 'greeting_guest', 'Welcome! <a href="%s">Sign in</a> and see <a href="%s">what''s new</a> since your last visit.'),
(122, 1, 'index', 'greeting_customer', 'Welcome back %s! Take a look at <a href="%s">what is new</a> since your last visit!'),
(123, 1, 'general', 'listing_sort_ascendingly', 'Sort by %s ascendingly'),
(124, 1, 'general', 'listing_sort_descendingly', 'Sort by %s descendingly'),
(125, 1, 'general', 'wishlist_title', 'My Wishlist'),
(126, 1, 'account', 'share_your_wishlist_title', 'Share Your Wishlist'),
(127, 1, 'account', 'field_share_wishlist_customer_name', 'Your Name:'),
(128, 1, 'account', 'field_share_wishlist_customer_email', 'Your E-Mail Address:'),
(129, 1, 'account', 'field_share_wishlist_emails', 'Emails: (seperated by comma)'),
(130, 1, 'account', 'field_share_wishlist_message', 'Message:'),
(131, 1, 'account', 'field_share_wishlist_customer_name_error', 'Please specify your Name.'),
(132, 1, 'account', 'field_share_wishlist_customer_email_error', 'Please specify your E-Mail address.'),
(133, 1, 'account', 'field_share_wishlist_emails_error', 'Please specify your friends'' E-Mail address.'),
(134, 1, 'account', 'field_share_wishlist_message_error', 'Please specify the message.'),
(135, 1, 'account', 'listing_comments_heading', 'Comments'),
(136, 1, 'account', 'listing_date_added_heading', 'Date Added'),
(137, 1, 'account', 'success_wishlist_entry_deleted', 'The selected product has been successfully removed from your wishlistbook.'),
(138, 1, 'account', 'success_wishlist_entry_updated', 'Your wishlist has been successfully updated.'),
(139, 1, 'account', 'success_share_wishlist_email_sent', 'Your wishlist has been successfully sent to your friends.'),
(140, 1, 'account', 'wishlist_empty', 'There is no product in your wishlist.'),
(141, 1, 'account', 'breadcrumb_sign_in', 'Sign In'),
(142, 1, 'account', 'breadcrumb_sign_out', 'Sign Out'),
(143, 1, 'account', 'breadcrumb_my_account', 'My Account'),
(144, 1, 'account', 'breadcrumb_edit_account', 'Edit Account'),
(145, 1, 'account', 'breadcrumb_edit_password', 'Change Password'),
(146, 1, 'account', 'breadcrumb_my_orders', 'Orders'),
(147, 1, 'account', 'breadcrumb_order_information', 'Order #%s'),
(148, 1, 'account', 'breadcrumb_newsletters', 'Newsletters'),
(149, 1, 'account', 'breadcrumb_notifications', 'Notifications'),
(150, 1, 'account', 'breadcrumb_address_book', 'Address Book'),
(151, 1, 'account', 'breadcrumb_wishlist', 'My Wishlist'),
(152, 1, 'account', 'breadcrumb_address_book_add_entry', 'Add Entry'),
(153, 1, 'account', 'breadcrumb_address_book_edit_entry', 'Edit Entry'),
(154, 1, 'account', 'breadcrumb_address_book_delete_entry', 'Delete Entry'),
(155, 1, 'account', 'breadcrumb_create_account', 'Create an Account'),
(156, 1, 'account', 'breadcrumb_password_forgotten', 'Password Forgotten'),
(157, 1, 'account', 'sign_in_heading', 'Welcome, Please Sign In'),
(158, 1, 'account', 'sign_out_heading', 'Sign Out From Your Account'),
(159, 1, 'account', 'wishlist_heading', 'My Wishlist'),
(160, 1, 'account', 'account_heading', 'My Account'),
(161, 1, 'account', 'account_edit_heading', 'My Account Information'),
(162, 1, 'account', 'account_password_heading', 'My Account Password'),
(163, 1, 'account', 'orders_heading', 'My Orders'),
(164, 1, 'account', 'order_information_heading', 'Order #%s'),
(165, 1, 'account', 'return_slip_heading_title', 'Return Slip'),
(166, 1, 'account', 'operation_heading_return_id', 'Return Number:'),
(167, 1, 'account', 'operation_heading_return_date', 'Return Date:'),
(168, 1, 'account', 'operation_heading_order_id', 'Order Number:'),
(169, 1, 'account', 'operation_heading_order_date', 'Order Date:'),
(170, 1, 'account', 'operation_heading_comments', 'Comment:'),
(171, 1, 'account', 'heading_products_name', 'Product Name'),
(172, 1, 'account', 'heading_products_quantity', 'Qty.'),
(173, 1, 'account', 'operation_heading_reminder', 'Reminder:'),
(174, 1, 'account', 'return_slip_reminder', '- The products must be returned in their original packaging without damage or wear. <br /> - Please print out this return slip and include it into the return package. <br /> - We reserve the right to refuse the package if the conditions listed above are not respected.'),
(175, 1, 'account', 'credit_slip_heading_title', 'Credit Slip'),
(176, 1, 'account', 'pdf_order_heading_title', 'Order'),
(177, 1, 'account', 'pdf_invoice_heading_title', 'Invoice'),
(178, 1, 'account', 'operation_heading_invoice_number', 'Invoice Number:'),
(179, 1, 'account', 'operation_heading_invoice_date', 'Invoice Date:'),
(180, 1, 'account', 'operation_heading_credit_slip_id', 'Credit Slip Number:'),
(181, 1, 'account', 'operation_heading_credit_slip_date', 'Date Created:'),
(182, 1, 'account', 'heading_products_price', 'Price'),
(183, 1, 'account', 'heading_products_total', 'Total'),
(184, 1, 'account', 'refund_sub_total', 'Sub Total:'),
(185, 1, 'account', 'refund_shipping', 'Shipping:'),
(186, 1, 'account', 'refund_handling', 'Handling Fee:'),
(187, 1, 'account', 'refund_total', 'Refund Total'),
(188, 1, 'account', 'credit_slips_heading', 'Credit Slips'),
(189, 1, 'account', 'credit_slip_number', 'Credit Slip Number:'),
(190, 1, 'account', 'date_added', 'Date Added:'),
(191, 1, 'account', 'orders_returns_heading', 'Return Requests'),
(192, 1, 'account', 'orders_returns_information_heading', 'Return item(s) for order #%s'),
(193, 1, 'account', 'field_return_comments', 'Comment for return item(s):'),
(194, 1, 'account', 'error_quantity_for_return_product', 'Please choose the quantity for %s.'),
(195, 1, 'account', 'error_return_comments_empty', 'Please specify the comments for return item(s).'),
(196, 1, 'account', 'error_return_items_empty', 'Please choose at least one product to return.'),
(197, 1, 'account', 'no_products_available_for_return', 'There is not products available for return.'),
(198, 1, 'account', 'order_return_number', 'Order return ID:'),
(199, 1, 'account', 'order_return_date_added', 'Date Added:'),
(200, 1, 'account', 'order_return_products', 'Products:'),
(201, 1, 'account', 'order_return_comments', 'Comment:'),
(202, 1, 'account', 'newsletters_heading', 'My Newsletter Subscriptions'),
(203, 1, 'account', 'notifications_heading', 'My Product Notifications'),
(204, 1, 'account', 'address_book_heading', 'My Address Book'),
(205, 1, 'account', 'address_book_add_entry_heading', 'New Address Book Entry'),
(206, 1, 'account', 'address_book_edit_entry_heading', 'Edit Address Book Entry'),
(207, 1, 'account', 'address_book_delete_entry_heading', 'Remove Address Book Entry'),
(208, 1, 'account', 'create_account_heading', 'Create an Account'),
(209, 1, 'account', 'create_account_success_heading', 'Your Account Has Been Created!'),
(210, 1, 'account', 'login_new_customer_heading', 'New Customer'),
(211, 1, 'account', 'login_new_customer_text', 'I am a new customer and do not yet have an account here.<br /><br />By creating an account you will be able to take advantage of this store by shopping faster, be kept up to date on the status of an order, and keep track of the orders you have made.'),
(212, 1, 'account', 'login_returning_customer_heading', 'Returning Customer'),
(213, 1, 'account', 'login_returning_customer_text', 'I am a returning customer and already have an account here.'),
(214, 1, 'account', 'login_returning_customer_password_forgotten', 'Password forgotten? <a href="%s">Click here</a>.'),
(215, 1, 'account', 'error_login_no_match', 'There was no match for the e-mail address and/or password. Please try again.'),
(216, 1, 'account', 'error_login_status_disabled', 'Your account is deactivated, please contact administrator.'),
(217, 1, 'account', 'guest', 'Not a member'),
(218, 1, 'account', 'lost_password', 'Lost the password'),
(219, 1, 'account', 'register_success', 'Register successfully!'),
(220, 1, 'checkout', 'date_added_to_shopping_cart', 'Date Added: %s'),
(221, 1, 'account', 'sign_out_text', 'You have sign out successfully from your account. Your shopping cart has been saved and will be restored the next time you sign on again.<br /><br />It is now safe to leave this site.'),
(222, 1, 'account', 'my_account_title', 'My Account'),
(223, 1, 'info', 'guestbook_heading', 'Guest Book'),
(224, 1, 'info', 'breadcrumb_guestbook', 'Guest Book'),
(225, 1, 'info', 'guestbook_new_heading', 'New Message'),
(226, 1, 'info', 'field_title', 'Title:'),
(227, 1, 'info', 'field_email', 'Email:'),
(228, 1, 'info', 'field_url', 'URL:'),
(229, 1, 'info', 'field_content', 'Content:'),
(230, 1, 'info', 'field_image_verification', 'Image Verification:'),
(231, 1, 'info', 'information_title', 'Information'),
(232, 1, 'info', 'info_article_categories_heading', 'Articles'),
(233, 1, 'info', 'info_faqs_heading', 'FAQs'),
(234, 1, 'info', 'info_not_found_heading', 'Information not found'),
(235, 1, 'info', 'info_not_found', 'Information not found!'),
(236, 1, 'info', 'no_article_in_this_category', 'There are no articles in this category yet!'),
(237, 1, 'account', 'my_account_information', 'View or change my account information.'),
(238, 1, 'account', 'my_account_address_book', 'View or change entries in my address book.'),
(239, 1, 'account', 'my_account_password', 'Change my account password.'),
(240, 1, 'account', 'my_wishlist_title', 'My Wishlist'),
(241, 1, 'account', 'my_wishlist_view', 'View the products in my wishlist.'),
(242, 1, 'account', 'my_orders_title', 'My Orders'),
(243, 1, 'account', 'my_orders_return_view', 'View the returned requests I have made.'),
(244, 1, 'account', 'no_orders_returns_made_yet', 'There are no return requests!'),
(245, 1, 'account', 'credit_slips', 'Print Credit Slips'),
(246, 1, 'account', 'orders_id', 'Orders Number:'),
(247, 1, 'account', 'no_credit_slips', 'There are no credit slips!'),
(248, 1, 'account', 'result_set_number_of_credit_slips', 'Displaying <b>%d</b> to <b>%d</b> (of <b>%d</b> credit slips)'),
(249, 1, 'account', 'my_credit_slips_view', 'View my credit slips.'),
(250, 1, 'account', 'my_orders_view', 'View the orders I have made.'),
(251, 1, 'account', 'my_notifications_title', 'My Notifications'),
(252, 1, 'account', 'my_notifications_newsletters', 'Subscribe and unsubscribe from newsletters.'),
(253, 1, 'account', 'my_notifications_products', 'View and change my product notifications list.'),
(254, 1, 'account', 'my_password_title', 'My Password'),
(255, 1, 'account', 'order_number', 'Order Number:'),
(256, 1, 'account', 'order_status', 'Order Status:'),
(257, 1, 'account', 'return_status', 'Status:'),
(258, 1, 'account', 'order_date', 'Order Date:'),
(259, 1, 'account', 'order_shipped_to', 'Shipped To:'),
(260, 1, 'account', 'order_billed_to', 'Billed To:'),
(261, 1, 'account', 'order_products', 'Products:'),
(262, 1, 'account', 'order_cost', 'Order Cost:'),
(263, 1, 'account', 'no_orders_made_yet', 'You have not made any purchases yet.'),
(264, 1, 'account', 'order_number_heading', 'Order #%s'),
(265, 1, 'account', 'order_date_heading', 'Order Date:'),
(266, 1, 'account', 'order_total_heading', 'Order Total:'),
(267, 1, 'account', 'download_file', 'Download File'),
(268, 1, 'account', 'gift_wrapping_message_heading', 'Gift Wrapping Message'),
(269, 1, 'account', 'order_history_heading', 'Order History'),
(270, 1, 'account', 'download_heading', 'Download links'),
(271, 1, 'account', 'download_link_expires', 'Link expires: %s'),
(272, 1, 'account', 'download_counter_remaining', 'downloads remaining'),
(273, 1, 'account', 'newsletter_subscriptions_heading', 'My Newletter Subscriptions'),
(274, 1, 'account', 'newsletter_general', 'General Newletter'),
(275, 1, 'account', 'newsletter_general_description', 'Including store news, new products, special offers, and other promotional announcements.'),
(276, 1, 'account', 'newsletter_product_notifications', 'My Product Notifications'),
(277, 1, 'account', 'newsletter_product_notifications_description', 'The product notification list allows you to stay up to date on products you find of interest.<br /><br />To be up to date on all product changes, select <b>Global Product Notifications</b>.'),
(278, 1, 'account', 'newsletter_product_notifications_global', 'Global Product Notifications'),
(279, 1, 'account', 'newsletter_product_notifications_global_description', 'Recieve notifications on all available products.'),
(280, 1, 'account', 'newsletter_product_notifications_products', 'Product Notifications'),
(281, 1, 'account', 'newsletter_product_notifications_products_description', 'To remove a product notification, clear the products checkbox and click on Continue.'),
(282, 1, 'account', 'newsletter_product_notifications_products_none', 'There are currently no products marked to be notified on.<br /><br />To add products to your product notification list, click on the notification link available on the detailed product information page.'),
(283, 1, 'account', 'primary_address_title', 'Primary Address'),
(284, 1, 'account', 'primary_address_description', 'This address is used as the pre-selected shipping and billing address for orders placed on this store.<br /><br />This address is also used as the base for product and service tax calculations.'),
(285, 1, 'account', 'address_book_title', 'Address Book Entries'),
(286, 1, 'account', 'primary_address_marker', '(primary address)'),
(287, 1, 'account', 'address_book_maximum_entries', '<font color="#ff0000"><b>NOTE:</b></font> A maximum of %s address book entries allowed.'),
(288, 1, 'account', 'address_book_delete_address_title', 'Delete Address'),
(289, 1, 'account', 'address_book_delete_address_description', 'Are you sure you would like to delete the selected address from your address book?'),
(290, 1, 'account', 'address_book_new_address_title', 'New Address'),
(291, 1, 'account', 'selected_address_title', 'Selected Address'),
(292, 1, 'account', 'set_as_primary', 'Set as primary address.'),
(293, 1, 'account', 'create_account_terms_heading', 'Privacy Statement'),
(294, 1, 'account', 'create_account_terms_description', 'Please acknowledge you agree with our privacy statement by ticking the following box. The privacy statement can be read <a href="%s">here</a>.'),
(295, 1, 'account', 'create_account_terms_confirm', 'I have read and agreed to your privacy statement.'),
(296, 1, 'account', 'password_forgotten_heading', 'Password Forgotten'),
(297, 1, 'account', 'password_forgotten', 'If you''ve forgotten your password, enter your e-mail address below and we''ll send you an e-mail message containing your new password.'),
(298, 1, 'account', 'email_create_account_subject', 'Welcome to %s'),
(299, 1, 'account', 'email_create_account_body', 'We welcome you to %s!\n\nYou can now take part in the various services we have on offer for you. Some of these services include:\n\n<li>Permanent Cart - Any products added to your online cart remain there until you remove them, or check them out.\n<li>Address Book - We can now deliver your products to another address other than yours! This is perfect to send birthday gifts direct to the birthday-person themselves.\n<li>Order History - View your history of purchases that you have made with us.\n<li>Products Reviews - Share your opinions on products with our other customers.\n\nFor help with any of our online services, please email the store-owner: %s.\n\nNote: This email address was given to us by one of our customers. If you did not signup to be a member, please send an email to the store owner.'),
(300, 1, 'general', 'email_addressing_gender_male', 'Dear Mr. %s,'),
(301, 1, 'general', 'email_addressing_gender_female', 'Dear Ms. %s,'),
(302, 1, 'general', 'email_addressing_gender_unknown', 'Dear %s,'),
(303, 1, 'account', 'email_password_reminder_subject', 'Password Reminder to %s'),
(304, 1, 'account', 'email_password_reminder_body', 'A new password was requested from %s.\n\nYour new password to %s is:\n\n%s\n\nFor help with any of our online services, please email the store-owner: %s.\n\nNote: If you did not request this action via our password forgotten page, please notify the store owner as soon as possible.'),
(305, 1, 'account', 'success_account_created', 'Congratulations! Your new account has been successfully created! You can now take advantage of member privileges to enhance your online shopping experience with us. If you have any questions about the operation of this online shop, please email the <a href="%s">store owner</a>.<br /><br />A confirmation has been sent to the provided email address. If you have not received it within the hour, please contact us.'),
(306, 1, 'account', 'success_account_updated', 'Your account has been successfully updated!'),
(307, 1, 'account', 'success_password_updated', 'Your account password has been successfully updated!'),
(308, 1, 'account', 'success_newsletter_updated', 'Your newsletter subscriptions have been successfully updated!'),
(309, 1, 'account', 'success_notifications_updated', 'Your product notifications have been successfully updated!'),
(310, 1, 'account', 'success_address_book_entry_deleted', 'The selected address has been successfully removed from your address book.'),
(311, 1, 'account', 'success_address_book_entry_updated', 'Your address book has been successfully updated.'),
(312, 1, 'account', 'success_password_forgotten_sent', 'Success: A new password has been sent to your e-mail address.'),
(313, 1, 'account', 'warning_primary_address_deletion', 'The primary address cannot be deleted. Please set another address as the primary address and try again.'),
(314, 1, 'account', 'error_current_password_not_matching', 'Your current password does not match our records. Please try again.'),
(315, 1, 'account', 'error_address_book_entry_non_existing', 'The address book entry does not exist.'),
(316, 1, 'account', 'error_address_book_full', 'Your address book is full. Please delete an unneeded address to save a new one.'),
(317, 1, 'account', 'error_password_forgotten_no_email_address_found', 'Error: The E-Mail Address was not found in our records, please try again.'),
(318, 1, 'account', 'email_address', 'E-Mail Address:'),
(319, 1, 'general', 'warning_install_directory_exists', 'Installation directory exists at: %s. Please remove this directory for security reasons.'),
(320, 1, 'general', 'warning_config_file_writeable', 'I am able to write to the configuration file: %s. This is a potential security risk - please set the right user permissions on this file.'),
(321, 1, 'general', 'warning_session_directory_non_existent', 'The sessions directory does not exist: %s. Sessions will not work until this directory is created.'),
(322, 1, 'general', 'warning_session_directory_not_writeable', 'I am not able to write to the sessions directory: %s. Sessions will not work until the right user permissions are set.'),
(323, 1, 'general', 'warning_session_auto_start', 'session.auto_start is enabled - please disable this php feature in php.ini and restart the web server.'),
(324, 1, 'general', 'warning_download_directory_non_existent', 'The downloadable products directory does not exist: %s. Downloadable products will not work until this directory is valid.'),
(325, 1, 'checkout', 'breadcrumb_checkout', 'Checkout'),
(326, 1, 'checkout', 'alternative_checkout_methods', '- OR -'),
(327, 1, 'checkout', 'shipping', 'Shipping'),
(328, 1, 'checkout', 'choose_billing_address', 'Please select the preferred billing address.'),
(329, 1, 'checkout', 'create_new_billing_address', 'Create New Billing Address'),
(330, 1, 'checkout', 'ship_to_this_address', 'Ship To This Address'),
(331, 1, 'checkout', 'choose_shipping_address', 'Please select the preferred shipping address.'),
(332, 1, 'checkout', 'create_new_shipping_address', 'Create New Shipping Address'),
(333, 1, 'checkout', 'breadcrumb_checkout_shopping_cart', 'Shopping Cart'),
(334, 1, 'checkout', 'breadcrumb_checkout_shipping', 'Shipping Method'),
(335, 1, 'checkout', 'breadcrumb_checkout_shipping_address', 'Shipping Address'),
(336, 1, 'checkout', 'breadcrumb_checkout_payment', 'Payment Method'),
(337, 1, 'checkout', 'breadcrumb_checkout_payment_address', 'Payment Address'),
(338, 1, 'checkout', 'error_shopping_cart_order_total_zero', 'The shoppingcart''s order total is already zero, you do not have to use store credit to pay this order.'),
(339, 1, 'checkout', 'breadcrumb_checkout_confirmation', 'Confirmation'),
(340, 1, 'checkout', 'breadcrumb_checkout_success', 'Success!'),
(341, 1, 'general', 'error_minimum_order_quantity', 'The minimum order quantity of %s is %s.'),
(342, 1, 'general', 'error_maximum_order_quantity', 'The maximum order quantity of %s is %s.'),
(343, 1, 'general', 'error_gift_certificate_quantity_must_be_one', 'Error: The gift certificate quantity should be no larger than one.'),
(344, 1, 'general', 'error_order_increment', 'The order increment of %s is %s.'),
(345, 1, 'checkout', 'senders_name', 'Sender Name'),
(346, 1, 'checkout', 'senders_email', 'Sender Email'),
(347, 1, 'checkout', 'recipients_name', 'Recipient Name'),
(348, 1, 'checkout', 'recipients_email', 'Recipient Email'),
(349, 1, 'checkout', 'shopping_cart_heading', 'Shopping Cart'),
(350, 1, 'checkout', 'shipping_method_heading', 'Shipping Method'),
(351, 1, 'checkout', 'checkout_method', 'Checkout Method'),
(352, 1, 'checkout', 'checkout_billing_information', 'Billing Information'),
(353, 1, 'checkout', 'checkout_shipping_information', 'Shipping Information'),
(354, 1, 'checkout', 'checkout_shipping_method', 'Shipping Method'),
(355, 1, 'checkout', 'checkout_payment_information', 'Payment Information'),
(356, 1, 'checkout', 'checkout_order_review', 'Order Review'),
(357, 1, 'checkout', 'shipping_address_heading', 'Shipping Address'),
(358, 1, 'checkout', 'payment_method_heading', 'Payment Method'),
(359, 1, 'checkout', 'payment_address_heading', 'Payment Address'),
(360, 1, 'checkout', 'confirmation_heading', 'Confirmation'),
(361, 1, 'checkout', 'coupons_redeem_heading', 'Redeem Coupon'),
(362, 1, 'checkout', 'coupons_redeem_information_title', 'Please specify the coupon code.'),
(363, 1, 'checkout', 'fields_coupons_redeem_code', 'Coupon Code:'),
(364, 1, 'checkout', 'gift_certificates_redeem_heading', 'Redeem Gift Certificate'),
(365, 1, 'checkout', 'gift_certificates_redeem_information_title', 'Please specify the gift certificate code.'),
(366, 1, 'checkout', 'fields_gift_certificates_redeem_code', 'Gift Certificate Code:'),
(367, 1, 'checkout', 'success_heading', 'Your Order Has Been Processed!'),
(368, 1, 'checkout', 'shipping_address_title', 'Shipping Address'),
(369, 1, 'checkout', 'choose_shipping_destination', 'Please choose from your address book where you would like the items to be delivered to.'),
(370, 1, 'checkout', 'selected_shipping_destination', 'This is the currently selected shipping address where the items in this order will be delivered to.'),
(371, 1, 'checkout', 'current_shipping_address_title', 'Shipping Address:'),
(372, 1, 'checkout', 'please_select', 'Please Select'),
(373, 1, 'checkout', 'shipping_method_title', 'Shipping Method'),
(374, 1, 'checkout', 'choose_shipping_method', 'Please select the preferred shipping method to use on this order.'),
(375, 1, 'checkout', 'only_one_shipping_method_available', 'This is currently the only shipping method available to use on this order.'),
(376, 1, 'checkout', 'add_comment_to_order_title', 'Add A Note To This Order'),
(377, 1, 'checkout', 'address_book_entries_title', 'Address Book Entries'),
(378, 1, 'checkout', 'select_another_shipping_destination', 'Please select the preferred shipping address if the items in this order are to be delivered elsewhere.'),
(379, 1, 'checkout', 'select_another_billing_destination', 'Please select the preferred billing address if the invoice to this order is to be delivered elsewhere.'),
(380, 1, 'checkout', 'new_shipping_address_title', 'New Shipping Address'),
(381, 1, 'checkout', 'new_shipping_address', 'Please use the following form to create a new shipping address to use for this order.'),
(382, 1, 'checkout', 'new_billing_address_title', 'New Billing Address'),
(383, 1, 'checkout', 'create_new_billing_address_title', 'Create a new billing address'),
(384, 1, 'checkout', 'create_new_shipping_address_title', 'Create a new shipping address'),
(385, 1, 'checkout', 'use_billing_address_title', 'Use billing address'),
(386, 1, 'checkout', 'estimate_shipping', 'Estimate Shipping'),
(387, 1, 'checkout', 'introduce_estimate_shipping', 'Enter your destination to get a shipping estimate.'),
(388, 1, 'checkout', 'get_a_quote', 'Get a Quote'),
(389, 1, 'checkout', 'update_total', 'Update Total'),
(390, 1, 'checkout', 'ship_to_this_address', 'Ship to this address'),
(391, 1, 'checkout', 'new_billing_address', 'Please use the following form to create a new billing address to use for this order.'),
(392, 1, 'checkout', 'billing_address_title', 'Billing Address'),
(393, 1, 'checkout', 'selected_billing_destination', 'This is the currently selected billing address where the invoice to this order will be delivered to.'),
(394, 1, 'checkout', 'choose_billing_destination', 'Please choose from your address book where you would like the invoice to be sent to.'),
(395, 1, 'checkout', 'current_billing_address_title', 'Billing Address:'),
(396, 1, 'checkout', 'continue_checkout_procedure_title', 'Continue Checkout Procedure'),
(397, 1, 'checkout', 'continue_checkout_procedure_to_shipping', 'to select the preferred shipping method.'),
(398, 1, 'checkout', 'continue_checkout_procedure_to_payment', 'to select the preferred payment method.'),
(399, 1, 'checkout', 'continue_checkout_procedure_to_confirmation', 'to confirm this order.'),
(400, 1, 'checkout', 'shopping_cart_empty', 'Your Shopping Cart is empty!'),
(401, 1, 'checkout', 'subtotal_title', 'Sub-Total:'),
(402, 1, 'checkout', 'total_title', 'Total:'),
(403, 1, 'checkout', 'products_out_of_stock_checkout_not_possible', 'Products marked with %s don''t exist in desired quantity in our stock.<br />Please change the quantity of the marked products.'),
(404, 1, 'checkout', 'products_out_of_stock_checkout_possible', 'Products marked with %s don''t exist in desired quantity in our stock.<br />You can buy them anyway and check the quantity we have in stock for immediate delivery in the checkout process.'),
(405, 1, 'checkout', 'order_conditions_title', 'Terms and Conditions'),
(406, 1, 'checkout', 'order_conditions_description', 'Please acknowledge the terms and conditions bound to this order by ticking the following box. The terms and conditions can be read <a href="%s"><u>here</u></a>.'),
(407, 1, 'checkout', 'order_conditions_acknowledge', 'I have read and agreed to the terms and conditions bound to this order.'),
(408, 1, 'checkout', 'payment_method_title', 'Payment Method'),
(409, 1, 'checkout', 'choose_payment_method', 'Please select the preferred payment method to use on this order.'),
(410, 1, 'checkout', 'only_one_payment_method_available', 'This is currently the only payment method available to use on this order.'),
(411, 1, 'checkout', 'pay_with_store_credit_title', 'Pay with Store Credit (%s)'),
(412, 1, 'checkout', 'error_coupon_not_exist', 'The coupon code does not exist.'),
(413, 1, 'checkout', 'error_coupon_not_valid', 'Please specify a valid coupon.'),
(414, 1, 'checkout', 'error_coupon_invalid_date', 'The coupon has expired.'),
(415, 1, 'checkout', 'error_coupon_exceed_uses_per_coupon', 'The coupon has reach the maximum number of usages.'),
(416, 1, 'checkout', 'error_coupon_exceed_uses_per_customer', 'The coupon has reach the maximum number of customers.'),
(417, 1, 'checkout', 'error_coupon_no_match_products', 'The coupon can not apply to any of the products in the shopping cart.'),
(418, 1, 'checkout', 'error_coupon_minimum_order_quantity', 'The cart total is less than the coupon''s minimum order total.'),
(419, 1, 'checkout', 'error_shopping_cart_total_zero', 'The cart total is already zero, you do not have to use the gift certificate.'),
(420, 1, 'checkout', 'error_gift_certificate_exist', 'The gift certificate does exist.'),
(421, 1, 'checkout', 'error_invalid_gift_certificate', 'Please specify a valid gift certificate.'),
(422, 1, 'checkout', 'button_coupon_redeem', 'Redeem Coupon'),
(423, 1, 'checkout', 'button_gift_certificate_redeem', 'Redeem Gift Certificate'),
(424, 1, 'order', 'order_delivery_address_title', 'Delivery Address'),
(425, 1, 'order', 'order_shipping_method_title', 'Shipping Method'),
(426, 1, 'order', 'order_shipping_tracking_no_title', 'Tracking No.'),
(427, 1, 'order', 'order_products_title', 'Products'),
(428, 1, 'order', 'order_tax_title', 'Tax'),
(429, 1, 'order', 'order_total_title', 'Total'),
(430, 1, 'order', 'order_billing_address_title', 'Billing Address'),
(431, 1, 'order', 'order_payment_method_title', 'Payment Method'),
(432, 1, 'order', 'order_payment_information_title', 'Payment Information'),
(433, 1, 'order', 'order_comments_title', 'Comments Added To Your Order'),
(434, 1, 'order', 'order_text_edit_title', '(edit)'),
(435, 1, 'checkout', 'store_credit_title', 'Store Credit'),
(436, 1, 'checkout', 'store_credit_order_number', 'Order: #%s'),
(437, 1, 'checkout', 'email_order_subject', 'Order Process'),
(438, 1, 'checkout', 'email_order_order_number', 'Order Number: %s'),
(439, 1, 'checkout', 'email_order_invoice_url', 'Detailed Invoice: %s'),
(440, 1, 'checkout', 'email_order_date_ordered', 'Date Ordered: %s'),
(441, 1, 'checkout', 'email_order_status', 'Order Status: %s'),
(442, 1, 'checkout', 'email_order_products', 'Products'),
(443, 1, 'checkout', 'email_order_delivery_address', 'Delivery Address'),
(444, 1, 'checkout', 'email_order_billing_address', 'Billing Address'),
(445, 1, 'checkout', 'email_order_payment_method', 'Payment Method'),
(446, 1, 'checkout', 'email_order_separator', '------------------------------------------------------'),
(447, 1, 'checkout', 'order_processed_successfully', 'Your order has been successfully processed! Your products will arrive at their destination within 2-5 working days.'),
(448, 1, 'checkout', 'add_selection_to_product_notifications', 'Please notify me of updates to the products I have selected below:'),
(449, 1, 'checkout', 'view_order_history', 'You can view your order history by going to the <a href="%s">My Account</a> page and by clicking on <a href="%s">History</a>.'),
(450, 1, 'checkout', 'contact_store_owner', 'Please direct any questions you have to the <a href="%s">store owner</a>.'),
(451, 1, 'checkout', 'thanks_for_shopping_with_us', 'Thanks for shopping with us online!'),
(452, 1, 'general', 'download_footer', 'You can also download your products at a later time at %s'),
(453, 1, 'info', 'breadcrumb_information', 'Information'),
(454, 1, 'info', 'breadcrumb_conditions', 'Conditions'),
(455, 1, 'info', 'breadcrumb_contact', 'Contact'),
(456, 1, 'info', 'breadcrumb_privacy', 'Privacy'),
(457, 1, 'info', 'breadcrumb_shipping', 'Shipping'),
(458, 1, 'info', 'breadcrumb_sitemap', 'Sitemap'),
(459, 1, 'info', 'breadcrumb_cookie_usage', 'Cookie Usage'),
(460, 1, 'info', 'breadcrumb_ssl_check', 'Security Check'),
(461, 1, 'info', 'info_heading', 'Information and Help'),
(462, 1, 'info', 'info_conditions_heading', 'Terms and Conditions'),
(463, 1, 'info', 'info_contact_heading', 'Contact'),
(464, 1, 'info', 'contact_departments_title', 'Department:'),
(465, 1, 'info', 'info_privacy_heading', 'Privacy Notice'),
(466, 1, 'info', 'contact_telephone_title', 'Telephone:'),
(467, 1, 'info', 'info_shipping_heading', 'Shipping and Returns'),
(468, 1, 'info', 'info_sitemap_heading', 'Sitemap'),
(469, 1, 'info', 'info_cookie_usage_heading', 'Cookie Usage'),
(470, 1, 'info', 'info_ssl_check_heading', 'Security Check'),
(471, 1, 'info', 'conditions', 'Put here the required information.'),
(472, 1, 'info', 'contact_code_title', 'Image Verification:'),
(473, 1, 'info', 'contact_code_notice_title', 'Enter the code in the Box bellow:'),
(474, 1, 'info', 'contact', 'Put here the required information.'),
(475, 1, 'info', 'privacy', 'Put here the required information.'),
(476, 1, 'info', 'shipping', 'Put here the required information.'),
(477, 1, 'info', 'cookie_usage', 'We have detected that your browser does not support cookies, or has set cookies to be disabled.<br /><br />To continue shopping online, we encourage you to enable cookies on your browser.<br /><br />For <b>Internet Explorer</b> browsers, please follow these instructions:<br /><ol><li>Click on the Tools menubar, and select Internet Options</li><li>Select the Security tab, and reset the security level to Medium</li></ol>We have taken this measurement of security for your benefit, and apologize upfront if any inconveniences are caused.<br /><br />Please contact the store owner if you have any questions relating to this requirement, or to continue purchasing products offline.'),
(478, 1, 'info', 'ssl_check', 'We have detected that your browser has generated a different SSL Session ID used throughout our secure pages.<br /><br />For security measures you will need to logon to your account again to continue shopping online.<br /><br />Certain older browsers do not have the capability of generating a secure SSL Session ID automatically which we require. If you use such a browser, we recommend switching to another browser such as <a href="http://www.microsoft.com/ie/" target="_blank">Microsoft Internet Explorer</a>, <a href="http://www.mozilla.com/firefox/" target="_blank">Firefox</a>, or <a href="http://www.opera.com" target="_blank">Opera</a> to continue your online shopping experience.<br /><br />We have taken this measurement of security for your benefit, and apologize upfront if any inconveniences are caused.<br /><br />Please contact the store owner if you have any questions relating to this requirement, or to continue purchasing products offline.'),
(479, 1, 'info', 'contact_title', 'Contact Information'),
(480, 1, 'info', 'contact_store_address_title', 'Store Address'),
(481, 1, 'info', 'contact_name_title', 'Full Name:'),
(482, 1, 'info', 'contact_email_address_title', 'Email Address:'),
(483, 1, 'info', 'contact_enquiry_title', 'Enquiry:'),
(484, 1, 'info', 'contact_email_sent_successfully', 'Your enquiry has been successfully sent to the store owner.'),
(485, 1, 'info', 'contact_email_subject', 'Contact Enquiry'),
(486, 1, 'info', 'sitemap_account', 'My Account'),
(487, 1, 'info', 'sitemap_account_edit', 'Account Information'),
(488, 1, 'info', 'sitemap_address_book', 'Address Book'),
(489, 1, 'info', 'sitemap_account_history', 'Order History'),
(490, 1, 'info', 'sitemap_account_notifications', 'Newsletter Subscriptions'),
(491, 1, 'info', 'sitemap_shopping_cart', 'Shopping Cart'),
(492, 1, 'info', 'sitemap_checkout_shipping', 'Checkout'),
(493, 1, 'info', 'sitemap_advanced_search', 'Advanced Search'),
(494, 1, 'info', 'sitemap_products_new', 'New Products'),
(495, 1, 'info', 'sitemap_specials', 'Specials'),
(496, 1, 'info', 'sitemap_reviews', 'Reviews'),
(497, 1, 'info', 'cookie_usage_box_heading', 'Cookie Privacy and Security'),
(498, 1, 'info', 'cookie_usage_box_contents', 'Cookies must be enabled to purchase online on this store to embrace privacy and security related issues regarding your visit to this site.<br /><br />By enabling cookie support on your browser, the communication between you and this site is strengthened to be certain it is you who are making transactions on your own behalf, and to prevent leakage of your privacy information.'),
(499, 1, 'info', 'ssl_check_box_heading', 'Privacy and Security'),
(500, 1, 'info', 'ssl_check_box_contents', 'We validate the SSL Session ID automatically generated by your browser on every secure page request made to this server.<br /><br />This validation assures that it is you who is navigating on this site with your account and not somebody else.'),
(501, 1, 'products', 'table_heading_weight', 'Weight'),
(502, 1, 'products', 'table_heading_quantity', 'Quantity'),
(503, 1, 'products', 'table_heading_discount', 'Discount'),
(504, 1, 'products', 'table_heading_price', 'Price'),
(505, 1, 'products', 'section_heading_attributes', 'Product Attributes'),
(506, 1, 'products', 'table_heading_sku', 'SKU'),
(507, 1, 'products', 'section_heading_variants', 'Product Variants'),
(508, 1, 'products', 'section_heading_customizations', 'Customizations'),
(509, 1, 'products', 'section_heading_reviews', 'Reviews'),
(510, 1, 'products', 'section_heading_quantity_discount', 'Quantity Discount'),
(511, 1, 'products', 'breadcrumb_new_products', 'New Products'),
(512, 1, 'products', 'breadcrumb_specials', 'Specials'),
(513, 1, 'products', 'breadcrumb_reviews', 'Reviews'),
(514, 1, 'products', 'breadcrumb_reviews_new', 'New Review'),
(515, 1, 'products', 'breadcrumb_tell_a_friend', 'Tell A Friend'),
(516, 1, 'products', 'product_not_found_heading', 'Product Not Found'),
(517, 1, 'products', 'no_new_products', 'There are currently no products available.'),
(518, 1, 'products', 'new_products_heading', 'New Products'),
(519, 1, 'products', 'compare_products_heading', 'Compare Products'),
(520, 1, 'products', 'specials_heading', 'Specials'),
(521, 1, 'products', 'reviews_heading', 'Reviews'),
(522, 1, 'products', 'product_not_found', 'Product not found!'),
(523, 1, 'products', 'number_of_product_reviews', 'Current Reviews:'),
(524, 1, 'products', 'including_tax', 'incl. tax'),
(525, 1, 'products', 'in_stock', 'In Stock'),
(526, 1, 'products', 'out_of_stock', 'Out Of Stock'),
(527, 1, 'products', 'not_available', 'Not Available'),
(528, 1, 'products', 'field_sku', 'SKU:'),
(529, 1, 'products', 'field_availability', 'Availability:'),
(530, 1, 'products', 'field_quantity', 'Quantity:'),
(531, 1, 'products', 'field_moq', 'Minimum Order Qty:'),
(532, 1, 'products', 'field_order_increment', 'Order Increment:'),
(533, 1, 'products', 'field_sample_url', 'Sample File:'),
(534, 1, 'products', 'field_gift_certificate_amount', 'Amount:'),
(535, 1, 'products', 'field_senders_name', 'Sender Name:'),
(536, 1, 'products', 'field_senders_email', 'Sender Email:'),
(537, 1, 'products', 'field_recipients_name', 'Recipient Name:'),
(538, 1, 'products', 'field_recipients_email', 'Recipient Email:'),
(539, 1, 'products', 'fields_gift_certificate_message', 'Message:'),
(540, 1, 'products', 'field_short_quantity', 'Qty:'),
(541, 1, 'products', 'field_products_name', 'Product Name:'),
(542, 1, 'products', 'field_products_price', 'Product Price:'),
(543, 1, 'products', 'field_products_weight', 'Product Weight:'),
(544, 1, 'products', 'field_products_sku', 'Product SKU:'),
(545, 1, 'products', 'field_products_manufacturer', 'Manufacturer:'),
(546, 1, 'products', 'field_products_description', 'Product Description:'),
(547, 1, 'products', 'error_sender_name_empty', 'Please specify the send name.'),
(548, 1, 'products', 'error_sender_email_empty', 'Please specify the send Email.'),
(549, 1, 'products', 'error_recipient_name_empty', 'Please specify the recipient name.'),
(550, 1, 'products', 'error_recipient_email_empty', 'Please specify the recipient Email.'),
(551, 1, 'products', 'error_message_empty', 'Please specify the message.'),
(552, 1, 'products', 'error_message_open_gift_certificate_amount', 'Please specify a correct value for the gift certificate amount.'),
(553, 1, 'products', 'error_customization_field_must_be_specified', 'Please specify a value for the customization field: %s.'),
(554, 1, 'products', 'error_gift_certificate_data_missing', 'Please specify the data for the gift certificate.'),
(555, 1, 'products', 'error_customization_fields_missing', 'Please specify the value for customization fields before adding the product to shopping cart.'),
(556, 1, 'products', 'go_to_external_products_webpage', 'For more information, please visit this products <a href="%s" target="_blank">webpage</a>.'),
(557, 1, 'products', 'date_availability', '<font color="#ff0000">This product will be in stock on %s.</font>'),
(558, 1, 'products', 'section_heading_products_description', 'Description'),
(559, 1, 'products', 'product_attributes', 'Available Options:'),
(560, 1, 'products', 'enlarge_image', 'Click to enlarge'),
(561, 1, 'products', 'date_added', 'Date Added:'),
(562, 1, 'products', 'manufacturer', 'Manufacturer:'),
(563, 1, 'products', 'price', 'Price:'),
(564, 1, 'products', 'login_to_write_review', 'Please <a href="%s"><b>click here</b></a> to login to your account to write review.'),
(565, 1, 'products', 'average_rating', 'Average Rating:'),
(566, 1, 'products', 'login_to_write_review', 'Please login to write review.'),
(567, 1, 'products', 'no_review', 'There are no reviews for this product.'),
(568, 1, 'products', 'heading_write_review', 'WRITE REVIEWS'),
(569, 1, 'products', 'introduction_rating', 'How do you rate this product?'),
(570, 1, 'products', '1_star', '1star'),
(571, 1, 'products', '2_star', '2star'),
(572, 1, 'products', '3_star', '3star'),
(573, 1, 'products', '4_star', '4star'),
(574, 1, 'products', '5_star', '5star'),
(575, 1, 'products', 'rating_of_5_stars', '%s of 5 Stars!'),
(576, 1, 'products', 'no_reviews_available', 'No reviews found.'),
(577, 1, 'products', 'new_review_title', 'New Review'),
(578, 1, 'products', 'field_review_rating', 'Rating:'),
(579, 1, 'products', 'field_review', 'Review'),
(580, 1, 'products', 'field_review_from', 'From:'),
(581, 1, 'products', 'introduction_rating', 'Please give your ratings with this product:'),
(582, 1, 'products', 'login_to_write', 'Please login to write your reviews.'),
(583, 1, 'products', 'review_lowest_rating_title', 'Bad'),
(584, 1, 'products', 'review_highest_rating_title', 'Good'),
(585, 1, 'products', 'customer_details_title', 'Your Details'),
(586, 1, 'products', 'friend_details_title', 'Your Friends Details'),
(587, 1, 'products', 'tell_a_friend_message', 'Your Message'),
(588, 1, 'products', 'field_tell_a_friend_customer_name', 'Your Name:'),
(589, 1, 'products', 'field_tell_a_friend_customer_email_address', 'Your E-Mail Address:'),
(590, 1, 'products', 'field_tell_a_friend_friends_name', 'Your Friends Name:'),
(591, 1, 'products', 'field_tell_a_friend_friends_email_address', 'Your Friends E-Mail Address:'),
(592, 1, 'products', 'email_tell_a_friend_subject', 'Your friend %s has recommended this great product from %s'),
(593, 1, 'products', 'email_tell_a_friend_intro', 'Hi %s!\n\nYour friend, %s, thought that you would be interested in %s from %s.'),
(594, 1, 'products', 'email_tell_a_friend_link', 'To view the product click on the link below or copy and paste the link into your web browser:\n\n%s'),
(595, 1, 'products', 'email_tell_a_friend_signature', 'Regards,\n\n%s'),
(596, 1, 'products', 'success_review_new', 'Thank you for your review! It has been received and is now active!'),
(597, 1, 'products', 'success_review_moderation', 'Thank you for your review! It has been received and is pending for approval.');
INSERT INTO `toc_languages_definitions` (`id`, `languages_id`, `content_group`, `definition_key`, `definition_value`) VALUES
(598, 1, 'products', 'success_tell_a_friend_email_sent', 'Your email about %s has been successfully sent to %s.'),
(599, 1, 'products', 'error_tell_a_friend_friends_name_empty', 'Error: Your friends name must not be empty.'),
(600, 1, 'products', 'error_tell_a_friend_invalid_friends_email_address', 'Error: Your friends e-mail address must be a valid e-mail address.'),
(601, 1, 'products', 'error_tell_a_friend_customers_name_empty', 'Error: Your name must not be empty.'),
(602, 1, 'products', 'error_tell_a_friend_invalid_customers_email_address', 'Error: Your e-mail address must be a valid e-mail address.'),
(603, 1, 'search', 'breadcrumb_search', 'Search'),
(604, 1, 'search', 'breadcrumb_search_results', 'Results'),
(605, 1, 'search', 'search_heading', 'Search'),
(606, 1, 'search', 'advanced_search_heading', 'Advanced Search'),
(607, 1, 'search', 'search_results_heading', 'Search Results'),
(608, 1, 'search', 'search_criteria_title', 'Search Criteria'),
(609, 1, 'search', 'field_search_categories', 'Categories:'),
(610, 1, 'search', 'field_search_recursive', 'Include Subcategories'),
(611, 1, 'search', 'field_search_manufacturers', 'Manufacturers:'),
(612, 1, 'search', 'field_search_price_from', 'Price From:'),
(613, 1, 'search', 'field_search_price_to', 'Price To:'),
(614, 1, 'search', 'field_search_date_from', 'Date From:'),
(615, 1, 'search', 'field_search_date_to', 'Date To:'),
(616, 1, 'search', 'search_help_tips', 'Search Help'),
(617, 1, 'search', 'search_help_heading', 'Search Help'),
(618, 1, 'search', 'search_help', 'Keywords may be separated by AND and/or OR statements for greater control of the search results.<br /><br />For example, <u>Microsoft AND mouse</u> would generate a result set that contain both words. However, for <u>mouse OR keyboard</u>, the result set returned would contain both or either words.<br /><br />Exact matches can be searched for by enclosing keywords in double-quotes.<br /><br />For example, <u>"notebook computer"</u> would generate a result set which match the exact string.<br /><br />Brackets can be used for further control on the result set.<br /><br />For example, <u>Microsoft and (keyboard or mouse or "visual basic")</u>.'),
(619, 1, 'general', 'close_window', 'Close Window'),
(620, 1, 'search', 'error_search_at_least_one_input', 'At least one of the fields in the search form must be entered.'),
(621, 1, 'search', 'error_search_invalid_from_date', 'Invalid From Date.'),
(622, 1, 'search', 'error_search_invalid_to_date', 'Invalid To Date.'),
(623, 1, 'search', 'error_search_to_date_less_than_from_date', 'To Date must be greater than or equal to From Date.'),
(624, 1, 'search', 'error_search_price_from_not_numeric', 'Price From must be a number.'),
(625, 1, 'search', 'error_search_price_to_not_numeric', 'Price To must be a number.'),
(626, 1, 'search', 'error_search_price_to_less_than_price_from', 'Price To must be greater than or equal to Price From.'),
(627, 1, 'search', 'error_search_invalid_keywords', 'Invalid keywords.'),
(628, 1, 'products', 'js_review_text', '* The Review Text must have at least %s characters.'),
(629, 1, 'products', 'js_review_rating', '* You must rate the product for your review.'),
(630, 1, 'products', 'js_customization_file_size', 'The filesize must small than %s .'),
(631, 1, 'checkout', 'js_no_payment_module_selected', '* Please select a payment method for your order.'),
(632, 1, 'checkout', 'error_no_payment_module_selected', 'Please select a payment method for your order.'),
(633, 1, 'checkout', 'error_conditions_not_accepted', 'Please confirm the terms and conditions bound to this order by ticking the box below.'),
(634, 1, 'account', 'error_privacy_statement_not_accepted', 'Please confirm the privacy statement by ticking the box below.'),
(635, 1, 'general', 'field_customer_gender', 'Gender:'),
(636, 1, 'general', 'field_customer_gender_error', 'Please select your Gender.'),
(637, 1, 'general', 'field_customer_first_name', 'First Name:'),
(638, 1, 'general', 'field_customer_first_name_error', 'Your First Name must contain a minimum of %s characters.'),
(639, 1, 'general', 'field_customer_last_name', 'Last Name:'),
(640, 1, 'general', 'field_customer_last_name_error', 'Your Last Name must contain a minimum of %s characters.'),
(641, 1, 'general', 'field_customer_date_of_birth', 'Date of Birth:'),
(642, 1, 'general', 'field_customer_date_of_birth_error', 'Your Date of Birth must be set correctly.'),
(643, 1, 'general', 'field_customer_email_address', 'E-Mail Address:'),
(644, 1, 'general', 'field_customer_group', 'Customer Group:'),
(645, 1, 'general', 'field_customer_store_credit', 'Store Credit:'),
(646, 1, 'general', 'field_customer_email_address_error', 'Your E-Mail Address must contain a minimum of %s characters.'),
(647, 1, 'general', 'field_customer_email_address_check_error', 'Your E-Mail Address does not appear to be valid - please make any necessary corrections.'),
(648, 1, 'general', 'field_customer_email_address_exists_error', 'Your E-Mail Address already exists in our records - please log in with the e-mail address or create an account with a different address.'),
(649, 1, 'general', 'field_customer_company', 'Company Name:'),
(650, 1, 'general', 'field_customer_company_error', 'Your Company Name must contain a minimum of %s characters.'),
(651, 1, 'general', 'field_customer_street_address', 'Street Address:'),
(652, 1, 'general', 'field_customer_street_address_error', 'Your Street Address must contain a minimum of %s characters.'),
(653, 1, 'general', 'field_customer_suburb', 'Suburb:'),
(654, 1, 'general', 'field_customer_suburb_error', 'Your Suburb must contain a minimum of %s characters.'),
(655, 1, 'general', 'field_customer_post_code', 'Post Code:'),
(656, 1, 'general', 'field_customer_post_code_error', 'Your Post Code must contain a minimum of %s characters.'),
(657, 1, 'general', 'field_customer_city', 'City:'),
(658, 1, 'general', 'field_customer_city_error', 'Your City must contain a minimum of %s characters.'),
(659, 1, 'general', 'field_customer_state', 'State/Province:'),
(660, 1, 'general', 'field_customer_state_error', 'Your State must contain a minimum of %s characters.'),
(661, 1, 'general', 'field_customer_state_select_pull_down_error', 'Please select a state from the States pull down menu.'),
(662, 1, 'general', 'field_customer_country', 'Country:'),
(663, 1, 'general', 'field_customer_country_error', 'You must select a country from the Countries pull down menu.'),
(664, 1, 'general', 'field_customer_telephone_number', 'Telephone Number:'),
(665, 1, 'general', 'field_customer_telephone_number_error', 'Your Telephone Number must contain a minimum of %s characters.'),
(666, 1, 'general', 'field_customer_fax_number', 'Fax Number:'),
(667, 1, 'general', 'field_customer_fax_number_error', 'Your Fax Number must contain a minium of %s characters.'),
(668, 1, 'general', 'field_customer_newsletter', 'Newsletter:'),
(669, 1, 'general', 'field_customer_password', 'Password:'),
(670, 1, 'general', 'field_customer_password_error', 'Your Password must contain a minimum of %s characters.'),
(671, 1, 'general', 'field_customer_password_mismatch_with_confirmation', 'The Password Confirmation must match your Password.'),
(672, 1, 'general', 'field_customer_password_confirmation', 'Password Confirmation:'),
(673, 1, 'general', 'field_customer_password_current', 'Current Password:'),
(674, 1, 'general', 'field_customer_password_current_error', 'Your Password must contain a minimum of %s characters.'),
(675, 1, 'general', 'field_customer_password_new', 'New Password:'),
(676, 1, 'general', 'field_customer_password_new_error', 'Your new Password must contain a minimum of %s characters.'),
(677, 1, 'general', 'field_customer_password_new_mismatch_with_confirmation_error', 'The Password Confirmation must match your new Password.'),
(678, 1, 'products', 'reviewed_by', 'Review by %s'),
(679, 1, 'products', 'review_rating', 'Rating: %s [%s]'),
(680, 1, 'products', 'no_review', 'There are no reviews for this product.'),
(681, 1, 'products', 'field_posted_on', 'Posted on'),
(682, 1, 'products', 'heading_write_review', 'Write Your Own Reviews'),
(683, 1, 'products', 'review_date_added', 'Date Added: %s'),
(684, 1, 'general', 'credit_card_number_error', 'The credit card number entered is invalid.<br />Please check the number and try again.'),
(685, 1, 'general', 'maximum_file_upload_size', '(Max: %s)'),
(686, 1, 'general', 'field_concat_captcha_check_error', 'ERROR: Please specify the correct captcha text'),
(687, 1, 'general', 'field_customer_name_error', 'ERROR: Please specify the name'),
(688, 1, 'general', 'field_customer_concat_email_error', 'ERROR: Please specify the correct customer e-mail'),
(689, 1, 'general', 'field_departments_email_error', 'ERROR: Please specify the correct department e-mail address'),
(690, 1, 'general', 'field_customer_name_required', 'ERROR: Please specify the name'),
(691, 1, 'general', 'field_enquiry_error', 'ERROR: Please specify the enquiry'),
(692, 1, 'general', 'field_telephone_error', 'ERROR: Please specify the telephone'),
(693, 1, 'modules-boxes', 'box_articles_categories_heading', 'Article Categories'),
(694, 1, 'modules-boxes', 'box_best_sellers_heading', 'Best Sellers'),
(695, 1, 'modules-boxes', 'box_categories_heading', 'Categories'),
(696, 1, 'modules-boxes', 'box_ordering_steps_heading', 'Ordering Steps'),
(697, 1, 'modules-boxes', 'box_ordering_steps_delivery', 'Shipping Information'),
(698, 1, 'modules-boxes', 'box_ordering_steps_payment', 'Payment Information'),
(699, 1, 'modules-boxes', 'box_ordering_steps_confirmation', 'Confirmation'),
(700, 1, 'modules-boxes', 'box_ordering_steps_complete', 'Finished!'),
(701, 1, 'modules-boxes', 'box_compare_products_heading', 'Compare Products'),
(702, 1, 'modules-boxes', 'box_currencies_heading', 'Currencies'),
(703, 1, 'modules-boxes', 'box_faqs_heading', 'FAQs'),
(704, 1, 'modules-boxes', 'box_guest_book_heading', 'Guest Book'),
(705, 1, 'modules-boxes', 'box_information_heading', 'Information'),
(706, 1, 'modules-boxes', 'box_information_privacy', 'Privacy Notice'),
(707, 1, 'modules-boxes', 'box_information_conditions', 'Conditions of Use'),
(708, 1, 'modules-boxes', 'box_information_shipping', 'Shipping and Returns'),
(709, 1, 'modules-boxes', 'box_information_contact', 'Contact Us'),
(710, 1, 'modules-boxes', 'box_information_sitemap', 'Sitemap'),
(711, 1, 'modules-boxes', 'box_languages_heading', 'Languages'),
(712, 1, 'modules-boxes', 'box_lastest_news_heading', 'Lastest News'),
(713, 1, 'modules-boxes', 'box_manufacturer_info_heading', 'Manufacturer Info'),
(714, 1, 'modules-boxes', 'box_manufacturer_info_website', 'Visit %s''s website'),
(715, 1, 'modules-boxes', 'box_manufacturer_info_products', 'View all products'),
(716, 1, 'modules-boxes', 'box_manufacturers_heading', 'Manufacturers'),
(717, 1, 'modules-boxes', 'box_order_history_heading', 'Order History'),
(718, 1, 'modules-boxes', 'box_polls_heading', 'Polls'),
(719, 1, 'modules-boxes', 'box_polls_one_vote_per_ip_error', 'Error: Only one vote per IP is allowed for a poll.'),
(720, 1, 'modules-boxes', 'box_polls_votes', 'votes'),
(721, 1, 'modules-boxes', 'box_popular_search_terms_tag_cloud_heading', 'Popular Search Terms'),
(722, 1, 'modules-boxes', 'box_product_notifications_heading', 'Product Notifications'),
(723, 1, 'modules-boxes', 'box_product_notifications_add', 'Notify me of updates to %s'),
(724, 1, 'modules-boxes', 'box_product_notifications_remove', 'Remove my notifications to %s'),
(725, 1, 'modules-boxes', 'box_products_scroller_heading', 'Products Scroller'),
(726, 1, 'modules-content', 'products_scroller_new_products_title', 'New Products'),
(727, 1, 'modules-content', 'products_scroller_special_products_title', 'Special Products'),
(728, 1, 'modules-content', 'products_scroller_best_sellers_title', 'Best Sellers'),
(729, 1, 'modules-boxes', 'box_reviews_heading', 'Reviews'),
(730, 1, 'modules-boxes', 'box_reviews_write', 'Write a review on this product!'),
(731, 1, 'modules-boxes', 'box_reviews_stars_rating', '%s of 5 Stars!'),
(732, 1, 'modules-boxes', 'box_search_heading', 'Search'),
(733, 1, 'modules-boxes', 'box_search_text', '(try our <a href="%s">advanced search</a>)'),
(734, 1, 'modules-boxes', 'box_shop_by_price_heading', 'Shop By Price'),
(735, 1, 'modules-boxes', 'box_shopping_cart_heading', 'Shopping Cart'),
(736, 1, 'modules-boxes', 'box_shopping_cart_empty', '0 items'),
(737, 1, 'modules-boxes', 'box_shopping_cart_subtotal', 'Sub-Total:'),
(738, 1, 'modules-boxes', 'box_specials_heading', 'Specials'),
(739, 1, 'modules-boxes', 'box_tell_a_friend_heading', 'Tell a Friend'),
(740, 1, 'modules-boxes', 'box_tell_a_friend_text', 'Tell someone you know about this product.'),
(741, 1, 'modules-boxes', 'box_templates_heading', 'Templates'),
(742, 1, 'modules-boxes', 'box_whats_new_heading', 'New Products'),
(743, 1, 'modules-content', 'customers_also_purchased_title', 'Customers Who Purchased This Product Also Purchased'),
(744, 1, 'modules-content', 'feature_products_title', 'Feature Products'),
(745, 1, 'modules-content', 'box_guestbook_heading', 'Guest Book'),
(746, 1, 'modules-content', 'box_list_guest_book_heading', 'All Guest Books'),
(747, 1, 'modules-content', 'box_guest_book_info_heading', 'Guest Book Info'),
(748, 1, 'modules-content', 'image_menu_show_title', 'Image Menu'),
(749, 1, 'modules-content', 'new_products_title', 'New Products'),
(750, 1, 'modules-content', 'products_slider_title', 'Products Slider'),
(751, 1, 'modules-content', 'products_slider_new_products_title', 'New Products'),
(752, 1, 'modules-content', 'products_slider_special_products_title', 'Special Products'),
(753, 1, 'modules-content', 'products_slider_best_sellers_title', 'Best Sellers'),
(754, 1, 'modules-content', 'recently_visited_title', 'Your Recent History'),
(755, 1, 'modules-content', 'recently_visited_products_title', 'Recently Visited Products'),
(756, 1, 'modules-content', 'recently_visited_categories_title', 'Recent Categories'),
(757, 1, 'modules-content', 'recently_visited_searches_title', 'Recent Searches'),
(758, 1, 'modules-content', 'recently_visited_item_in_category', 'in %s'),
(759, 1, 'modules-content', 'slide_show_title', 'Slideshow'),
(760, 1, 'modules-content', 'upcoming_products_title', 'Upcoming Products'),
(761, 1, 'modules-content', 'xsell_products_title', 'Cross Sell Products'),
(762, 1, 'modules-order_total', 'order_total_coupon_title', 'Coupon'),
(763, 1, 'modules-order_total', 'order_total_coupon_description', 'Coupon'),
(764, 1, 'modules-order_total', 'order_total_gift_certificate_title', 'Gift Certificate'),
(765, 1, 'modules-order_total', 'order_total_gift_certificate_description', 'Gift Certificate'),
(766, 1, 'modules-order_total', 'order_total_gift_wrapping_title', 'Gift Wrapping'),
(767, 1, 'modules-order_total', 'order_total_gift_wrapping_description', 'Gift Wrapping'),
(768, 1, 'modules-order_total', 'gift_wrapping_heading', 'Gift Wrapping'),
(769, 1, 'modules-order_total', 'gift_wrapping_description', 'Please click the checkbox to have your item(s) gift-wrapped. It will cost additional %s.'),
(770, 1, 'modules-order_total', 'order_total_loworderfee_title', 'Low Order Fee'),
(771, 1, 'modules-order_total', 'order_total_loworderfee_description', 'Low Order Fee'),
(772, 1, 'modules-order_total', 'order_total_shipping_title', 'Shipping'),
(773, 1, 'modules-order_total', 'order_total_shipping_description', 'Order Shipping Cost'),
(774, 1, 'modules-order_total', 'order_total_store_credit_title', 'Store Credit'),
(775, 1, 'modules-order_total', 'order_total_store_credit_description', 'Store Credit'),
(776, 1, 'modules-order_total', 'order_total_subtotal_title', 'Sub-Total'),
(777, 1, 'modules-order_total', 'order_total_subtotal_description', 'Order Sub-Total'),
(778, 1, 'modules-order_total', 'order_total_tax_title', 'Tax'),
(779, 1, 'modules-order_total', 'order_total_tax_description', 'Order Tax'),
(780, 1, 'modules-order_total', 'order_total_total_title', 'Total'),
(781, 1, 'modules-order_total', 'order_total_total_description', 'Order Total'),
(782, 1, 'modules-payment', 'payment_amazon_title', 'Amazon IPN'),
(783, 1, 'modules-payment', 'payment_amazon_description', 'Amazon IPN'),
(784, 1, 'modules-payment', 'payment_amazon_method_title', 'Amazon IPN'),
(785, 1, 'modules-payment', 'payment_authorizenet_cc_title', 'Authorize.net Credit Card'),
(786, 1, 'modules-payment', 'payment_authorizenet_cc_description', 'Authorize.net Credit Card Transactions'),
(787, 1, 'modules-payment', 'payment_authorizenet_cc_method_title', 'Credit Card'),
(788, 1, 'modules-payment', 'payment_authorizenet_cc_credit_card_owner', 'Credit Card Owner:'),
(789, 1, 'modules-payment', 'payment_authorizenet_cc_credit_card_number', 'Credit Card Number:'),
(790, 1, 'modules-payment', 'payment_authorizenet_cc_credit_card_expiry_date', 'Credit Card Expiry Date:'),
(791, 1, 'modules-payment', 'payment_authorizenet_cc_credit_card_cvc', 'Credit Card Check Number (CVC):'),
(792, 1, 'modules-payment', 'payment_authorizenet_cc_js_credit_card_owner', '* The owner''s name of the credit card must be at least %s characters.'),
(793, 1, 'modules-payment', 'payment_authorizenet_cc_js_credit_card_number', '* The credit card number must be at least %s characters.'),
(794, 1, 'modules-payment', 'payment_authorizenet_cc_js_credit_card_not_accepted', '* This credit card type is not accepted. Please try again with another card or payment method.'),
(795, 1, 'modules-payment', 'payment_authorizenet_cc_js_credit_card_cvc', '* The credit card check number (CVC) must be at least 3 characters.'),
(796, 1, 'modules-payment', 'payment_authorizenet_cc_error_general', 'There was a problem processing this credit card. Please check the card information and try again.'),
(797, 1, 'modules-payment', 'payment_authorizenet_cc_error_not_accepted', 'This credit card type is not accepted. Please try again with another card or payment method.'),
(798, 1, 'modules-payment', 'payment_authorizenet_cc_error_invalid_expiration_date', 'The credit card expiration date is invalid. Please check the card information and try again.'),
(799, 1, 'modules-payment', 'payment_authorizenet_cc_error_expired', 'The credit card has expired. Please try again with another card or payment method.'),
(800, 1, 'modules-payment', 'payment_authorizenet_cc_error_unknown_card', 'This is an unknown credit card which cannot be processed. Please try again with another card or payment method.'),
(801, 1, 'modules-payment', 'payment_authorizenet_echeck_title', 'Authorize.net eCheck'),
(802, 1, 'modules-payment', 'payment_authorizenet_echeck_description', 'Authorize.net eCheck Transactions'),
(803, 1, 'modules-payment', 'payment_authorizenet_echeck_method_title', 'Bank/Check Account'),
(804, 1, 'modules-payment', 'payment_authorizenet_echeck_owner', 'Account Owner:'),
(805, 1, 'modules-payment', 'payment_authorizenet_echeck_account_type', 'Account Type:'),
(806, 1, 'modules-payment', 'payment_authorizenet_echeck_account_type_checking', 'Checking'),
(807, 1, 'modules-payment', 'payment_authorizenet_echeck_account_type_business_checking', 'Business Checking'),
(808, 1, 'modules-payment', 'payment_authorizenet_echeck_account_type_savings', 'Savings'),
(809, 1, 'modules-payment', 'payment_authorizenet_echeck_account_number', 'Account Number:'),
(810, 1, 'modules-payment', 'payment_authorizenet_echeck_bank_name', 'Bank Name:'),
(811, 1, 'modules-payment', 'payment_authorizenet_echeck_routing_code', 'Routing Code:'),
(812, 1, 'modules-payment', 'payment_authorizenet_echeck_tax_id', 'Tax ID or SSN:'),
(813, 1, 'modules-payment', 'payment_authorizenet_echeck_org_type', 'Organization Type:'),
(814, 1, 'modules-payment', 'payment_authorizenet_echeck_org_type_individual', 'Individual'),
(815, 1, 'modules-payment', 'payment_authorizenet_echeck_org_type_business', 'Business'),
(816, 1, 'modules-payment', 'payment_authorizenet_echeck_js_owner', '* Please enter the owners name of the bank account.'),
(817, 1, 'modules-payment', 'payment_authorizenet_echeck_js_account_number', '* Please enter the account number of the bank account.'),
(818, 1, 'modules-payment', 'payment_authorizenet_echeck_js_bank_name', '* Please enter the bank name of the bank account.'),
(819, 1, 'modules-payment', 'payment_authorizenet_echeck_js_routing_code', '* The bank routing code must consist of %s numbers.'),
(820, 1, 'modules-payment', 'payment_authorizenet_echeck_js_tax_id', '* The tax ID or SSN must consist of %s numbers.'),
(821, 1, 'modules-payment', 'payment_authorizenet_echeck_error_general', 'There was a problem processing this bank account. Please check the account information and try again.'),
(822, 1, 'modules-payment', 'payment_authorizenet_echeck_error_routing_code', 'The bank routing code must consist of %s numbers. Please check the account information and try again.'),
(823, 1, 'modules-payment', 'payment_authorizenet_echeck_error_invalid_routing_code', 'There was a problem processing the bank routing code. Please check the account information and try again.'),
(824, 1, 'modules-payment', 'payment_authorizenet_echeck_error_invalid_account', 'There was a problem processing the bank account number. Please check the account information and try again.'),
(825, 1, 'modules-payment', 'payment_authorizenet_echeck_error_tax_id', 'The tax ID or SSN must consist of %s numbers. Please check the account information and try again.'),
(826, 1, 'modules-payment', 'payment_authorizenet_echeck_error_invalid_tax_id', 'There was a problem processing the tax ID or SSN. Please check the account information and try again.'),
(827, 1, 'modules-payment', 'payment_authorizenet_echeck_confirmation_message', 'By confirming this order I authorize %s to charge my %s account on %s for the amount of %s for the items in this order.'),
(828, 1, 'modules-payment', 'payment_bank_wire_title', 'Bank Wire'),
(829, 1, 'modules-payment', 'payment_bank_wire_description', 'Bank Wire'),
(830, 1, 'modules-payment', 'payment_bank_wire_method_title', 'Bank Wire'),
(831, 1, 'modules-payment', 'payment_bank_wire_bank_account_owner', 'Account Owner'),
(832, 1, 'modules-payment', 'payment_bank_wire_bank_detail', 'Bank Detail'),
(833, 1, 'modules-payment', 'payment_bank_wire_bank_address', 'Bank Address'),
(834, 1, 'modules-payment', 'payment_cc_title', 'Credit Card'),
(835, 1, 'modules-payment', 'payment_cc_description', 'Credit Card Test Info:<br /><br />CC#: 4111111111111111<br />Expiry: Any'),
(836, 1, 'modules-payment', 'payment_cc_method_title', 'Credit Card'),
(837, 1, 'modules-payment', 'payment_cc_credit_card_owner', 'Credit Card Owner:'),
(838, 1, 'modules-payment', 'payment_cc_credit_card_number', 'Credit Card Number:'),
(839, 1, 'modules-payment', 'payment_cc_credit_card_expiry_date', 'Credit Card Expiry Date:'),
(840, 1, 'modules-payment', 'payment_cc_js_credit_card_owner', '* The owner''s name of the credit card must be at least %s characters.'),
(841, 1, 'modules-payment', 'payment_cc_js_credit_card_number', '* The credit card number must be at least %s characters.'),
(842, 1, 'modules-payment', 'payment_cc_js_credit_card_not_accepted', '* This credit card type is not accepted. Please try again with another card or payment method.'),
(843, 1, 'modules-payment', 'payment_cc_error_general', 'There was a problem processing this credit card. Please check the card information and try again.'),
(844, 1, 'modules-payment', 'payment_cc_error_not_accepted', 'This credit card type is not accepted. Please try again with another card or payment method.'),
(845, 1, 'modules-payment', 'payment_cc_error_invalid_expiration_date', 'The credit card expiration date is invalid. Please check the card information and try again.'),
(846, 1, 'modules-payment', 'payment_cc_error_expired', 'The credit card has expired. Please try again with another card or payment method.'),
(847, 1, 'modules-payment', 'payment_cc_error_unknown_card', 'This is an unknown credit card which cannot be processed. Please try again with another card or payment method.'),
(848, 1, 'modules-payment', 'payment_cheque_title', 'Cheque'),
(849, 1, 'modules-payment', 'payment_cheque_description', 'Cheque'),
(850, 1, 'modules-payment', 'payment_cheque_method_title', 'Cheque'),
(851, 1, 'modules-payment', 'payment_cheque_account_owner', 'To the order of'),
(852, 1, 'modules-payment', 'payment_cheque_address', 'Address'),
(853, 1, 'modules-payment', 'payment_chronopay_title', 'ChronoPay'),
(854, 1, 'modules-payment', 'payment_chronopay_description', 'ChronoPay'),
(855, 1, 'modules-payment', 'payment_chronopay_method_title', 'Credit Card'),
(856, 1, 'modules-payment', 'payment_cod_title', 'Cash on Delivery'),
(857, 1, 'modules-payment', 'payment_cod_description', 'Cash on Delivery'),
(858, 1, 'modules-payment', 'payment_cod_method_title', 'Cash on Delivery'),
(859, 1, 'modules-payment', 'payment_eway_title', 'eWAY Payment Credit Card'),
(860, 1, 'modules-payment', 'payment_eway_description', 'eWAY Payment Credit Card'),
(861, 1, 'modules-payment', 'payment_eway_method_title', 'eWAY Payment Credit Card'),
(862, 1, 'modules-payment', 'payment_eway_au_title', 'eWAY Payment'),
(863, 1, 'modules-payment', 'payment_eway_au_description', 'eWAY Payment'),
(864, 1, 'modules-payment', 'payment_eway_au_method_title', 'eWAY Payment'),
(865, 1, 'modules-payment', 'payment_eway_au_credit_card_owner', 'Credit Card Owner:'),
(866, 1, 'modules-payment', 'payment_eway_au_credit_card_number', 'Credit Card Number:'),
(867, 1, 'modules-payment', 'payment_eway_au_credit_card_expiry_date', 'Credit Card Expiry Date:'),
(868, 1, 'modules-payment', 'payment_eway_au_credit_card_cvv', 'CVV Number:'),
(869, 1, 'modules-payment', 'payment_eway_eu_js_credit_card_owner', '* The owner''s name of the credit card must be at least %s characters.'),
(870, 1, 'modules-payment', 'payment_eway_eu_js_credit_card_number', '* The credit card number must be at least %s characters.'),
(871, 1, 'modules-payment', 'payment_eway_eu_cc_js_credit_card_cvc', '* The credit card check number (CVC) must be at least 3 characters.'),
(872, 1, 'modules-payment', 'payment_gcheckout_title', 'Google Checkout'),
(873, 1, 'modules-payment', 'payment_gcheckout_description', 'Google Checkout'),
(874, 1, 'modules-payment', 'payment_gcheckout_method_title', 'Google Checkout'),
(875, 1, 'modules-payment', 'payment_gcheckout_merchant_id', 'Merchant ID'),
(876, 1, 'modules-payment', 'payment_gcheckout_merchant_key', 'Merchant Key'),
(877, 1, 'modules-payment', 'payment_inpay_title', 'Inpay - instant online bank transfers'),
(878, 1, 'modules-payment', 'payment_inpay_method_title', 'Pay with your online bank - instant and 100% secure'),
(879, 1, 'modules-payment', 'payment_ipayment_title', 'iPayment'),
(880, 1, 'modules-payment', 'payment_ipayment_description', 'Credit Card Test Info:<br /><br />CC#: 4111111111111111<br />Expiry: Any'),
(881, 1, 'modules-payment', 'payment_ipayment_error_heading', 'There has been an error processing your credit card'),
(882, 1, 'modules-payment', 'payment_ipayment_error_message', 'Please check your credit card details!'),
(883, 1, 'modules-payment', 'payment_ipayment_credit_card_owner', 'Credit Card Owner:'),
(884, 1, 'modules-payment', 'payment_ipayment_credit_card_number', 'Credit Card Number:'),
(885, 1, 'modules-payment', 'payment_ipayment_credit_card_expiry_date', 'Credit Card Expiry Date:'),
(886, 1, 'modules-payment', 'payment_ipayment_credit_card_checknumber', 'Credit Card Checknumber:'),
(887, 1, 'modules-payment', 'payment_ipayment_credit_card_checknumber_location', '(located at the back of the credit card)'),
(888, 1, 'modules-payment', 'payment_ipayment_js_credit_card_owner', '* The owner''s name of the credit card must be at least %s characters.'),
(889, 1, 'modules-payment', 'payment_ipayment_js_credit_card_number', '* The credit card number must be at least %s characters.'),
(890, 1, 'modules-payment', 'payment_ipayment_credit_card_type', 'Credit Card Type:'),
(891, 1, 'modules-payment', 'payment_moneybookers_title', 'Moneybookers'),
(892, 1, 'modules-payment', 'payment_moneybookers_description', 'Moneybookers'),
(893, 1, 'modules-payment', 'payment_moneybookers_method_title', 'Moneybookers'),
(894, 1, 'modules-payment', 'payment_moneybookers_email', 'Email'),
(895, 1, 'modules-payment', 'payment_moneyorder_title', 'Check/Money Order'),
(896, 1, 'modules-payment', 'payment_moneyorder_description', 'Make Payable To:&nbsp;%s<br /><br />Send To:<br />%s<br /><br />Your order will not ship until we receive payment.'),
(897, 1, 'modules-payment', 'payment_moneyorder_email_footer', 'Make Payable To: %s\n\nSend To:\n%\n\nYour order will not ship until we receive payment.'),
(898, 1, 'modules-payment', 'payment_nochex_title', 'NOCHEX'),
(899, 1, 'modules-payment', 'payment_nochex_method_title', 'NoChex'),
(900, 1, 'modules-payment', 'payment_nochex_description', 'NOCHEX<br />Requires the GBP currency.'),
(901, 1, 'modules-payment', 'payment_ogone_directlink_cc_title', 'Ogone DirectLink Credit Card'),
(902, 1, 'modules-payment', 'payment_ogone_directlink_cc_description', 'Ogone DirectLink Credit Card Transactions'),
(903, 1, 'modules-payment', 'payment_ogone_directlink_cc_method_title', 'Credit Card'),
(904, 1, 'modules-payment', 'payment_ogone_directlink_cc_credit_card_owner', 'Credit Card Owner:'),
(905, 1, 'modules-payment', 'payment_ogone_directlink_cc_credit_card_number', 'Credit Card Number:'),
(906, 1, 'modules-payment', 'payment_ogone_directlink_cc_credit_card_expiry_date', 'Credit Card Expiry Date:'),
(907, 1, 'modules-payment', 'payment_ogone_directlink_cc_credit_card_cvc', 'Credit Card Check Number (CVC):'),
(908, 1, 'modules-payment', 'payment_ogone_directlink_cc_js_credit_card_owner', '* The owner''s name of the credit card must be at least %s characters.'),
(909, 1, 'modules-payment', 'payment_ogone_directlink_cc_js_credit_card_number', '* The credit card number must be at least %s characters.'),
(910, 1, 'modules-payment', 'payment_ogone_directlink_cc_js_credit_card_not_accepted', '* This credit card type is not accepted. Please try again with another card or payment method.'),
(911, 1, 'modules-payment', 'payment_ogone_directlink_cc_js_credit_card_cvc', '* The credit card check number (CVC) must be at least 3 characters.'),
(912, 1, 'modules-payment', 'payment_ogone_directlink_cc_error_general', 'There was a problem processing this credit card. Please check the card information and try again.'),
(913, 1, 'modules-payment', 'payment_ogone_directlink_cc_error_not_accepted', 'This credit card type is not accepted. Please try again with another card or payment method.'),
(914, 1, 'modules-payment', 'payment_paypal_direct_title', 'PayPal Website Payments Pro (US) Direct Payments'),
(915, 1, 'modules-payment', 'payment_paypal_direct_description', '<b>Note: PayPal requires the PayPal Express Checkout payment module to be enabled if this module is activated.</b><br /><br /><img src="images/icon_popup.gif" border="0">&nbsp;<a href="https://www.paypal.com/mrb/pal=PS2X9Q773CKG4" target="_blank" style="text-decoration: underline; font-weight: bold;">Visit PayPal Website</a>&nbsp;<a href="javascript:toggleDivBlock(\\''paypalDirectInfo\\'');">(info)</a><span id="paypalDirectInfo" style="display: none;"><br><i>Using the above link to signup at PayPal grants osCommerce a small financial bonus for referring a customer.</i></span>'),
(916, 1, 'modules-payment', 'payment_paypal_direct_method_title', 'Credit or Debit Card (Processed securely by PayPal)'),
(917, 1, 'modules-payment', 'payment_paypal_direct_card_owner', 'Card Owner:'),
(918, 1, 'modules-payment', 'payment_paypal_direct_card_type', 'Card Type:'),
(919, 1, 'modules-payment', 'payment_paypal_direct_card_number', 'Card Number:'),
(920, 1, 'modules-payment', 'payment_paypal_direct_card_valid_from', 'Card Valid From Date:'),
(921, 1, 'modules-payment', 'payment_paypal_direct_card_valid_from_info', '(if available)'),
(922, 1, 'modules-payment', 'payment_paypal_direct_card_expires', 'Card Expiry Date:'),
(923, 1, 'modules-payment', 'payment_paypal_direct_card_cvc', 'Card Security Code (CVV2):'),
(924, 1, 'modules-payment', 'payment_paypal_direct_card_issue_number', 'Card Issue Number:'),
(925, 1, 'modules-payment', 'payment_paypal_direct_card_issue_number_info', '(for Maestro and Solo cards only)'),
(926, 1, 'modules-payment', 'payment_paypal_direct_error_all_fields_required', 'Error: All payment information fields are required.'),
(927, 1, 'modules-payment', 'payment_paypal_express_title', 'PayPal Express Checkout'),
(928, 1, 'modules-payment', 'payment_paypal_express_description', 'PayPal Express Checkout'),
(929, 1, 'modules-payment', 'payment_paypal_express_method_title', 'PayPal Express (including Credit Cards and Debit Cards)'),
(930, 1, 'modules-payment', 'payment_paypal_express_button_title', 'Pay with PayPal Express Checkout'),
(931, 1, 'modules-payment', 'payment_paypal_ipn_title', 'PayPal IPN'),
(932, 1, 'modules-payment', 'payment_paypal_ipn_description', 'PayPal IPN'),
(933, 1, 'modules-payment', 'payment_paypal_ipn_method_title', 'PayPal'),
(934, 1, 'modules-payment', 'payment_paypal_standard_title', 'PayPal Website Payments Standard'),
(935, 1, 'modules-payment', 'payment_paypal_standard_method_title', 'PayPal Website Payments Standard'),
(936, 1, 'modules-payment', 'payment_paypal_uk_direct_title', 'PayPal Website Payments Pro (UK) Direct Payments'),
(937, 1, 'modules-payment', 'payment_paypal_uk_direct_description', 'PayPal UK Direct'),
(938, 1, 'modules-payment', 'payment_paypal_uk_direct_method_title', 'PayPal UK Direct (including Credit Cards and Debit Cards)'),
(939, 1, 'modules-payment', 'payment_paypal_uk_direct_card_owner', 'Card Owner:'),
(940, 1, 'modules-payment', 'payment_paypal_uk_direct_card_type', 'Card Type:'),
(941, 1, 'modules-payment', 'payment_paypal_uk_direct_card_number', 'Card Number:'),
(942, 1, 'modules-payment', 'payment_paypal_uk_direct_card_valid_from', 'Card Valid From Date:'),
(943, 1, 'modules-payment', 'payment_paypal_uk_direct_card_valid_from_info', '(if available)'),
(944, 1, 'modules-payment', 'payment_paypal_uk_direct_card_expires', 'Card Expiry Date:'),
(945, 1, 'modules-payment', 'payment_paypal_uk_direct_card_cvc', 'Card Security Code (CVV2):'),
(946, 1, 'modules-payment', 'payment_paypal_uk_direct_card_issue_number', 'Card Issue Number:'),
(947, 1, 'modules-payment', 'payment_paypal_uk_direct_card_issue_number_info', '(for Maestro and Solo cards only)'),
(948, 1, 'modules-payment', 'payment_paypal_uk_direct_error_general', 'Error: A general problem has occurred with the transaction. Please try again.'),
(949, 1, 'modules-payment', 'payment_paypal_uk_direct_error_cfg_error', 'Error: Payment module configuration error. Please verify the login credentials.'),
(950, 1, 'modules-payment', 'payment_paypal_uk_direct_error_address', 'Error: A match of the Shipping Address City, State, and Postal Code failed. Please try again.'),
(951, 1, 'modules-payment', 'payment_paypal_uk_direct_error_all_fields_required', 'Error: All payment information fields are required.'),
(952, 1, 'modules-payment', 'payment_paypal_uk_direct_error_declined', 'Error: This transaction has been declined. Please try again.'),
(953, 1, 'modules-payment', 'payment_paypal_uk_direct_error_invalid_credit_card', 'Error: The provided credit card information is invalid. Please try again.'),
(954, 1, 'modules-payment', 'payment_paypal_uk_express_title', 'PayPal Website Payments Pro (UK) Express Checkout'),
(955, 1, 'modules-payment', 'payment_paypal_uk_express_description', 'PayPal UK Express'),
(956, 1, 'modules-payment', 'payment_paypal_uk_express_method_title', 'PayPal UK Express (including Credit Cards and Debit Cards)'),
(957, 1, 'modules-payment', 'payment_paypal_uk_express_error_cfg_error', 'Error: Payment module configuration error. Please verify the login credentials.'),
(958, 1, 'modules-payment', 'payment_paypal_uk_express_error_address', 'Error: A match of the Shipping Address City, State, and Postal Code failed. Please try again.'),
(959, 1, 'modules-payment', 'payment_paypal_uk_express_error_declined', 'Error: This transaction has been declined. Please try again.'),
(960, 1, 'modules-payment', 'payment_paypal_uk_express_error_express_disabled', 'Error: PayPal Express Checkout has been disabled for this merchant. Please contact PayPal Customer Service.'),
(961, 1, 'modules-payment', 'payment_paypal_uk_express_error_general', 'Error: A general problem has occurred with the transaction. Please try again.'),
(962, 1, 'modules-payment', 'payment_payquake_cc_title', 'PayQuake Credit Card'),
(963, 1, 'modules-payment', 'payment_payquake_cc_description', 'PayQuake Credit Card Transactions'),
(964, 1, 'modules-payment', 'payment_payquake_cc_method_title', 'Credit Card'),
(965, 1, 'modules-payment', 'payment_payquake_cc_credit_card_owner', 'Credit Card Owner:'),
(966, 1, 'modules-payment', 'payment_payquake_cc_credit_card_number', 'Credit Card Number:'),
(967, 1, 'modules-payment', 'payment_payquake_cc_credit_card_expiry_date', 'Credit Card Expiry Date:'),
(968, 1, 'modules-payment', 'payment_payquake_cc_credit_card_cvc', 'Credit Card Check Number (CVC):'),
(969, 1, 'modules-payment', 'payment_payquake_cc_js_credit_card_owner', '* The owner''s name of the credit card must be at least %s characters.'),
(970, 1, 'modules-payment', 'payment_payquake_cc_js_credit_card_number', '* The credit card number must be at least %s characters.'),
(971, 1, 'modules-payment', 'payment_payquake_cc_js_credit_card_not_accepted', '* This credit card type is not accepted. Please try again with another card or payment method.'),
(972, 1, 'modules-payment', 'payment_payquake_cc_js_credit_card_cvc', '* The credit card check number (CVC) must be at least 3 characters.'),
(973, 1, 'modules-payment', 'payment_payquake_cc_error_general', 'There was a problem processing this credit card. Please check the card information and try again.'),
(974, 1, 'modules-payment', 'payment_payquake_cc_error_not_accepted', 'This credit card type is not accepted. Please try again with another card or payment method.'),
(975, 1, 'modules-payment', 'payment_payquake_cc_error_invalid_expiry_date', 'The credit card expiration date is invalid. Please check the card information and try again.'),
(976, 1, 'modules-payment', 'payment_payquake_cc_error_expired', 'The credit card has expired. Please try again with another card or payment method.'),
(977, 1, 'modules-payment', 'payment_2checkout_title', '2CheckOut'),
(978, 1, 'modules-payment', 'payment_2checkout_description', 'Credit Card Test Info:<br /><br />CC#: 4111111111111111<br />Expiry: Any'),
(979, 1, 'modules-payment', 'payment_2checkout_credit_cart_type', 'Type:'),
(980, 1, 'modules-payment', 'payment_2checkout_credit_card_owner', 'Credit Card Owner:'),
(981, 1, 'modules-payment', 'payment_2checkout_credit_card_owner_first_name', 'Credit Card Owner First Name:'),
(982, 1, 'modules-payment', 'payment_2checkout_credit_card_owner_last_name', 'Credit Card Owner Last Name:'),
(983, 1, 'modules-payment', 'payment_2checkout_credit_card_number', 'Credit Card Number:'),
(984, 1, 'modules-payment', 'payment_2checkout_credit_card_expiry_date', 'Credit Card Expiry Date:'),
(985, 1, 'modules-payment', 'payment_2checkout_credit_card_checknumber', 'Credit Card Checknumber:'),
(986, 1, 'modules-payment', 'payment_2checkout_credit_card_checknumber_location', '(located at the back of the credit card)'),
(987, 1, 'modules-payment', 'payment_2checkout_js_credit_card_number', '* The credit card number must be at least %s characters.'),
(988, 1, 'modules-payment', 'payment_2checkout_error_message', 'There has been an error processing your credit card. Please try again.'),
(989, 1, 'modules-payment', 'payment_psigate_title', 'PSiGate'),
(990, 1, 'modules-payment', 'payment_psigate_description', 'Credit Card Test Info:<br /><br />CC#: 4111111111111111<br />Expiry: Any'),
(991, 1, 'modules-payment', 'payment_psigate_credit_card_owner', 'Credit Card Owner:'),
(992, 1, 'modules-payment', 'payment_psigate_credit_card_number', 'Credit Card Number:'),
(993, 1, 'modules-payment', 'payment_psigate_credit_card_expiry_date', 'Credit Card Expiry Date:'),
(994, 1, 'modules-payment', 'payment_psigate_credit_card_type', 'Type:'),
(995, 1, 'modules-payment', 'payment_psigate_js_credit_card_number', '* The credit card number must be at least '' . CC_NUMBER_MIN_LENGTH . '' characters.\\n'),
(996, 1, 'modules-payment', 'payment_psigate_error_message', 'There has been an error processing your credit card. Please try again.'),
(997, 1, 'modules-payment', 'payment_psigate_error', 'Credit Card Error!'),
(998, 1, 'modules-payment', 'payment_saferpay_cc_title', 'Saferpay Credit Card'),
(999, 1, 'modules-payment', 'payment_saferpay_cc_description', 'Saferpay Credit Card Transactions'),
(1000, 1, 'modules-payment', 'payment_saferpay_cc_method_title', 'Credit Card'),
(1001, 1, 'modules-payment', 'payment_saferpay_cc_credit_card_owner', 'Credit Card Owner:'),
(1002, 1, 'modules-payment', 'payment_saferpay_cc_credit_card_number', 'Credit Card Number:'),
(1003, 1, 'modules-payment', 'payment_saferpay_cc_credit_card_expiry_date', 'Credit Card Expiry Date:'),
(1004, 1, 'modules-payment', 'payment_saferpay_cc_credit_card_cvc', 'Credit Card Check Number (CVC):'),
(1005, 1, 'modules-payment', 'payment_saferpay_cc_js_credit_card_owner', '* The owner''s name of the credit card must be at least %s characters.'),
(1006, 1, 'modules-payment', 'payment_saferpay_cc_js_credit_card_number', '* The credit card number must be at least %s characters.'),
(1007, 1, 'modules-payment', 'payment_saferpay_cc_js_credit_card_not_accepted', '* This credit card type is not accepted. Please try again with another card or payment method.'),
(1008, 1, 'modules-payment', 'payment_saferpay_cc_js_credit_card_cvc', '* The credit card check number (CVC) must be at least 3 characters.'),
(1009, 1, 'modules-payment', 'payment_saferpay_cc_error_general', 'There was a problem processing this credit card. Please check the card information and try again.'),
(1010, 1, 'modules-payment', 'payment_saferpay_cc_error_not_accepted', 'This credit card type is not accepted. Please try again with another card or payment method.'),
(1011, 1, 'modules-payment', 'payment_saferpay_cc_error_62', 'The credit card expiration date is invalid. Please check the card information and try again.'),
(1012, 1, 'modules-payment', 'payment_saferpay_cc_error_63', 'The credit card has expired. Please try again with another card or payment method.'),
(1013, 1, 'modules-payment', 'payment_saferpay_cc_error_64', 'This is an unknown credit card which cannot be processed. Please try again with another card or payment method.'),
(1014, 1, 'modules-payment', 'payment_saferpay_elv_title', 'Saferpay Bank Transfer'),
(1015, 1, 'modules-payment', 'payment_saferpay_elv_description', 'Saferpay Bank Transfer Transactions'),
(1016, 1, 'modules-payment', 'payment_saferpay_elv_method_title', 'Bank Transfer'),
(1017, 1, 'modules-payment', 'payment_saferpay_elv_bank_owner', 'Account Owner Name:'),
(1018, 1, 'modules-payment', 'payment_saferpay_elv_bank_account_number', 'Account Number:'),
(1019, 1, 'modules-payment', 'payment_saferpay_elv_bank_code', 'Bank Code:'),
(1020, 1, 'modules-payment', 'payment_saferpay_elv_js_error', '* All fields required.'),
(1021, 1, 'modules-payment', 'payment_saferpay_elv_error_general', 'There was a problem processing this bank account. Please check the account information and try again.'),
(1022, 1, 'modules-payment', 'payment_saferpay_vt_title', 'Saferpay Virtual Terminal'),
(1023, 1, 'modules-payment', 'payment_saferpay_vt_description', 'Saferpay Virtual Terminal Transactions'),
(1024, 1, 'modules-payment', 'payment_saferpay_vt_method_title', 'Credit Card'),
(1025, 1, 'modules-payment', 'payment_saferpay_vt_error_general', 'There was a problem processing this order. Please check the billing information and try again.'),
(1026, 1, 'modules-payment', 'payment_secpay_title', 'SECPay'),
(1027, 1, 'modules-payment', 'payment_secpay_description', 'Credit Card Test Info:<br /><br />CC#: 4444333322221111<br />Expiry: Any'),
(1028, 1, 'modules-payment', 'payment_secpay_error', 'Credit Card Error!'),
(1029, 1, 'modules-payment', 'payment_secpay_error_message', 'There has been an error processing your credit card. Please try again.'),
(1030, 1, 'modules-payment', 'payment_western_union_title', 'Western Union'),
(1031, 1, 'modules-payment', 'payment_western_union_description', 'Western Union'),
(1032, 1, 'modules-payment', 'payment_western_union_method_title', 'Western Union'),
(1033, 1, 'modules-payment', 'payment_western_union_owner_country', 'Country:'),
(1034, 1, 'modules-payment', 'payment_western_union_owner_city', 'City:'),
(1035, 1, 'modules-payment', 'payment_western_union_owner_name', 'Name:'),
(1036, 1, 'modules-payment', 'payment_western_union_owner_email', 'Email:'),
(1037, 1, 'modules-payment', 'payment_western_union_owner_telephone', 'Telephone:'),
(1038, 1, 'modules-payment', 'payment_wirecard_cc_title', 'Wire Card Credit Card'),
(1039, 1, 'modules-payment', 'payment_wirecard_cc_description', 'Wire Card Credit Card Transactions'),
(1040, 1, 'modules-payment', 'payment_wirecard_cc_method_title', 'Credit Card'),
(1041, 1, 'modules-payment', 'payment_wirecard_cc_credit_card_owner', 'Credit Card Owner:'),
(1042, 1, 'modules-payment', 'payment_wirecard_cc_credit_card_number', 'Credit Card Number:'),
(1043, 1, 'modules-payment', 'payment_wirecard_cc_credit_card_expiry_date', 'Credit Card Expiry Date:'),
(1044, 1, 'modules-payment', 'payment_wirecard_cc_credit_card_cvc', 'Credit Card Check Number (CVC):'),
(1045, 1, 'modules-payment', 'payment_wirecard_cc_js_credit_card_owner', '* The owner''s name of the credit card must be at least %s characters.'),
(1046, 1, 'modules-payment', 'payment_wirecard_cc_js_credit_card_number', '* The credit card number must be at least %s characters.'),
(1047, 1, 'modules-payment', 'payment_wirecard_cc_js_credit_card_not_accepted', '* This credit card type is not accepted. Please try again with another card or payment method.'),
(1048, 1, 'modules-payment', 'payment_wirecard_cc_js_credit_card_cvc', '* The credit card check number (CVC) must be at least 3 characters.'),
(1049, 1, 'modules-payment', 'payment_wirecard_cc_error_general', 'There was a problem processing this credit card. Please check the card information and try again.'),
(1050, 1, 'modules-payment', 'payment_wirecard_cc_error_not_accepted', 'This credit card type is not accepted. Please try again with another card or payment method.'),
(1051, 1, 'modules-payment', 'payment_wirecard_cc_error_20071', 'The credit card expiration date is invalid. Please check the card information and try again.'),
(1052, 1, 'modules-payment', 'payment_wirecard_cc_error_33', 'The credit card has expired. Please try again with another card or payment method.'),
(1053, 1, 'modules-payment', 'payment_wirecard_cc_error_unkown_card', 'This is an unknown credit card which cannot be processed. Please try again with another card or payment method.'),
(1054, 1, 'modules-payment', 'payment_wirecard_eft_title', 'Wire Card EFT'),
(1055, 1, 'modules-payment', 'payment_wirecard_eft_description', 'Wire Card EFT Transactions'),
(1056, 1, 'modules-payment', 'payment_wirecard_eft_method_title', 'Bank Transfer'),
(1057, 1, 'modules-payment', 'payment_wirecard_eft_bank_owner', 'Account Owner Name:'),
(1058, 1, 'modules-payment', 'payment_wirecard_eft_bank_owner_firstname', 'Account Owner First Name:'),
(1059, 1, 'modules-payment', 'payment_wirecard_eft_bank_owner_lastname', 'Account Owner Last Name:'),
(1060, 1, 'modules-payment', 'payment_wirecard_eft_account_type', 'Account Type:'),
(1061, 1, 'modules-payment', 'payment_wirecard_eft_account_type_checking', 'Checking'),
(1062, 1, 'modules-payment', 'payment_wirecard_eft_account_type_savings', 'Savings'),
(1063, 1, 'modules-payment', 'payment_wirecard_eft_bank_account_number', 'Account Number:'),
(1064, 1, 'modules-payment', 'payment_wirecard_eft_bank_code', 'Bank Code:'),
(1065, 1, 'modules-payment', 'payment_wirecard_eft_check_number', 'Check Number:'),
(1066, 1, 'modules-payment', 'payment_wirecard_eft_id_number', 'Identification Number:'),
(1067, 1, 'modules-payment', 'payment_wirecard_eft_js_error', '* All fields required.'),
(1068, 1, 'modules-payment', 'payment_wirecard_eft_error_general', 'There was a problem processing this bank account. Please check the account information and try again.'),
(1069, 1, 'modules-shipping', 'shipping_flat_title', 'Flat Rate'),
(1070, 1, 'modules-shipping', 'shipping_flat_description', 'Flat Rate'),
(1071, 1, 'modules-shipping', 'shipping_flat_method', 'Best Way'),
(1072, 1, 'modules-shipping', 'shipping_free_title', 'Free Shipping'),
(1073, 1, 'modules-shipping', 'shipping_free_description', 'Free Shipping'),
(1074, 1, 'modules-shipping', 'shipping_free_for_amount', 'for orders over %s'),
(1075, 1, 'modules-shipping', 'shipping_item_title', 'Per Item'),
(1076, 1, 'modules-shipping', 'shipping_item_description', 'Per Item'),
(1077, 1, 'modules-shipping', 'shipping_item_method', 'Best Way'),
(1078, 1, 'modules-shipping', 'shipping_self_pickup_title', 'Self Pickup'),
(1079, 1, 'modules-shipping', 'shipping_self_pickup_description', 'Self Pickup'),
(1080, 1, 'modules-shipping', 'shipping_self_pickup_method', 'Best Way'),
(1081, 1, 'modules-shipping', 'shipping_table_title', 'Table Rate'),
(1082, 1, 'modules-shipping', 'shipping_table_description', 'Table Rate'),
(1083, 1, 'modules-shipping', 'shipping_table_method', 'Best Way'),
(1084, 1, 'modules-shipping', 'shipping_ups_title', 'United Parcel Service'),
(1085, 1, 'modules-shipping', 'shipping_ups_description', 'United Parcel Service.'),
(1086, 1, 'modules-shipping', 'shipping_usps_title', 'United States Postal Service (USPS)'),
(1087, 1, 'modules-shipping', 'shipping_usps_description', 'United States Postal Service<br /><br />You will need to have registered an account with USPS at http://www.uspsprioritymail.com/et_regcert.html to use this module<br /><br />USPS expects you to use pounds as weight measure for your products.'),
(1088, 1, 'modules-shipping', 'shipping_usps_error', 'An error occured with the USPS shipping calculations.<br />If you prefer to use USPS as your shipping method, please contact the store owner.'),
(1089, 1, 'modules-shipping', 'shipping_zones_title', 'Zone Rates'),
(1090, 1, 'modules-shipping', 'shipping_zones_description', 'Zone Based Rates'),
(1091, 1, 'modules-shipping', 'shipping_zones_method', 'Shipping to'),
(1092, 1, 'modules-shipping', 'shipping_zones_invalid_zone', 'No shipping available to the selected country');
INSERT INTO `toc_languages_definitions` (`id`, `languages_id`, `content_group`, `definition_key`, `definition_value`) VALUES
(1093, 1, 'modules-shipping', 'shipping_zones_undefined_rate', 'The shipping rate cannot be determined at this time'),
(1094, 2, 'general', 'home', '首页'),
(1095, 2, 'general', 'specials', '特价专区'),
(1096, 2, 'general', 'special_products', '特价专区'),
(1097, 2, 'general', 'new_products', '新品上市'),
(1098, 2, 'general', 'feature_products', '推荐商品'),
(1099, 2, 'general', 'contact_us', '联系我们'),
(1100, 2, 'general', 'guest_book', '留言簿'),
(1101, 2, 'general', 'my_account', '会员中心'),
(1102, 2, 'general', 'my_wishlist', '我的收藏'),
(1103, 2, 'general', 'login', '登录'),
(1104, 2, 'general', 'logoff', '退出'),
(1105, 2, 'general', 'create_account', '免费注册'),
(1106, 2, 'general', 'cart_contents', '我的购物车'),
(1107, 2, 'general', 'save_cart_status_success', 'cookie 中的blockcart的状态已经改变'),
(1108, 2, 'general', 'no_cart_status_setted', '错误：没有设置状态。'),
(1109, 2, 'general', 'error_no_shipping_flat_url', '跟踪信息暂时不存在。请联系我们以获得更多信息。'),
(1110, 2, 'general', 'table_heading_carrier', '快递公司：'),
(1111, 2, 'general', 'table_heading_track_number', '订单号：'),
(1112, 2, 'general', 'table_heading_track', '跟踪：'),
(1113, 2, 'general', 'table_heading_error', '错误：'),
(1114, 2, 'general', 'button_track_your_order', '订单跟踪'),
(1115, 2, 'general', 'heading_title_order_track_infomation', '订单跟踪信息'),
(1116, 2, 'general', 'save_cart_status_error', '错误：错误的状态被设置。只有折叠或展开的状态是活动的。'),
(1117, 2, 'general', 'field_guestbook_title_error', '错误：请输入信息标题。'),
(1118, 2, 'general', 'field_guestbook_email_error', '错误：请输入争取的邮件地址。'),
(1119, 2, 'general', 'field_guestbook_content_error', '错误：请输入信息。'),
(1120, 2, 'general', 'field_guestbook_verify_code_error', '错误：请输入正确的验证码。'),
(1121, 2, 'general', 'success_guestbook_saved', '改留言成功保存。'),
(1122, 2, 'general', 'verification_info_note', '请输入验证码。'),
(1123, 2, 'general', 'checkout', '结算中心'),
(1124, 2, 'general', 'breadcrumb_top', '首页'),
(1125, 2, 'general', 'breadcrumb_shop', '在线商城'),
(1126, 2, 'general', 'bookmark', '收藏本站'),
(1127, 2, 'general', 'text_items', '个'),
(1128, 2, 'general', 'sign_in', '登录'),
(1129, 2, 'general', 'sign_out', '退出'),
(1130, 2, 'general', 'gender_male', '男'),
(1131, 2, 'general', 'gender_female', '女'),
(1132, 2, 'general', 'close', '关闭'),
(1133, 2, 'general', 'pull_down_default', '请选择'),
(1134, 2, 'general', 'admin_logout', '管理员退出'),
(1135, 2, 'general', 'field_username', '用户名：'),
(1136, 2, 'general', 'field_password', '密码：'),
(1137, 2, 'general', 'button_login', '登录'),
(1138, 2, 'general', 'introduction_maintenance_mode_text', '站点正在维护中，我们对您的来访造成的不便深表歉意，请稍后再试！'),
(1139, 2, 'general', 'error_admin_login_no_match', '用户名和密码不一致，请重试。'),
(1140, 2, 'general', 'js_error', '表单填写出错。\\n\\n请做以下修正：\\n\\n'),
(1141, 2, 'general', 'js_error_already_submitted', '表单已提交，请按确认键并等候完成。'),
(1142, 2, 'general', 'error_download_max_num_of_days', '您不可进行下载，此产品已过可下载日期。'),
(1143, 2, 'general', 'error_download_max_num_of_times', '您不可进行下载，此产品已达到最大下载次数。'),
(1144, 2, 'general', 'error_download_file_not_exist', '请求的文件不存在。'),
(1145, 2, 'general', 'products', '商品'),
(1146, 2, 'general', 'shipping', '运输'),
(1147, 2, 'general', 'total', '总计'),
(1148, 2, 'general', 'product', '商品'),
(1149, 2, 'general', 'No products', '没有商品'),
(1150, 2, 'general', 'form_required_information', '* 必填信息'),
(1151, 2, 'general', 'result_set_current_page', '第 %s / %d 页'),
(1152, 2, 'general', 'result_set_number_of_products', '显示 <b>%d</b> 至 <b>%d</b> (共 <b>%d</b> 商品)'),
(1153, 2, 'general', 'result_set_number_of_orders', '显示 <b>%d</b> 至 <b>%d</b> (共 <b>%d</b> 订单)'),
(1154, 2, 'general', 'result_set_number_of_orders_returns', '显示<b>%d</b> 至 <b>%d</b> (共 <b>%d</b> 退货单)'),
(1155, 2, 'general', 'result_set_number_of_reviews', '显示 <b>%d</b> 至 <b>%d</b> (共 <b>%d</b> 评论)'),
(1156, 2, 'general', 'result_set_number_of_articles', '显示<b>%d</b> 至 <b>%d</b> (共 <b>%d</b> 文章)'),
(1157, 2, 'general', 'result_set_previous_page', '[&lt;&lt;&nbsp;上页]'),
(1158, 2, 'general', 'result_set_next_page', '[下页&nbsp;&gt;&gt;]'),
(1159, 2, 'general', 'button_add_address', '添加地址'),
(1160, 2, 'general', 'button_back', '返回'),
(1161, 2, 'general', 'button_buy_now', '立即购买'),
(1162, 2, 'general', 'button_write_message', '书写信息'),
(1163, 2, 'general', 'button_read_more', '更多'),
(1164, 2, 'general', 'button_add', '添加'),
(1165, 2, 'general', 'button_clear', '清除'),
(1166, 2, 'general', 'button_compare_now', '立即比较'),
(1167, 2, 'general', 'add_to_wishlist', '收藏此商品'),
(1168, 2, 'general', 'add_to_compare', '加入比较'),
(1169, 2, 'general', 'print', '打印'),
(1170, 2, 'general', 'button_change_address', '更换地址'),
(1171, 2, 'general', 'button_checkout', '结账'),
(1172, 2, 'general', 'button_confirm_order', '确认订单'),
(1173, 2, 'general', 'button_continue', '继续'),
(1174, 2, 'general', 'submit_reviews', '提交评论'),
(1175, 2, 'general', 'button_delete', '删除'),
(1176, 2, 'general', 'button_edit', '编辑'),
(1177, 2, 'general', 'button_view', '查看'),
(1178, 2, 'general', 'button_print', '打印'),
(1179, 2, 'general', 'button_sign_in', '登录'),
(1180, 2, 'general', 'button_add_to_cart', '加入购物车'),
(1181, 2, 'general', 'button_reviews', '评论'),
(1182, 2, 'general', 'button_search', '搜索'),
(1183, 2, 'general', 'button_update_cart', '更新购物车'),
(1184, 2, 'general', 'button_continue_shopping', '继续购物'),
(1185, 2, 'general', 'button_write_review', '发表评论'),
(1186, 2, 'general', 'button_result', '结果'),
(1187, 2, 'general', 'button_vote', '投票'),
(1188, 2, 'general', 'icon_in_cart', '加入购物车'),
(1189, 2, 'general', 'tax_rate_unknown', '未知税率'),
(1190, 2, 'general', 'footer', '版权所有 &copy; %s <a href="%s">%s</a><br />技术支持 <a href="http://www.tomatocart.com" target="_blank">TomatoCart</a>'),
(1191, 2, 'index', 'rss_heading', '订阅RSS'),
(1192, 2, 'index', 'rss_categories', '分类'),
(1193, 2, 'index', 'index_heading', '欢迎来到%s!'),
(1194, 2, 'index', 'index_text', '这是TomatoCart网店系统默认安装界面，所有在该网店中的商品仅作展示使用，<b>本店不会发送任何在本店购买的商品，也不会向客户收取任何费用</b>。网店展示的所有商品的信息是虚构的。'),
(1195, 2, 'general', 'listing_image_heading', '图片'),
(1196, 2, 'general', 'listing_sku_heading', '商品编号'),
(1197, 2, 'general', 'listing_products_heading', '商品名称'),
(1198, 2, 'general', 'listing_manufacturer_heading', '生产厂商'),
(1199, 2, 'general', 'listing_quantity_heading', '数量'),
(1200, 2, 'general', 'listing_price_heading', '价格'),
(1201, 2, 'general', 'listing_weight_heading', '重量'),
(1202, 2, 'general', 'listing_buy_now_heading', '立即购买'),
(1203, 2, 'general', 'products_attributes_filter', '商品属性'),
(1204, 2, 'general', 'section_heading_products_attachments', '附件文档'),
(1205, 2, 'general', 'section_heading_products_accessories', '产品附件'),
(1206, 2, 'general', 'no_products_in_category', '此类别下没有商品。'),
(1207, 2, 'general', 'filter_show', '显示:'),
(1208, 2, 'general', 'filter_all_categories', '所有类别'),
(1209, 2, 'general', 'close_panel', '关闭面板'),
(1210, 2, 'general', 'hello_guest', '您好，游客！'),
(1211, 2, 'general', 'register', '注册'),
(1212, 2, 'general', 'welcome', '欢迎'),
(1213, 2, 'general', 'filter_all_manufacturers', '所有制造商'),
(1214, 2, 'index', 'greeting_guest', '欢迎光临! 请<a href="%s">登录</a>并浏览自您上次访问本店的<a href="%s">最新产品</a>。'),
(1215, 2, 'index', 'greeting_customer', '欢迎回来 %s! 请浏览自您上次登录以来的<a href="%s">最新商品</a>。'),
(1216, 2, 'general', 'listing_sort_ascendingly', '按%s升序排列'),
(1217, 2, 'general', 'listing_sort_descendingly', '按%s降序排列'),
(1218, 2, 'general', 'wishlist_title', '我的收藏'),
(1219, 2, 'account', 'share_your_wishlist_title', '分享您的收藏'),
(1220, 2, 'account', 'field_share_wishlist_customer_name', '您的名字：'),
(1221, 2, 'account', 'field_share_wishlist_customer_email', '您的电子邮箱：'),
(1222, 2, 'account', 'field_share_wishlist_emails', '电子邮箱：（用逗号隔开）'),
(1223, 2, 'account', 'field_share_wishlist_message', '留言：'),
(1224, 2, 'account', 'field_share_wishlist_customer_name_error', '请填写您的名字。'),
(1225, 2, 'account', 'field_share_wishlist_customer_email_error', '请填写您的电子邮箱。'),
(1226, 2, 'account', 'field_share_wishlist_emails_error', '请填写您朋友的电子邮箱。'),
(1227, 2, 'account', 'field_share_wishlist_message_error', '请填写留言。'),
(1228, 2, 'account', 'listing_comments_heading', '附言'),
(1229, 2, 'account', 'listing_date_added_heading', '添加日期'),
(1230, 2, 'account', 'success_wishlist_entry_deleted', '此商品已经成功的从您的收藏中删除。'),
(1231, 2, 'account', 'success_wishlist_entry_updated', '您的收藏已成功更新。'),
(1232, 2, 'account', 'success_share_wishlist_email_sent', '您的收藏已经成功发送给您的朋友。'),
(1233, 2, 'account', 'wishlist_empty', '您的收藏中还没有任何商品。'),
(1234, 2, 'account', 'breadcrumb_sign_in', '登录'),
(1235, 2, 'account', 'breadcrumb_sign_out', '退出'),
(1236, 2, 'account', 'breadcrumb_my_account', '会员中心'),
(1237, 2, 'account', 'breadcrumb_edit_account', '编辑个人信息'),
(1238, 2, 'account', 'breadcrumb_edit_password', '修改密码'),
(1239, 2, 'account', 'breadcrumb_my_orders', '交易记录'),
(1240, 2, 'account', 'breadcrumb_order_information', '订单#%s'),
(1241, 2, 'account', 'breadcrumb_newsletters', '邮件订阅'),
(1242, 2, 'account', 'breadcrumb_notifications', '网店通知'),
(1243, 2, 'account', 'breadcrumb_address_book', '地址簿'),
(1244, 2, 'account', 'breadcrumb_wishlist', '我的收藏'),
(1245, 2, 'account', 'breadcrumb_address_book_add_entry', '添加地址'),
(1246, 2, 'account', 'breadcrumb_address_book_edit_entry', '编辑地址'),
(1247, 2, 'account', 'breadcrumb_address_book_delete_entry', '删除地址'),
(1248, 2, 'account', 'breadcrumb_create_account', '免费注册'),
(1249, 2, 'account', 'breadcrumb_password_forgotten', '忘记密码'),
(1250, 2, 'account', 'sign_in_heading', '您好， 请登录'),
(1251, 2, 'account', 'sign_out_heading', '退出'),
(1252, 2, 'account', 'wishlist_heading', '我的收藏'),
(1253, 2, 'account', 'account_heading', '会员中心'),
(1254, 2, 'account', 'account_edit_heading', '个人信息'),
(1255, 2, 'account', 'account_password_heading', '修改密码'),
(1256, 2, 'account', 'orders_heading', '我的订单'),
(1257, 2, 'account', 'order_information_heading', '订单#%s'),
(1258, 2, 'account', 'return_slip_heading_title', '退货单'),
(1259, 2, 'account', 'operation_heading_return_id', '退货单号：'),
(1260, 2, 'account', 'operation_heading_return_date', '退货日期：'),
(1261, 2, 'account', 'operation_heading_order_id', '订单编号：'),
(1262, 2, 'account', 'operation_heading_order_date', '订单日期：'),
(1263, 2, 'account', 'operation_heading_comments', '附言：'),
(1264, 2, 'account', 'heading_products_name', '商品名称'),
(1265, 2, 'account', 'heading_products_quantity', '数量'),
(1266, 2, 'account', 'operation_heading_reminder', '提示：'),
(1267, 2, 'account', 'return_slip_reminder', '- 退货产品必须是原包装或者是无损坏。 <br /> - 请打印出退货单，并放入退货包裹中一起寄回。 <br /> - 请遵照上述两条，否则我们将有权拒绝退货。'),
(1268, 2, 'account', 'credit_slip_heading_title', '信用传票'),
(1269, 2, 'account', 'pdf_order_heading_title', '订单'),
(1270, 2, 'account', 'pdf_invoice_heading_title', '发票'),
(1271, 2, 'account', 'operation_heading_invoice_number', '发票编号：'),
(1272, 2, 'account', 'operation_heading_invoice_date', '发票日期：'),
(1273, 2, 'account', 'operation_heading_credit_slip_id', '信用传票编号：'),
(1274, 2, 'account', 'operation_heading_credit_slip_date', '创建日期：'),
(1275, 2, 'account', 'heading_products_price', '商品价格'),
(1276, 2, 'account', 'heading_products_total', '订单总价'),
(1277, 2, 'account', 'refund_sub_total', '商品总价：'),
(1278, 2, 'account', 'refund_shipping', '运输：'),
(1279, 2, 'account', 'refund_handling', '处理费用：'),
(1280, 2, 'account', 'refund_total', '退货总价'),
(1281, 2, 'account', 'credit_slips_heading', '信用传票'),
(1282, 2, 'account', 'credit_slip_number', '信用传票编号：'),
(1283, 2, 'account', 'date_added', '添加日期：'),
(1284, 2, 'account', 'orders_returns_heading', '退货申请'),
(1285, 2, 'account', 'orders_returns_information_heading', '退货订单 #%s'),
(1286, 2, 'account', 'field_return_comments', '退货缘由：'),
(1287, 2, 'account', 'error_quantity_for_return_product', '请选择 %s 商品的退货数量。'),
(1288, 2, 'account', 'error_return_comments_empty', '请说明退货缘由。'),
(1289, 2, 'account', 'error_return_items_empty', '请至少选择一种要退货的商品。'),
(1290, 2, 'account', 'no_products_available_for_return', '没有可退的商品。'),
(1291, 2, 'account', 'order_return_number', '退货订单编号：'),
(1292, 2, 'account', 'order_return_date_added', '添加日期：'),
(1293, 2, 'account', 'order_return_products', '商品：'),
(1294, 2, 'account', 'order_return_comments', '退货缘由：'),
(1295, 2, 'account', 'newsletters_heading', '邮件订阅'),
(1296, 2, 'account', 'notifications_heading', '网店通知'),
(1297, 2, 'account', 'address_book_heading', '地址簿'),
(1298, 2, 'account', 'address_book_add_entry_heading', '添加地址'),
(1299, 2, 'account', 'address_book_edit_entry_heading', '编辑地址'),
(1300, 2, 'account', 'address_book_delete_entry_heading', '删除地址'),
(1301, 2, 'account', 'create_account_heading', '免费注册'),
(1302, 2, 'account', 'create_account_success_heading', '您的账户已经建立成功！'),
(1303, 2, 'account', 'login_new_customer_heading', '新用户'),
(1304, 2, 'account', 'login_new_customer_text', '我是新用户还没有注册的账户。<br /><br />通过免费注册成本店会员，您可以在本店享受快速网购给您带来的无尽乐趣。'),
(1305, 2, 'account', 'login_returning_customer_heading', '会员'),
(1306, 2, 'account', 'login_returning_customer_text', '我是本站会员，已经有账户。'),
(1307, 2, 'account', 'login_returning_customer_password_forgotten', '<a href="%s">忘记密码？</a>'),
(1308, 2, 'account', 'error_login_no_match', '电子邮箱址和密码不一致，请核对后重试。'),
(1309, 2, 'account', 'error_login_status_disabled', '您的账户需要激活，请联系管理员。'),
(1310, 2, 'account', 'guest', '不是会员'),
(1311, 2, 'account', 'lost_password', '丢失密码'),
(1312, 2, 'account', 'register_success', '恭喜您已成功注册为本店会员！'),
(1313, 2, 'checkout', 'date_added_to_shopping_cart', '添加日期： %s'),
(1314, 2, 'account', 'sign_out_text', '您已经成功的退出账户。在购物车中的商品已被保存，在您下次登录的时候将自动恢复。<br /><br />现在您可安全的离开此页面。'),
(1315, 2, 'account', 'my_account_title', '个人设置'),
(1316, 2, 'info', 'guestbook_heading', '留言簿'),
(1317, 2, 'info', 'breadcrumb_guestbook', '留言簿'),
(1318, 2, 'info', 'guestbook_new_heading', '新留言'),
(1319, 2, 'info', 'field_title', '标题：'),
(1320, 2, 'info', 'field_email', '邮件：'),
(1321, 2, 'info', 'field_url', '链接：'),
(1322, 2, 'info', 'field_content', '内容：'),
(1323, 2, 'info', 'field_image_verification', '图片验证码：'),
(1324, 2, 'info', 'information_title', '信息'),
(1325, 2, 'info', 'info_article_categories_heading', '文章'),
(1326, 2, 'info', 'info_faqs_heading', '常见热点问答'),
(1327, 2, 'info', 'info_not_found_heading', '非常抱歉，没有找到相关信息'),
(1328, 2, 'info', 'info_not_found', '非常抱歉，没有找到相关信息!'),
(1329, 2, 'info', 'no_article_in_this_category', '非常抱歉，此类别中没有文章！'),
(1330, 2, 'account', 'my_account_information', '个人中心'),
(1331, 2, 'account', 'my_account_address_book', '地址簿'),
(1332, 2, 'account', 'my_account_password', '修改密码'),
(1333, 2, 'account', 'my_wishlist_title', '我的收藏'),
(1334, 2, 'account', 'my_wishlist_view', '我的收藏'),
(1335, 2, 'account', 'my_orders_title', '交易记录'),
(1336, 2, 'account', 'my_orders_return_view', '退货申请'),
(1337, 2, 'account', 'no_orders_returns_made_yet', '您好，您还没有任何退货申请！'),
(1338, 2, 'account', 'credit_slips', '打印信用传票'),
(1339, 2, 'account', 'orders_id', '订单编号：'),
(1340, 2, 'account', 'no_credit_slips', '非常抱歉，您还没有信用传票！'),
(1341, 2, 'account', 'result_set_number_of_credit_slips', '显示 <b>%d</b> 到 <b>%d</b> (是 <b>%d</b> 信用传票)'),
(1342, 2, 'account', 'my_credit_slips_view', '信用传票'),
(1343, 2, 'account', 'my_orders_view', '我的订单'),
(1344, 2, 'account', 'my_notifications_title', '网店通知'),
(1345, 2, 'account', 'my_notifications_newsletters', '邮件订阅'),
(1346, 2, 'account', 'my_notifications_products', '产品更新通知。'),
(1347, 2, 'account', 'my_password_title', '修改密码'),
(1348, 2, 'account', 'order_number', '订单号：'),
(1349, 2, 'account', 'order_status', '订单状态：'),
(1350, 2, 'account', 'return_status', '状态：'),
(1351, 2, 'account', 'order_date', '订单日期：'),
(1352, 2, 'account', 'order_shipped_to', '发货至：'),
(1353, 2, 'account', 'order_billed_to', '汇款至：'),
(1354, 2, 'account', 'order_products', '产品：'),
(1355, 2, 'account', 'order_cost', '订单总价：'),
(1356, 2, 'account', 'no_orders_made_yet', '您还没有订单。'),
(1357, 2, 'account', 'order_number_heading', '订单 #%s'),
(1358, 2, 'account', 'order_date_heading', '订单日期：'),
(1359, 2, 'account', 'order_total_heading', '订单总价：'),
(1360, 2, 'account', 'download_file', '下载文件'),
(1361, 2, 'account', 'gift_wrapping_message_heading', '祝福语：'),
(1362, 2, 'account', 'order_history_heading', '订单历史记录'),
(1363, 2, 'account', 'download_heading', '下载链接'),
(1364, 2, 'account', 'download_link_expires', '链接过期： %s'),
(1365, 2, 'account', 'download_counter_remaining', '剩余下载次数'),
(1366, 2, 'account', 'newsletter_subscriptions_heading', '邮件订阅'),
(1367, 2, 'account', 'newsletter_general', '邮件订阅概述'),
(1368, 2, 'account', 'newsletter_general_description', '包括网店最新资讯，新品上市，特价信息以及其它促销信息的一系列邮件。'),
(1369, 2, 'account', 'newsletter_product_notifications', '网店通知'),
(1370, 2, 'account', 'newsletter_product_notifications_description', '网店通知可让您随时掌握您所感兴趣最新商品的信息。<br /><br />如想了解所有商品更新，请选择<b>所有商品</b>。'),
(1371, 2, 'account', 'newsletter_product_notifications_global', '所有商品'),
(1372, 2, 'account', 'newsletter_product_notifications_global_description', '我想了解所有商品更新通知。'),
(1373, 2, 'account', 'newsletter_product_notifications_products', '商品更新通知'),
(1374, 2, 'account', 'newsletter_product_notifications_products_description', '去除该商品的复选框，然后按”继续“即可去除商品更新通知。'),
(1375, 2, 'account', 'newsletter_product_notifications_products_none', '目前没有任何产品被标示产品通知。<br /><br />要添加产品通知，点击产品信息页面上的产品通知链接即可。'),
(1376, 2, 'account', 'primary_address_title', '首要地址'),
(1377, 2, 'account', 'primary_address_description', '首要地址被用作订单默认的运输地址和帐单地址。<br /><br />这个地址也被用作商品税率的计算的依据。'),
(1378, 2, 'account', 'address_book_title', '地址簿'),
(1379, 2, 'account', 'primary_address_marker', '(主要地址)'),
(1380, 2, 'account', 'address_book_maximum_entries', '<font color="#ff0000"><b>NOTE:</b></font> 地址簿最多允许 %s 条。'),
(1381, 2, 'account', 'address_book_delete_address_title', '删除地址'),
(1382, 2, 'account', 'address_book_delete_address_description', '您是否确定要删除选中的地址？'),
(1383, 2, 'account', 'address_book_new_address_title', '添加地址'),
(1384, 2, 'account', 'selected_address_title', '选定的地址'),
(1385, 2, 'account', 'set_as_primary', '设为首要地址'),
(1386, 2, 'account', 'create_account_terms_heading', '隐私声明'),
(1387, 2, 'account', 'create_account_terms_description', '请您确认同意本站的隐私声明并在下面的复选框内打勾。您可以在此阅读本站的<a href="%s">隐私声明</a>。'),
(1388, 2, 'account', 'create_account_terms_confirm', '我已经阅读并同意该站隐私声明。'),
(1389, 2, 'account', 'password_forgotten_heading', '忘记密码'),
(1390, 2, 'account', 'password_forgotten', '忘记了密码？在下面的表单中输入您的电子邮箱，我们会向您发送一份包含您的新密码的电子邮件。'),
(1391, 2, 'account', 'email_create_account_subject', '你好，欢迎来到 %s'),
(1392, 2, 'account', 'email_create_account_body', '你好，欢迎您来到%s!\n\n您现在可以参与我们为您提供的各种服务。其中包括：\n\n<li>永久购物车 - 您在购物车内的产品它们会一直会被保存在购物车内，直到您删除或者做最终结算。</li>\n<li>地址簿   - 支持多地址寄送。可以随时为身处异地的朋友一个意外的惊喜。</li>\n<li>订单历史 - 查看在本店的购买历史。</li>\n<li>产品评论 - 与其他会员一起探讨关于商品的各种信息。</li>\n\n如需任何在线服务帮助，请您发送电子邮件至卖家：%s。'),
(1393, 2, 'general', 'email_addressing_gender_male', '尊敬的%s先生,'),
(1394, 2, 'general', 'email_addressing_gender_female', '尊敬的%s女士,'),
(1395, 2, 'general', 'email_addressing_gender_unknown', '尊敬的%s,'),
(1396, 2, 'account', 'email_password_reminder_subject', '密码提醒至 %s'),
(1397, 2, 'account', 'email_password_reminder_body', '来自 %s 的密码重置请求。%s 的新密码是：%s。\n\n如需任何在线服务帮助，请以邮件与卖家联系。卖家电子邮箱：%s。\n\n说明: 假如您不需要通过我们的密码忘记页面进行操作，请尽快联系卖家。'),
(1398, 2, 'account', 'success_account_created', '恭喜您！您已经在本店成功注册为会员！现在您可以与我们一起来体验网上购物。关于网店操作的任何问题，请发邮件给 <a href="%s">卖家</a>。<br /><br />确认信将发送到您所提供的邮箱。假如在一定时间内您没有收到确认信，请联系我们。'),
(1399, 2, 'account', 'success_account_updated', '您的账户已更新成功！'),
(1400, 2, 'account', 'success_password_updated', '您的账户密码已修改成功！'),
(1401, 2, 'account', 'success_newsletter_updated', '您的邮件订阅已更新成功！'),
(1402, 2, 'account', 'success_notifications_updated', '您的产品更新通知已更新成功！'),
(1403, 2, 'account', 'success_address_book_entry_deleted', '此地址已成功地从您的地址簿中删除。'),
(1404, 2, 'account', 'success_address_book_entry_updated', '您的地址簿已经更新成功。'),
(1405, 2, 'account', 'success_password_forgotten_sent', '成功： 新密码已发送至您的邮箱。'),
(1406, 2, 'account', 'warning_primary_address_deletion', '首要地址不能被删除。如果您真要删除此地址，先重新选择其他的一个地址为首要地址，然后返回删除。'),
(1407, 2, 'account', 'error_current_password_not_matching', '您的密码和记录不匹配，请重试。'),
(1408, 2, 'account', 'error_address_book_entry_non_existing', '地址不存在。'),
(1409, 2, 'account', 'error_address_book_full', '您的地址簿已满，请删除不需要的地址以便存储新的地址。'),
(1410, 2, 'account', 'error_password_forgotten_no_email_address_found', '错误：没有找到该电子邮件，请重试。'),
(1411, 2, 'account', 'email_address', '电子邮箱：'),
(1412, 2, 'general', 'warning_install_directory_exists', '网店程序安装目录在：%s，为安全起见请删除该目录。'),
(1413, 2, 'general', 'warning_config_file_writeable', '配置文件 %s 可写，这是一个潜在的安全漏洞 — 请为该文件设置正确的用户权限。'),
(1414, 2, 'general', 'warning_session_directory_non_existent', '会话文件夹 %s 不存在，如果该目录不创建会话将无法工作。'),
(1415, 2, 'general', 'warning_session_directory_not_writeable', '会话目录  %s 不可写。请设置正确的用户权限，否则会话将无法工作。'),
(1416, 2, 'general', 'warning_session_auto_start', 'session.auto_start被激活 - 请在php.ini文件中禁止该php设置并重启服务器。'),
(1417, 2, 'general', 'warning_download_directory_non_existent', '可下载的产品下载目录没有存放在：%s。如果该目录不创建，可下载产品将无法工作。'),
(1418, 2, 'checkout', 'breadcrumb_checkout', '结算中心'),
(1419, 2, 'checkout', 'table_heading_payment_name', '名称'),
(1420, 2, 'checkout', 'table_heading_payment_price', '费用'),
(1421, 2, 'checkout', 'alternative_checkout_methods', '- 或 -'),
(1422, 2, 'checkout', 'shipping', '运输'),
(1423, 2, 'checkout', 'choose_billing_address', '请选择账单地址。'),
(1424, 2, 'checkout', 'create_new_billing_address', '添加帐单地址'),
(1425, 2, 'checkout', 'ship_to_this_address', '发货到这个地址'),
(1426, 2, 'checkout', 'choose_shipping_address', '请选择运输地址。'),
(1427, 2, 'checkout', 'create_new_shipping_address', '添加运输地址'),
(1428, 2, 'checkout', 'breadcrumb_checkout_shopping_cart', '购物车'),
(1429, 2, 'checkout', 'breadcrumb_checkout_shipping', '运输方式'),
(1430, 2, 'checkout', 'breadcrumb_checkout_shipping_address', '运输地址'),
(1431, 2, 'checkout', 'breadcrumb_checkout_payment', '付款方式'),
(1432, 2, 'checkout', 'breadcrumb_checkout_payment_address', '付款地址'),
(1433, 2, 'checkout', 'error_shopping_cart_order_total_zero', '订单总价为零，您不需要支付。'),
(1434, 2, 'checkout', 'breadcrumb_checkout_confirmation', '确认结算'),
(1435, 2, 'checkout', 'breadcrumb_checkout_success', '结算成功！'),
(1436, 2, 'general', 'error_minimum_order_quantity', '%s最小订单数量是%s.'),
(1437, 2, 'general', 'error_maximum_order_quantity', '%s最大的订单数量是%s。'),
(1438, 2, 'general', 'error_gift_certificate_quantity_must_be_one', '错误：礼券数量只能为一。'),
(1439, 2, 'general', 'error_order_increment', '%s订单增量是%s.'),
(1440, 2, 'checkout', 'senders_name', '发件人名称'),
(1441, 2, 'checkout', 'senders_email', '发件人电子邮箱'),
(1442, 2, 'checkout', 'recipients_name', '收件人名称'),
(1443, 2, 'checkout', 'recipients_email', '收件人电子邮箱'),
(1444, 2, 'checkout', 'shopping_cart_heading', '购物车'),
(1445, 2, 'checkout', 'shipping_method_heading', '运输方式'),
(1446, 2, 'checkout', 'checkout_method', '顾客，您好'),
(1447, 2, 'checkout', 'checkout_billing_information', '账单信息'),
(1448, 2, 'checkout', 'checkout_shipping_information', '运输信息'),
(1449, 2, 'checkout', 'checkout_shipping_method', '运输方式'),
(1450, 2, 'checkout', 'checkout_payment_information', '支付信息'),
(1451, 2, 'checkout', 'checkout_order_review', '核对订单'),
(1452, 2, 'checkout', 'shipping_address_heading', '运输地址'),
(1453, 2, 'checkout', 'payment_method_heading', '付款方式'),
(1454, 2, 'checkout', 'payment_address_heading', '付款地址'),
(1455, 2, 'checkout', 'confirmation_heading', '确认'),
(1456, 2, 'checkout', 'coupons_redeem_heading', '兑换优惠券'),
(1457, 2, 'checkout', 'coupons_redeem_information_title', '请输入优惠券代码。'),
(1458, 2, 'checkout', 'fields_coupons_redeem_code', '优惠券代码：'),
(1459, 2, 'checkout', 'gift_certificates_redeem_heading', '兑换礼券'),
(1460, 2, 'checkout', 'gift_certificates_redeem_information_title', '请输入礼券的代码。'),
(1461, 2, 'checkout', 'fields_gift_certificates_redeem_code', '礼券代码：'),
(1462, 2, 'checkout', 'success_heading', '您的订单已成功受理！'),
(1463, 2, 'checkout', 'shipping_address_title', '运输地址'),
(1464, 2, 'checkout', 'choose_shipping_destination', '请从地址簿中选择商品将要寄往的地址。'),
(1465, 2, 'checkout', 'selected_shipping_destination', '运输地址已选定。'),
(1466, 2, 'checkout', 'current_shipping_address_title', '运输地址：'),
(1467, 2, 'checkout', 'please_select', '请选择'),
(1468, 2, 'checkout', 'shipping_method_title', '运输方式'),
(1469, 2, 'checkout', 'choose_shipping_method', '请为此订单选择运输方式。'),
(1470, 2, 'checkout', 'only_one_shipping_method_available', '这是此订单唯一支持的运输方式。'),
(1471, 2, 'checkout', 'add_comment_to_order_title', '给卖家留言'),
(1472, 2, 'checkout', 'address_book_entries_title', '地址簿'),
(1473, 2, 'checkout', 'select_another_shipping_destination', '您也可以在地址簿中选择其他的邮寄地址。'),
(1474, 2, 'checkout', 'select_another_billing_destination', '您也可以在地址簿中选择其他的邮寄地址。'),
(1475, 2, 'checkout', 'new_shipping_address_title', '添加新的送货地址'),
(1476, 2, 'checkout', 'new_shipping_address', '填写以下表单添加送货地址。'),
(1477, 2, 'checkout', 'new_billing_address_title', '添加新的账单地址'),
(1478, 2, 'checkout', 'create_new_billing_address_title', '添加账单地址'),
(1479, 2, 'checkout', 'create_new_shipping_address_title', '创建新的运输地址'),
(1480, 2, 'checkout', 'use_billing_address_title', '使用账单地址'),
(1481, 2, 'checkout', 'estimate_shipping', '运费估算'),
(1482, 2, 'checkout', 'introduce_estimate_shipping', '输入您的地址获得运费估算'),
(1483, 2, 'checkout', 'get_a_quote', '获得报价'),
(1484, 2, 'checkout', 'update_total', '更新订单总价'),
(1485, 2, 'checkout', 'ship_to_this_address', '发货到这个地址'),
(1486, 2, 'checkout', 'new_billing_address', '填写以下表单添加账单地址。'),
(1487, 2, 'checkout', 'billing_address_title', '账单地址'),
(1488, 2, 'checkout', 'selected_billing_destination', '订单的发票将被寄到当前所选定的账单地址。'),
(1489, 2, 'checkout', 'choose_billing_destination', '请从地址簿里选择发票将要寄往的地址。'),
(1490, 2, 'checkout', 'current_billing_address_title', '账单地址：'),
(1491, 2, 'checkout', 'continue_checkout_procedure_title', '继续结算'),
(1492, 2, 'checkout', 'continue_checkout_procedure_to_shipping', '选择运输方式'),
(1493, 2, 'checkout', 'continue_checkout_procedure_to_payment', '选择付款方式'),
(1494, 2, 'checkout', 'continue_checkout_procedure_to_confirmation', '确认订单'),
(1495, 2, 'checkout', 'shopping_cart_empty', '您好，您的购物车中还没有任何商品！'),
(1496, 2, 'checkout', 'subtotal_title', '商品总价：'),
(1497, 2, 'checkout', 'total_title', '订单总价：'),
(1498, 2, 'checkout', 'products_out_of_stock_checkout_not_possible', '标识为 %s 的商品库存不足。<br />请更改此商品的订购数量。'),
(1499, 2, 'checkout', 'products_out_of_stock_checkout_possible', '带标识 %s 的商品库存不足。<br />但您仍可以即刻购买到我们库存内的商品。'),
(1500, 2, 'checkout', 'order_conditions_title', '订单条款'),
(1501, 2, 'checkout', 'order_conditions_description', '请确认本站条款条例并在下面的复选框内打勾。您可以在此阅读本站的<a href="%s"><u>条款</u></a>。'),
(1502, 2, 'checkout', 'order_conditions_acknowledge', '我已经阅读并同意此订单的条款条例。'),
(1503, 2, 'checkout', 'payment_method_title', '付款方式'),
(1504, 2, 'checkout', 'choose_payment_method', '请选择付款方式。'),
(1505, 2, 'checkout', 'only_one_payment_method_available', '这是此订单唯一支持的付款方式。'),
(1506, 2, 'checkout', 'pay_with_store_credit_title', '使用账户抵用额支付（%s）'),
(1507, 2, 'checkout', 'error_coupon_not_exist', '此优惠券代码不存在。'),
(1508, 2, 'checkout', 'error_coupon_not_valid', '请输入有效的优惠券代码。'),
(1509, 2, 'checkout', 'error_coupon_invalid_date', '此优惠券已过期。'),
(1510, 2, 'checkout', 'error_coupon_exceed_uses_per_coupon', '不能兑换，此优惠券已经达到最大使用次数。'),
(1511, 2, 'checkout', 'error_coupon_exceed_uses_per_customer', '此优惠券已经到达最大的使用会员数。'),
(1512, 2, 'checkout', 'error_coupon_no_match_products', '此优惠卷有使用限制，不能用于购物车中的任何一个商品。'),
(1513, 2, 'checkout', 'error_coupon_minimum_order_quantity', '购物车的商品总价低于可以使用此优惠卷的最小订单总额。'),
(1514, 2, 'checkout', 'error_shopping_cart_total_zero', '购物车的商品总价为零，您不需要使用礼券。'),
(1515, 2, 'checkout', 'error_gift_certificate_exist', '此礼券代码不存在。'),
(1516, 2, 'checkout', 'error_invalid_gift_certificate', '请输入有效的礼券代码。'),
(1517, 2, 'checkout', 'button_coupon_redeem', '兑换优惠券'),
(1518, 2, 'checkout', 'button_gift_certificate_redeem', '兑换礼券'),
(1519, 2, 'order', 'order_delivery_address_title', '运输地址'),
(1520, 2, 'order', 'order_shipping_method_title', '运输方式'),
(1521, 2, 'order', 'order_shipping_tracking_no_title', '物流编号'),
(1522, 2, 'order', 'order_products_title', '商品'),
(1523, 2, 'order', 'order_tax_title', '税金'),
(1524, 2, 'order', 'order_total_title', '总价'),
(1525, 2, 'order', 'order_billing_address_title', '账单地址'),
(1526, 2, 'order', 'order_payment_method_title', '支付方式'),
(1527, 2, 'order', 'order_payment_information_title', '支付信息'),
(1528, 2, 'order', 'order_comments_title', '订单附言'),
(1529, 2, 'order', 'order_text_edit_title', '(编辑)'),
(1530, 2, 'checkout', 'store_credit_title', '账户抵用额'),
(1531, 2, 'checkout', 'store_credit_order_number', '订单： #%s'),
(1532, 2, 'checkout', 'email_order_subject', '订单流程'),
(1533, 2, 'checkout', 'email_order_order_number', '订单编号： %s'),
(1534, 2, 'checkout', 'email_order_invoice_url', '发票： %s'),
(1535, 2, 'checkout', 'email_order_date_ordered', '订单日期： %s'),
(1536, 2, 'checkout', 'email_order_status', '订单状态： %s'),
(1537, 2, 'checkout', 'email_order_products', '商品'),
(1538, 2, 'checkout', 'email_order_delivery_address', '运输地址'),
(1539, 2, 'checkout', 'email_order_billing_address', '账单地址'),
(1540, 2, 'checkout', 'email_order_payment_method', '付款方式'),
(1541, 2, 'checkout', 'email_order_separator', '------------------------------------------------------'),
(1542, 2, 'checkout', 'order_processed_successfully', '恭喜您，商品购买成功！商品将在2-5个工作日内送到。请您耐心等候。'),
(1543, 2, 'checkout', 'add_selection_to_product_notifications', '请通知我以下选中产品的更新信息：'),
(1544, 2, 'checkout', 'view_order_history', '您可以在<a href="%s">会员中心</a>的<a href="%s">我的订单</a>浏览您的订单历史记录。'),
(1545, 2, 'checkout', 'contact_store_owner', '您可以直接把问题发送给<a href="%s">卖家</a>.'),
(1546, 2, 'checkout', 'thanks_for_shopping_with_us', '感谢您的惠顾！'),
(1547, 2, 'general', 'download_footer', '稍候您也可以在 %s 下载该产品。'),
(1548, 2, 'info', 'breadcrumb_information', '信息'),
(1549, 2, 'info', 'breadcrumb_conditions', '使用条款'),
(1550, 2, 'info', 'breadcrumb_contact', '联系我们'),
(1551, 2, 'info', 'breadcrumb_privacy', '隐私条款'),
(1552, 2, 'info', 'breadcrumb_shipping', '运输方式'),
(1553, 2, 'info', 'breadcrumb_sitemap', '网站地图'),
(1554, 2, 'info', 'breadcrumb_cookie_usage', 'Cookie使用'),
(1555, 2, 'info', 'breadcrumb_ssl_check', '安全检查'),
(1556, 2, 'info', 'info_heading', '信息和帮助'),
(1557, 2, 'info', 'info_conditions_heading', '条款条例'),
(1558, 2, 'info', 'info_contact_heading', '联系我们'),
(1559, 2, 'info', 'contact_departments_title', '部门：'),
(1560, 2, 'info', 'info_privacy_heading', '隐私条款'),
(1561, 2, 'info', 'contact_telephone_title', '电话：'),
(1562, 2, 'info', 'info_shipping_heading', '配送条款'),
(1563, 2, 'info', 'info_sitemap_heading', '网站地图'),
(1564, 2, 'info', 'info_cookie_usage_heading', 'Cookie使用'),
(1565, 2, 'info', 'info_ssl_check_heading', '安全检查'),
(1566, 2, 'info', 'conditions', '请在这里输入必要的信息。'),
(1567, 2, 'info', 'contact_code_title', '图片验证码：'),
(1568, 2, 'info', 'contact_code_notice_title', '请输入验证码：'),
(1569, 2, 'info', 'contact', '添加或修改本页内容，请到后台>系统设置>信息管理>联系我们。'),
(1570, 2, 'info', 'privacy', '添加或修改本页内容，请在后台>系统设置>信息管理>隐私条款。'),
(1571, 2, 'info', 'shipping', '添加或修改本页内容，请在后台>系统设置>信息管理>运输&退货。'),
(1572, 2, 'info', 'cookie_usage', '我们发现您的浏览器不支持cookies或禁止设置cookies。<br /><br />为了能够保证继续购物，请在您的浏览器中启用cookies。<br /><br />请根据以下步骤<b>Internet Explorer</b>浏览器:<br /><ol><li>点击工具菜单并选择Internet选项</li><li>选择安全标签页然后重置安全级别为中</li></ol>如若为了安全考虑做此设置而给您带来的不便，我们表示歉意。<br /><br />关于此设置的任何问题或离线购物，请联系卖家。'),
(1573, 2, 'info', 'ssl_check', '我们发现您的浏览器在我们的安全页面上产生了一个不同的SSL会话ID。<br /><br />为了安全起见，您需要重新登陆然后再继续购物。<br /><br />某些浏览器无法产生我们需要的安全SSL会话ID。如您在使用这样的浏览器，我们推荐您使用其它的浏览器如<a href="http://www.microsoft.com/ie/" target="_blank">Internet Explorer</a>, <a href="http://www.mozilla.com/firefox/" target="_blank">Firefox</a>, or <a href="http://www.opera.com" target="_blank">Opera</a>。<br /><br />如若为了安全考虑而做此设置给您带来的不便，我们深表歉意。<br /><br />关于此设置的任何问题或离线购物，请联系卖家。'),
(1574, 2, 'info', 'contact_title', '联系信息'),
(1575, 2, 'info', 'contact_store_address_title', '网店地址'),
(1576, 2, 'info', 'contact_name_title', '全名：'),
(1577, 2, 'info', 'contact_email_address_title', '邮件地址：'),
(1578, 2, 'info', 'contact_enquiry_title', '询问：'),
(1579, 2, 'info', 'contact_email_sent_successfully', '你的请求已经成功发送给卖家。'),
(1580, 2, 'info', 'contact_email_subject', '邮件询问'),
(1581, 2, 'info', 'sitemap_account', '会员中心'),
(1582, 2, 'info', 'sitemap_account_edit', '个人信息'),
(1583, 2, 'info', 'sitemap_address_book', '地址簿'),
(1584, 2, 'info', 'sitemap_account_history', '订单历史'),
(1585, 2, 'info', 'sitemap_account_notifications', '邮件订阅'),
(1586, 2, 'info', 'sitemap_shopping_cart', '购物车'),
(1587, 2, 'info', 'sitemap_checkout_shipping', '结算中心'),
(1588, 2, 'info', 'sitemap_advanced_search', '高级搜索'),
(1589, 2, 'info', 'sitemap_products_new', '新品上市'),
(1590, 2, 'info', 'sitemap_specials', '特价专区'),
(1591, 2, 'info', 'sitemap_reviews', '商品评论'),
(1592, 2, 'info', 'cookie_usage_box_heading', 'Cookie隐私安全'),
(1593, 2, 'info', 'cookie_usage_box_contents', 'Cookies是有关您访问本站的隐私和安全方面的说明，您的浏览器须启用cookies以便您能在本店顺利购买商品。<br /><br />通过打开您的浏览器上的cookie可以使您和本站的联系得以加强并确保您自己执行交易，同时防止泄漏您的隐私信息。'),
(1594, 2, 'info', 'ssl_check_box_heading', '隐私和安全'),
(1595, 2, 'info', 'ssl_check_box_contents', '我们将在每个安全页面验证您浏览器发生至服务器的SSL会话ID。<br /><br />此验证确保您本人浏览本站上您的账户而不是别人。'),
(1596, 2, 'products', 'table_heading_weight', '商品重量'),
(1597, 2, 'products', 'table_heading_quantity', '数量'),
(1598, 2, 'products', 'table_heading_discount', '折扣'),
(1599, 2, 'products', 'table_heading_price', '商品价格'),
(1600, 2, 'products', 'section_heading_attributes', '商品属性'),
(1601, 2, 'products', 'table_heading_sku', '商品编号'),
(1602, 2, 'products', 'section_heading_variants', '商品规格'),
(1603, 2, 'products', 'section_heading_customizations', '产品定制'),
(1604, 2, 'products', 'section_heading_reviews', '产品评论'),
(1605, 2, 'products', 'section_heading_quantity_discount', '数量折扣'),
(1606, 2, 'products', 'breadcrumb_new_products', '新品上市'),
(1607, 2, 'products', 'breadcrumb_specials', '特价专区'),
(1608, 2, 'products', 'breadcrumb_reviews', '商品评论'),
(1609, 2, 'products', 'breadcrumb_reviews_new', '添加评论'),
(1610, 2, 'products', 'breadcrumb_tell_a_friend', '推荐给朋友'),
(1611, 2, 'products', 'product_not_found_heading', '非常抱歉，产品没有找到'),
(1612, 2, 'products', 'no_new_products', '非常抱歉，当前没有产品。'),
(1613, 2, 'products', 'new_products_heading', '新品上市'),
(1614, 2, 'products', 'compare_products_heading', '比较商品'),
(1615, 2, 'products', 'specials_heading', '特价专区'),
(1616, 2, 'products', 'reviews_heading', '商品评论'),
(1617, 2, 'products', 'product_not_found', '非常抱歉，没有找到商品!'),
(1618, 2, 'products', 'number_of_product_reviews', '当前评论：'),
(1619, 2, 'products', 'including_tax', '含税'),
(1620, 2, 'products', 'in_stock', '库存充足'),
(1621, 2, 'products', 'out_of_stock', '暂时缺货'),
(1622, 2, 'products', 'not_available', '无效'),
(1623, 2, 'products', 'field_sku', '商品编号：'),
(1624, 2, 'products', 'field_availability', '有效性：'),
(1625, 2, 'products', 'field_quantity', '商品数量：'),
(1626, 2, 'products', 'field_moq', '最小订购数量：'),
(1627, 2, 'products', 'field_order_increment', '订购增量：'),
(1628, 2, 'products', 'field_sample_url', '示例文件：'),
(1629, 2, 'products', 'field_gift_certificate_amount', '面额：'),
(1630, 2, 'products', 'field_senders_name', '发件人名称：'),
(1631, 2, 'products', 'field_senders_email', '发件人邮箱：'),
(1632, 2, 'products', 'field_recipients_name', '收件人姓名：'),
(1633, 2, 'products', 'field_recipients_email', '收件人邮件地址：'),
(1634, 2, 'products', 'fields_gift_certificate_message', '留言：'),
(1635, 2, 'products', 'field_short_quantity', '商品数量：'),
(1636, 2, 'products', 'field_products_name', '商品名称：'),
(1637, 2, 'products', 'field_products_price', '商品价格：'),
(1638, 2, 'products', 'field_products_weight', '商品重量：'),
(1639, 2, 'products', 'field_products_sku', '商品编号：'),
(1640, 2, 'products', 'field_products_manufacturer', '生产厂商：'),
(1641, 2, 'products', 'field_products_description', '商品描述：'),
(1642, 2, 'products', 'error_sender_name_empty', '请输入发件人姓名。'),
(1643, 2, 'products', 'error_sender_email_empty', '请输入发件人电子邮箱。'),
(1644, 2, 'products', 'error_recipient_name_empty', '请输入收件人姓名。'),
(1645, 2, 'products', 'error_recipient_email_empty', '请输入收件人电子邮箱。'),
(1646, 2, 'products', 'error_message_empty', '请输入留言。'),
(1647, 2, 'products', 'error_message_open_gift_certificate_amount', '礼券面额应该介于此区间 %s - %s。'),
(1648, 2, 'products', 'error_customization_field_must_be_specified', '请为定制字段：%s 输入值。'),
(1649, 2, 'products', 'error_gift_certificate_data_missing', '请输入礼券数据。'),
(1650, 2, 'products', 'error_customization_fields_missing', '请在添加产品入购物车之前，给予定制字段值。'),
(1651, 2, 'products', 'go_to_external_products_webpage', '了解更多信息？请访问<a target="_blank" href="%s">webpage</a>。'),
(1652, 2, 'products', 'date_availability', '<font color="#ff0000">该产品将在 %s 时出售。</font>'),
(1653, 2, 'products', 'section_heading_products_description', '商品描述'),
(1654, 2, 'products', 'product_attributes', '选项：'),
(1655, 2, 'products', 'enlarge_image', '点击放大'),
(1656, 2, 'products', 'date_added', '添加日期：'),
(1657, 2, 'products', 'manufacturer', '生产厂商：'),
(1658, 2, 'products', 'price', '商品价格：'),
(1659, 2, 'products', 'login_to_write_review', '请先<a href="%s"><b>点击此处</b></a>登陆，然后书写产品评论。'),
(1660, 2, 'products', 'average_rating', '平均等级：'),
(1661, 2, 'products', 'login_to_write_review', '请先<a href="%s"><b>点击此处</b></a>登陆，然后书写产品评论。'),
(1662, 2, 'products', 'no_review', '改产品暂无产品评论。'),
(1663, 2, 'products', 'heading_write_review', '书写产品评论'),
(1664, 2, 'products', 'introduction_rating', '请给予该产品评分'),
(1665, 2, 'products', '1_star', '一颗星'),
(1666, 2, 'products', '2_star', '两颗星'),
(1667, 2, 'products', '3_star', '三颗星'),
(1668, 2, 'products', '4_star', '四颗星'),
(1669, 2, 'products', '5_star', '五颗星'),
(1670, 2, 'products', 'rating_of_5_stars', '%s颗星'),
(1671, 2, 'products', 'no_reviews_available', '非常抱歉，没有找到相关评论。'),
(1672, 2, 'products', 'new_review_title', '添加评论'),
(1673, 2, 'products', 'field_review_rating', '等级：'),
(1674, 2, 'products', 'field_review', '产品评论'),
(1675, 2, 'products', 'field_review_from', '来自于：'),
(1676, 2, 'products', 'introduction_rating', '请给予该产品评分'),
(1677, 2, 'products', 'login_to_write', '请先登陆再书写产品评论。'),
(1678, 2, 'products', 'review_lowest_rating_title', '差'),
(1679, 2, 'products', 'review_highest_rating_title', '好'),
(1680, 2, 'products', 'customer_details_title', '您的详细信息'),
(1681, 2, 'products', 'friend_details_title', '您朋友的详细信息'),
(1682, 2, 'products', 'tell_a_friend_message', '您的留言'),
(1683, 2, 'products', 'field_tell_a_friend_customer_name', '您的姓名：'),
(1684, 2, 'products', 'field_tell_a_friend_customer_email_address', '您的电子邮箱：'),
(1685, 2, 'products', 'field_tell_a_friend_friends_name', '您朋友的姓名：'),
(1686, 2, 'products', 'field_tell_a_friend_friends_email_address', '您朋友的电子邮箱：'),
(1687, 2, 'products', 'email_tell_a_friend_subject', '您的朋友%s向您推荐来自 %s 商店的好评不断的商品'),
(1688, 2, 'products', 'email_tell_a_friend_intro', '您好 %s！\n\n您收到来自您朋友 %s 的来信，认为您可能会对 %s 商店的 %s 商品感兴趣。欢迎您的光临！'),
(1689, 2, 'products', 'email_tell_a_friend_link', '请点击以下链接或把此链接复制粘贴到您的浏览器上查看此商品信息：%s'),
(1690, 2, 'products', 'email_tell_a_friend_signature', '致敬，\n\n%s'),
(1691, 2, 'products', 'success_review_new', '感谢您的评论！该评论已收到并被激活！'),
(1692, 2, 'products', 'success_review_moderation', '谢谢您的评论！该评论已收到正在审核。'),
(1693, 2, 'products', 'success_tell_a_friend_email_sent', '分享%s商品 的邮件已经成功发送至 %s。'),
(1694, 2, 'products', 'error_tell_a_friend_friends_name_empty', '错误： 您没有填写您朋友的姓名。'),
(1695, 2, 'products', 'error_tell_a_friend_invalid_friends_email_address', '错误： 您朋友的电子邮箱必须是有效的。'),
(1696, 2, 'products', 'error_tell_a_friend_customers_name_empty', '错误：您的姓名还没有填写。'),
(1697, 2, 'products', 'error_tell_a_friend_invalid_customers_email_address', '错误： 您的电子邮箱必须是有效的。'),
(1698, 2, 'search', 'breadcrumb_search', '搜索'),
(1699, 2, 'search', 'breadcrumb_search_results', '结果'),
(1700, 2, 'search', 'search_heading', '搜索'),
(1701, 2, 'search', 'advanced_search_heading', '高级搜索'),
(1702, 2, 'search', 'search_results_heading', '搜索结果'),
(1703, 2, 'search', 'search_criteria_title', '搜索条件'),
(1704, 2, 'search', 'field_search_categories', '商品分类：'),
(1705, 2, 'search', 'field_search_recursive', '包含商品子类别'),
(1706, 2, 'search', 'field_search_manufacturers', '生产厂商：'),
(1707, 2, 'search', 'field_search_price_from', '价格区间 从：'),
(1708, 2, 'search', 'field_search_price_to', '到：'),
(1709, 2, 'search', 'field_search_date_from', '日期从：'),
(1710, 2, 'search', 'field_search_date_to', '到：'),
(1711, 2, 'search', 'search_help_tips', '搜索帮助'),
(1712, 2, 'search', 'search_help_heading', '搜索帮助'),
(1713, 2, 'search', 'search_help', '您可以用AND或者OR来分隔搜索关键字以便获得更准确的搜索结果。<br /><br />比如, <u>Microsoft AND mouse</u> 可以找到所有包含Microsoft以及mouse的商品结果。然而用<u>mouse OR keyboard</u>作为搜索条件的话，搜索结果将包含任何包含以上两个关键字的结果。<br /><br />用双引号包含关键字可以精确匹配搜索条件<br /><br />例如, <u>"notebook computer"</u> 将返回包含此字符串的搜索结果。<br /><br />圆括号可以被用户进一步控制搜索结果。<br /><br />例如, <u>Microsoft and (keyboard or mouse or "visual basic")</u>.'),
(1714, 2, 'general', 'close_window', '关闭窗口'),
(1715, 2, 'search', 'error_search_at_least_one_input', '在搜索表单中至少选择一个搜索条件填入。'),
(1716, 2, 'search', 'error_search_invalid_from_date', '无效日期从：');
INSERT INTO `toc_languages_definitions` (`id`, `languages_id`, `content_group`, `definition_key`, `definition_value`) VALUES
(1717, 2, 'search', 'error_search_invalid_to_date', '到：'),
(1718, 2, 'search', 'error_search_to_date_less_than_from_date', '结束日期必须不小于开始日期。'),
(1719, 2, 'search', 'error_search_price_from_not_numeric', '价格必须是数字。'),
(1720, 2, 'search', 'error_search_price_to_not_numeric', '最大价格必须是数字。'),
(1721, 2, 'search', 'error_search_price_to_less_than_price_from', '最大价格必须不小于最小价格。'),
(1722, 2, 'search', 'error_search_invalid_keywords', '无效关键字。'),
(1723, 2, 'products', 'js_review_text', '* 评论至少包含 %s 个字符。'),
(1724, 2, 'products', 'js_review_rating', '* 您还没有给此商品评等级。'),
(1725, 2, 'products', 'js_customization_file_size', '该文件定制字段大小必须小于%s。'),
(1726, 2, 'checkout', 'js_no_payment_module_selected', '* 请为您的订单选择一种支付方式。'),
(1727, 2, 'checkout', 'error_no_payment_module_selected', '请为您的订单选择一种支付方式。'),
(1728, 2, 'checkout', 'error_conditions_not_accepted', '请确认同意此订单的条款条例并在下面的复选框内打勾。'),
(1729, 2, 'account', 'error_privacy_statement_not_accepted', '请确认同意此订单的隐私声明并在下面的复选框内打勾。'),
(1730, 2, 'general', 'field_customer_gender', '性别:'),
(1731, 2, 'general', 'field_customer_gender_error', '请选择性别。'),
(1732, 2, 'general', 'field_customer_first_name', '名字:'),
(1733, 2, 'general', 'field_customer_first_name_error', '您的名字至少包含 %s 个字符。'),
(1734, 2, 'general', 'field_customer_last_name', '姓氏：'),
(1735, 2, 'general', 'field_customer_last_name_error', '您的姓至少包含 %s 个字符。'),
(1736, 2, 'general', 'field_customer_date_of_birth', '生日:'),
(1737, 2, 'general', 'field_customer_date_of_birth_error', '请输入您真实的生日。'),
(1738, 2, 'general', 'field_customer_email_address', '电子邮箱:'),
(1739, 2, 'general', 'field_customer_group', '会员等级'),
(1740, 2, 'general', 'field_customer_store_credit', '账户抵用额'),
(1741, 2, 'general', 'field_customer_email_address_error', '电子邮箱至少包含 %s 个字符。'),
(1742, 2, 'general', 'field_customer_email_address_check_error', '无效电子邮箱 - 请更正。'),
(1743, 2, 'general', 'field_customer_email_address_exists_error', '该电子邮箱已注册-请换用其他电子邮箱或用该电子邮箱。'),
(1744, 2, 'general', 'field_customer_company', '公司名称:'),
(1745, 2, 'general', 'field_customer_company_error', '公司名称至少包含 %s 个字符。'),
(1746, 2, 'general', 'field_customer_street_address', '地址:'),
(1747, 2, 'general', 'field_customer_street_address_error', '地址至少包含 %s 个字符。'),
(1748, 2, 'general', 'field_customer_suburb', '区县:'),
(1749, 2, 'general', 'field_customer_suburb_error', '区县名须至少包含 %s 个字符。'),
(1750, 2, 'general', 'field_customer_post_code', '邮编:'),
(1751, 2, 'general', 'field_customer_post_code_error', '邮编须至少包含 %s 个字符。'),
(1752, 2, 'general', 'field_customer_city', '城市:'),
(1753, 2, 'general', 'field_customer_city_error', '城市名称须至少包含 %s 个字符。'),
(1754, 2, 'general', 'field_customer_state', '州/省:'),
(1755, 2, 'general', 'field_customer_state_error', '州/省须至少包含 %s 个字符。'),
(1756, 2, 'general', 'field_customer_state_select_pull_down_error', '请从下拉框中选择州或省。'),
(1757, 2, 'general', 'field_customer_country', '国家:'),
(1758, 2, 'general', 'field_customer_country_error', '请从下拉框中选择国家。'),
(1759, 2, 'general', 'field_customer_telephone_number', '电话号码:'),
(1760, 2, 'general', 'field_customer_telephone_number_error', '电话号码须至少包含%s个字符。'),
(1761, 2, 'general', 'field_customer_fax_number', '传真号码:'),
(1762, 2, 'general', 'field_customer_fax_number_error', '传真号码须至少包含%s个字符。'),
(1763, 2, 'general', 'field_customer_newsletter', '邮件订阅:'),
(1764, 2, 'general', 'field_customer_password', '密码:'),
(1765, 2, 'general', 'field_customer_password_error', '密码须至少包含%s个字符。'),
(1766, 2, 'general', 'field_customer_password_mismatch_with_confirmation', '确认密码和新密码必须一致。'),
(1767, 2, 'general', 'field_customer_password_confirmation', '确认密码:'),
(1768, 2, 'general', 'field_customer_password_current', '旧密码:'),
(1769, 2, 'general', 'field_customer_password_current_error', '密码须至少包含%s个字符。'),
(1770, 2, 'general', 'field_customer_password_new', '新密码:'),
(1771, 2, 'general', 'field_customer_password_new_error', '新密码须至少包含%s个字符。'),
(1772, 2, 'general', 'field_customer_password_new_mismatch_with_confirmation_error', '确认密码必须和新密码相一致。'),
(1773, 2, 'products', 'reviewed_by', '评论者 %s'),
(1774, 2, 'products', 'review_rating', '等级： %s [%s]'),
(1775, 2, 'products', 'no_review', '改产品暂无产品评论。'),
(1776, 2, 'products', 'field_posted_on', '发布于'),
(1777, 2, 'products', 'heading_write_review', '书写产品评论'),
(1778, 2, 'products', 'review_date_added', '添加日期：%s'),
(1779, 2, 'general', 'credit_card_number_error', '输入的信用卡号无效。<br />请核对后再试。'),
(1780, 2, 'general', 'maximum_file_upload_size', '(最大文件尺寸: %s)'),
(1781, 2, 'general', 'field_concat_captcha_check_error', '错误：请输入正确的验证码。'),
(1782, 2, 'general', 'field_customer_name_error', '错误：请输入姓名。'),
(1783, 2, 'general', 'field_customer_concat_email_error', '错误：请输入正确的邮件地址。'),
(1784, 2, 'general', 'field_departments_email_error', '错误：请选择部门邮箱。'),
(1785, 2, 'general', 'field_customer_name_required', '错误：请输入姓名。'),
(1786, 2, 'general', 'field_enquiry_error', '错误：请输入标题。'),
(1787, 2, 'general', 'field_telephone_error', '错误：请输入电话号码。'),
(1788, 2, 'modules-boxes', 'box_articles_categories_heading', '文章分类'),
(1789, 2, 'modules-boxes', 'box_attribute_filter_heading', '商品分类属性过滤器'),
(1790, 2, 'modules-boxes', 'box_best_sellers_heading', '热销商品'),
(1791, 2, 'modules-boxes', 'box_categories_heading', '商品分类'),
(1792, 2, 'modules-boxes', 'box_ordering_steps_heading', '结算流程'),
(1793, 2, 'modules-boxes', 'box_ordering_steps_delivery', '配送信息'),
(1794, 2, 'modules-boxes', 'box_ordering_steps_payment', '支付信息'),
(1795, 2, 'modules-boxes', 'box_ordering_steps_confirmation', '订单确认'),
(1796, 2, 'modules-boxes', 'box_ordering_steps_complete', '完成!'),
(1797, 2, 'modules-boxes', 'box_compare_products_heading', '商品比较'),
(1798, 2, 'modules-boxes', 'box_currencies_heading', '货币选择'),
(1799, 2, 'modules-boxes', 'box_faqs_heading', '常见热点问答'),
(1800, 2, 'modules-boxes', 'box_guest_book_heading', '留言簿'),
(1801, 2, 'modules-boxes', 'box_information_heading', '信息'),
(1802, 2, 'modules-boxes', 'box_information_privacy', '隐私策略'),
(1803, 2, 'modules-boxes', 'box_information_conditions', '使用条款'),
(1804, 2, 'modules-boxes', 'box_information_shipping', '配送条款'),
(1805, 2, 'modules-boxes', 'box_information_contact', '联系我们'),
(1806, 2, 'modules-boxes', 'box_information_sitemap', '网站地图'),
(1807, 2, 'modules-boxes', 'box_languages_heading', '界面语言'),
(1808, 2, 'modules-boxes', 'box_lastest_news_heading', '新闻资讯'),
(1809, 2, 'modules-boxes', 'box_manufacturer_info_heading', '厂商信息'),
(1810, 2, 'modules-boxes', 'box_manufacturer_info_website', '进入 %s 的网站'),
(1811, 2, 'modules-boxes', 'box_manufacturer_info_products', '浏览其他商品'),
(1812, 2, 'modules-boxes', 'box_manufacturers_heading', '生产厂商'),
(1813, 2, 'modules-boxes', 'box_order_history_heading', '订单历史记录'),
(1814, 2, 'modules-boxes', 'box_polls_heading', '投票'),
(1815, 2, 'modules-boxes', 'box_polls_one_vote_per_ip_error', '错误：每个IP只允许投票一次。'),
(1816, 2, 'modules-boxes', 'box_polls_votes', '投票'),
(1817, 2, 'modules-boxes', 'box_popular_search_terms_tag_cloud_heading', '热门关键字'),
(1818, 2, 'modules-boxes', 'box_product_notifications_heading', '商品更新通知'),
(1819, 2, 'modules-boxes', 'box_product_notifications_add', '通知我关于%s商品的更新信息'),
(1820, 2, 'modules-boxes', 'box_product_notifications_remove', '取消我对%s商品的更新关注'),
(1821, 2, 'modules-boxes', 'box_products_scroller_heading', '商品卷册'),
(1822, 2, 'modules-content', 'products_scroller_new_products_title', '新品上市'),
(1823, 2, 'modules-content', 'products_scroller_special_products_title', '特价专区'),
(1824, 2, 'modules-content', 'products_scroller_best_sellers_title', '热销商品'),
(1825, 2, 'modules-boxes', 'box_reviews_heading', '商品评论'),
(1826, 2, 'modules-boxes', 'box_reviews_write', '如果您对本商品有什么评价或经验,欢迎分享!'),
(1827, 2, 'modules-boxes', 'box_reviews_stars_rating', '%s颗星'),
(1828, 2, 'modules-boxes', 'box_search_heading', '搜索'),
(1829, 2, 'modules-boxes', 'box_search_text', '(请尝试<a href="%s">高级搜索</a>)'),
(1830, 2, 'modules-boxes', 'box_shop_by_price_heading', '按价格选择'),
(1831, 2, 'modules-boxes', 'box_shopping_cart_heading', '购物车'),
(1832, 2, 'modules-boxes', 'box_shopping_cart_empty', '您好，您的购物车没有加入任何商品！'),
(1833, 2, 'modules-boxes', 'box_shopping_cart_subtotal', '小计:'),
(1834, 2, 'modules-boxes', 'box_specials_heading', '特价专区'),
(1835, 2, 'modules-boxes', 'box_tell_a_friend_heading', '推荐给朋友'),
(1836, 2, 'modules-boxes', 'box_tell_a_friend_text', '跟您的朋友一起来分享这个商品吧！'),
(1837, 2, 'modules-boxes', 'box_templates_heading', '模板选择'),
(1838, 2, 'modules-boxes', 'box_whats_new_heading', '新品上市'),
(1839, 2, 'modules-content', 'customers_also_purchased_title', '购买过此商品的会员还购买过…'),
(1840, 2, 'modules-content', 'feature_products_title', '推荐商品'),
(1841, 2, 'modules-content', 'box_guestbook_heading', '留言簿'),
(1842, 2, 'modules-content', 'box_list_guest_book_heading', '所有留言'),
(1843, 2, 'modules-content', 'box_guest_book_info_heading', '留言簿'),
(1844, 2, 'modules-content', 'image_menu_show_title', '交替幻灯片'),
(1845, 2, 'modules-content', 'new_products_title', '新品上市'),
(1846, 2, 'modules-content', 'products_slider_title', '商品展示'),
(1847, 2, 'modules-content', 'products_slider_new_products_title', '新品上市'),
(1848, 2, 'modules-content', 'products_slider_special_products_title', '特价专区'),
(1849, 2, 'modules-content', 'products_slider_best_sellers_title', '热销产品'),
(1850, 2, 'modules-content', 'recently_visited_title', '最近浏览历史'),
(1851, 2, 'modules-content', 'recently_visited_products_title', '最近浏览过的商品'),
(1852, 2, 'modules-content', 'recently_visited_categories_title', '最近浏览过的商品分类'),
(1853, 2, 'modules-content', 'recently_visited_searches_title', '最近搜索历史'),
(1854, 2, 'modules-content', 'recently_visited_item_in_category', '商品分类：%s'),
(1855, 2, 'modules-content', 'slide_show_title', '幻灯片展示'),
(1856, 2, 'modules-content', 'upcoming_products_title', '预期商品'),
(1857, 2, 'modules-content', 'xsell_products_title', '关联商品'),
(1858, 2, 'modules-order_total', 'order_total_coupon_title', '优惠券'),
(1859, 2, 'modules-order_total', 'order_total_coupon_description', '优惠券'),
(1860, 2, 'modules-order_total', 'order_total_gift_certificate_title', '礼券'),
(1861, 2, 'modules-order_total', 'order_total_gift_certificate_description', '礼券'),
(1862, 2, 'modules-order_total', 'order_total_gift_wrapping_title', '礼品包装'),
(1863, 2, 'modules-order_total', 'order_total_gift_wrapping_description', '礼品包装'),
(1864, 2, 'modules-order_total', 'gift_wrapping_heading', '礼品包装'),
(1865, 2, 'modules-order_total', 'gift_wrapping_description', '请选择是否需要礼品包装。礼品包装为：%s。'),
(1866, 2, 'modules-order_total', 'order_total_loworderfee_title', '最低消费'),
(1867, 2, 'modules-order_total', 'order_total_loworderfee_description', '为了保证利润，最低的订单额的设置。'),
(1868, 2, 'modules-order_total', 'order_total_shipping_title', '运费'),
(1869, 2, 'modules-order_total', 'order_total_shipping_description', '订单总运费'),
(1870, 2, 'modules-order_total', 'order_total_store_credit_title', '账户抵用额'),
(1871, 2, 'modules-order_total', 'order_total_store_credit_description', '账户抵用额'),
(1872, 2, 'modules-order_total', 'order_total_subtotal_title', '商品总价'),
(1873, 2, 'modules-order_total', 'order_total_subtotal_description', '订单总价'),
(1874, 2, 'modules-order_total', 'order_total_tax_title', '税'),
(1875, 2, 'modules-order_total', 'order_total_tax_description', '订单总税'),
(1876, 2, 'modules-order_total', 'order_total_total_title', '商品总价'),
(1877, 2, 'modules-order_total', 'order_total_total_description', '订单总价'),
(1878, 2, 'modules-payment', 'payment_alipay_title', '支付宝'),
(1879, 2, 'modules-payment', 'payment_alipay_description', '支付宝'),
(1880, 2, 'modules-payment', 'payment_alipay_method_title', '支付宝'),
(1881, 2, 'modules-payment', 'payment_amazon_title', '亚马逊支付'),
(1882, 2, 'modules-payment', 'payment_amazon_description', '亚马逊支付'),
(1883, 2, 'modules-payment', 'payment_amazon_method_title', '亚马逊支付'),
(1884, 2, 'modules-payment', 'payment_authorizenet_cc_title', 'Authorize.net 信用卡'),
(1885, 2, 'modules-payment', 'payment_authorizenet_cc_description', 'Authorize.net 信用卡交易'),
(1886, 2, 'modules-payment', 'payment_authorizenet_cc_method_title', '信用卡'),
(1887, 2, 'modules-payment', 'payment_authorizenet_cc_credit_card_owner', '持卡人:'),
(1888, 2, 'modules-payment', 'payment_authorizenet_cc_credit_card_number', '信用卡号:'),
(1889, 2, 'modules-payment', 'payment_authorizenet_cc_credit_card_expiry_date', '信用卡有效期:'),
(1890, 2, 'modules-payment', 'payment_authorizenet_cc_credit_card_cvc', 'CVV校验码:'),
(1891, 2, 'modules-payment', 'payment_authorizenet_cc_js_credit_card_owner', '* 持卡人名称至少包含 %s 个字符。'),
(1892, 2, 'modules-payment', 'payment_authorizenet_cc_js_credit_card_number', '* 信用卡号码至少包含 %s 个字符。'),
(1893, 2, 'modules-payment', 'payment_authorizenet_cc_js_credit_card_not_accepted', '* 此信用卡类型未被识别，请尝试其他信用卡或选用其他支付方式。'),
(1894, 2, 'modules-payment', 'payment_authorizenet_cc_js_credit_card_cvc', '* 此信用卡的CVV校验码至少包含 3 个字符。'),
(1895, 2, 'modules-payment', 'payment_authorizenet_cc_error_general', '信用卡处理时出现错误，请您核对卡号后再试。'),
(1896, 2, 'modules-payment', 'payment_authorizenet_cc_error_not_accepted', '此信用卡类型未被识别. 请尝试其他信用卡或选用其他支付方式。'),
(1897, 2, 'modules-payment', 'payment_authorizenet_cc_error_invalid_expiration_date', '信用卡有效期无效，请核对信用卡后再试。'),
(1898, 2, 'modules-payment', 'payment_authorizenet_cc_error_expired', '信用卡已过期，请尝试其他信用卡或选用其他支付方式。'),
(1899, 2, 'modules-payment', 'payment_authorizenet_cc_error_unknown_card', '此信用卡未知，无法操作。请尝试其他信用卡或选用其他支付方式。'),
(1900, 2, 'modules-payment', 'payment_authorizenet_echeck_title', 'Authorize.net 电子支票'),
(1901, 2, 'modules-payment', 'payment_authorizenet_echeck_description', 'Authorize.net 电子支票交易'),
(1902, 2, 'modules-payment', 'payment_authorizenet_echeck_method_title', '银行/支票 帐户'),
(1903, 2, 'modules-payment', 'payment_authorizenet_echeck_owner', '开户人：'),
(1904, 2, 'modules-payment', 'payment_authorizenet_echeck_account_type', '帐户类型：'),
(1905, 2, 'modules-payment', 'payment_authorizenet_echeck_account_type_checking', '校验'),
(1906, 2, 'modules-payment', 'payment_authorizenet_echeck_account_type_business_checking', '商业支票'),
(1907, 2, 'modules-payment', 'payment_authorizenet_echeck_account_type_savings', '储蓄'),
(1908, 2, 'modules-payment', 'payment_authorizenet_echeck_account_number', '账号：'),
(1909, 2, 'modules-payment', 'payment_authorizenet_echeck_bank_name', '银行名称：'),
(1910, 2, 'modules-payment', 'payment_authorizenet_echeck_routing_code', '国际电汇代码:'),
(1911, 2, 'modules-payment', 'payment_authorizenet_echeck_tax_id', '税号或社保号:'),
(1912, 2, 'modules-payment', 'payment_authorizenet_echeck_org_type', '组织类型：'),
(1913, 2, 'modules-payment', 'payment_authorizenet_echeck_org_type_individual', '个人'),
(1914, 2, 'modules-payment', 'payment_authorizenet_echeck_org_type_business', '商业'),
(1915, 2, 'modules-payment', 'payment_authorizenet_echeck_js_owner', '* 请输入银行帐户的户主名称。'),
(1916, 2, 'modules-payment', 'payment_authorizenet_echeck_js_account_number', '* 请输入银行的帐户号码。'),
(1917, 2, 'modules-payment', 'payment_authorizenet_echeck_js_bank_name', '* 请输入银行帐户的银行名称。'),
(1918, 2, 'modules-payment', 'payment_authorizenet_echeck_js_routing_code', '* 银行国际电汇代码必须包含 %s 位数字。'),
(1919, 2, 'modules-payment', 'payment_authorizenet_echeck_js_tax_id', '* 税号或社保号必须包含 %s 位数字。'),
(1920, 2, 'modules-payment', 'payment_authorizenet_echeck_error_general', '处理此银行账号出错。请核对账户信息后再试。'),
(1921, 2, 'modules-payment', 'payment_authorizenet_echeck_error_routing_code', '银行国际电汇代码必须包含 %s 位数字。请核对帐户信息后再试。'),
(1922, 2, 'modules-payment', 'payment_authorizenet_echeck_error_invalid_routing_code', '处理银行国际电汇代码时出错。请核对帐户信息后再试。'),
(1923, 2, 'modules-payment', 'payment_authorizenet_echeck_error_invalid_account', '处理银行国际电汇代码时出错。请核对帐户信息后再试。'),
(1924, 2, 'modules-payment', 'payment_authorizenet_echeck_error_tax_id', '税号或社保号必须包含 %s 位数字。请核对帐户信息后再试。'),
(1925, 2, 'modules-payment', 'payment_authorizenet_echeck_error_invalid_tax_id', '处理税号或社保号时出错。请核对账户信息后再试。'),
(1926, 2, 'modules-payment', 'payment_authorizenet_echeck_confirmation_message', '浏览订单之后，我决定用 %s 替代 %s 帐户来支付本次订单的 %s 个 %s 商品。'),
(1927, 2, 'modules-payment', 'payment_bank_wire_title', '银行电汇'),
(1928, 2, 'modules-payment', 'payment_bank_wire_description', '银行电汇'),
(1929, 2, 'modules-payment', 'payment_bank_wire_method_title', '银行电汇'),
(1930, 2, 'modules-payment', 'payment_bank_wire_bank_account_owner', '开户人'),
(1931, 2, 'modules-payment', 'payment_bank_wire_bank_detail', '银行详细信息'),
(1932, 2, 'modules-payment', 'payment_bank_wire_bank_address', '银行地址'),
(1933, 2, 'modules-payment', 'payment_cc_title', '信用卡'),
(1934, 2, 'modules-payment', 'payment_cc_description', '信用卡测试信息:<br /><br />CC#: 4111111111111111<br />有效期: 任意'),
(1935, 2, 'modules-payment', 'payment_cc_method_title', '信用卡'),
(1936, 2, 'modules-payment', 'payment_cc_credit_card_owner', '持卡人:'),
(1937, 2, 'modules-payment', 'payment_cc_credit_card_number', '信用卡号:'),
(1938, 2, 'modules-payment', 'payment_cc_credit_card_expiry_date', '信用卡有效期:'),
(1939, 2, 'modules-payment', 'payment_cc_js_credit_card_owner', '* 持卡人名称至少包含 %s 个字符。'),
(1940, 2, 'modules-payment', 'payment_cc_js_credit_card_number', '* 信用卡号码至少包含 %s 个字符。'),
(1941, 2, 'modules-payment', 'payment_cc_js_credit_card_not_accepted', '* 此信用卡未被识别。请尝试其他信用卡或选用其他支付方式。'),
(1942, 2, 'modules-payment', 'payment_cc_error_general', '信用卡处理时出错，请核对后再试。'),
(1943, 2, 'modules-payment', 'payment_cc_error_not_accepted', '此信用卡类型未被识别，请尝试其他信用卡或选用其他支付方式。'),
(1944, 2, 'modules-payment', 'payment_cc_error_invalid_expiration_date', '信用卡有效期无效。请核对后再试。'),
(1945, 2, 'modules-payment', 'payment_cc_error_expired', '此信用卡已过期。请尝试其他信用卡或选用其他支付方式。'),
(1946, 2, 'modules-payment', 'payment_cc_error_unknown_card', '此信用卡未知，无法操作。请尝试其他信用卡或选用其他支付方式。'),
(1947, 2, 'modules-payment', 'payment_cheque_title', '支票'),
(1948, 2, 'modules-payment', 'payment_cheque_description', '支票'),
(1949, 2, 'modules-payment', 'payment_cheque_method_title', '支票'),
(1950, 2, 'modules-payment', 'payment_cheque_account_owner', '至订单'),
(1951, 2, 'modules-payment', 'payment_cheque_address', '地址'),
(1952, 2, 'modules-payment', 'payment_chinabank_title', '网银在线'),
(1953, 2, 'modules-payment', 'payment_chinabank_description', '网银在线'),
(1954, 2, 'modules-payment', 'payment_chinabank_method_title', '网银在线'),
(1955, 2, 'modules-payment', 'payment_chronopay_title', 'ChronoPay'),
(1956, 2, 'modules-payment', 'payment_chronopay_description', 'ChronoPay'),
(1957, 2, 'modules-payment', 'payment_chronopay_method_title', '信用卡'),
(1958, 2, 'modules-payment', 'payment_cod_title', '货到付款'),
(1959, 2, 'modules-payment', 'payment_cod_description', '货到付款'),
(1960, 2, 'modules-payment', 'payment_cod_method_title', '货到付款'),
(1961, 2, 'modules-payment', 'payment_eway_title', 'eWAY Payment Credit Card'),
(1962, 2, 'modules-payment', 'payment_eway_description', 'eWAY Payment Credit Card'),
(1963, 2, 'modules-payment', 'payment_eway_method_title', 'eWAY Payment Credit Card'),
(1964, 2, 'modules-payment', 'payment_eway_au_title', 'eWay支付方式'),
(1965, 2, 'modules-payment', 'payment_eway_au_description', 'eWay支付方式'),
(1966, 2, 'modules-payment', 'payment_eway_au_method_title', 'eWay支付方式'),
(1967, 2, 'modules-payment', 'payment_eway_au_credit_card_owner', '持卡人姓名：'),
(1968, 2, 'modules-payment', 'payment_eway_au_credit_card_number', '卡号：'),
(1969, 2, 'modules-payment', 'payment_eway_au_credit_card_expiry_date', '有效日期：'),
(1970, 2, 'modules-payment', 'payment_eway_au_credit_card_cvv', 'CVV号：'),
(1971, 2, 'modules-payment', 'payment_eway_eu_js_credit_card_owner', '* 该持卡人姓名必须大于%s个字符。'),
(1972, 2, 'modules-payment', 'payment_eway_eu_js_credit_card_number', '* 该信用卡好必须大于%s个字符。'),
(1973, 2, 'modules-payment', 'payment_eway_eu_cc_js_credit_card_cvc', '* 该CVC号必须大于3个字符。'),
(1974, 2, 'modules-payment', 'payment_gcheckout_title', 'Google支付方式'),
(1975, 2, 'modules-payment', 'payment_gcheckout_description', 'Google支付方式'),
(1976, 2, 'modules-payment', 'payment_gcheckout_method_title', 'Google支付方式'),
(1977, 2, 'modules-payment', 'payment_gcheckout_merchant_id', '商家ID'),
(1978, 2, 'modules-payment', 'payment_gcheckout_merchant_key', '厂家密钥'),
(1979, 2, 'modules-payment', 'payment_inpay_title', 'Inpay支付方式'),
(1980, 2, 'modules-payment', 'payment_inpay_method_title', 'Inpay支付方式'),
(1981, 2, 'modules-payment', 'payment_ipayment_title', 'iPayment'),
(1982, 2, 'modules-payment', 'payment_ipayment_description', '信用卡测试信息:<br /><br />CC#: 4111111111111111<br />有效期: 任意'),
(1983, 2, 'modules-payment', 'payment_ipayment_error_heading', '处理您的信用卡时出现了一个错误。'),
(1984, 2, 'modules-payment', 'payment_ipayment_error_message', '请仔细核对您的信用卡信息！'),
(1985, 2, 'modules-payment', 'payment_ipayment_credit_card_owner', '持卡人：'),
(1986, 2, 'modules-payment', 'payment_ipayment_credit_card_number', '信用卡卡号：'),
(1987, 2, 'modules-payment', 'payment_ipayment_credit_card_expiry_date', '信用卡有效期：'),
(1988, 2, 'modules-payment', 'payment_ipayment_credit_card_checknumber', '信用卡验证码：'),
(1989, 2, 'modules-payment', 'payment_ipayment_credit_card_checknumber_location', '(位于信用卡的背面)'),
(1990, 2, 'modules-payment', 'payment_ipayment_js_credit_card_owner', '* 持卡人名称至少包含%s 位字符。'),
(1991, 2, 'modules-payment', 'payment_ipayment_js_credit_card_number', '* 信用卡卡号至少包含%s位字符。'),
(1992, 2, 'modules-payment', 'payment_ipayment_credit_card_type', '信用卡类型：'),
(1993, 2, 'modules-payment', 'payment_moneybookers_title', 'Moneybookers支付方式'),
(1994, 2, 'modules-payment', 'payment_moneybookers_description', 'Moneybookers支付方式'),
(1995, 2, 'modules-payment', 'payment_moneybookers_method_title', 'Moneybookers支付方式'),
(1996, 2, 'modules-payment', 'payment_moneybookers_email', '邮件'),
(1997, 2, 'modules-payment', 'payment_moneyorder_title', '支票/银行转账'),
(1998, 2, 'modules-payment', 'payment_moneyorder_description', '请支付到:&nbsp;%s<br /><br />账户:<br />%s<br /><br />我们将在收到您的汇款后发送货物。'),
(1999, 2, 'modules-payment', 'payment_moneyorder_email_footer', '请支付到: %s\n\n账户:\n%\n\n我们将在收到您的汇款后发送货物。'),
(2000, 2, 'modules-payment', 'payment_nochex_title', 'NOCHEX'),
(2001, 2, 'modules-payment', 'payment_nochex_method_title', 'NoChex'),
(2002, 2, 'modules-payment', 'payment_nochex_description', 'NOCHEX<br />需要GBP作为货币。'),
(2003, 2, 'modules-payment', 'payment_ogone_directlink_cc_title', 'Ogone DirectLink 信用卡'),
(2004, 2, 'modules-payment', 'payment_ogone_directlink_cc_description', 'Ogone DirectLink 信用卡交易'),
(2005, 2, 'modules-payment', 'payment_ogone_directlink_cc_method_title', '信用卡'),
(2006, 2, 'modules-payment', 'payment_ogone_directlink_cc_credit_card_owner', '信用卡主人：'),
(2007, 2, 'modules-payment', 'payment_ogone_directlink_cc_credit_card_number', '信用卡号码：'),
(2008, 2, 'modules-payment', 'payment_ogone_directlink_cc_credit_card_expiry_date', '信用卡有效期：'),
(2009, 2, 'modules-payment', 'payment_ogone_directlink_cc_credit_card_cvc', '信用卡验证码 (CVC):'),
(2010, 2, 'modules-payment', 'payment_ogone_directlink_cc_js_credit_card_owner', '* 信用卡卡主的名称至少是 %s 位字符。'),
(2011, 2, 'modules-payment', 'payment_ogone_directlink_cc_js_credit_card_number', '* 信用卡号码必须是至少 %s 位字符。'),
(2012, 2, 'modules-payment', 'payment_ogone_directlink_cc_js_credit_card_not_accepted', '* 此信用卡类型是不被接受的。请您尝试使用其它的信用卡或其它的付款方式。'),
(2013, 2, 'modules-payment', 'payment_ogone_directlink_cc_js_credit_card_cvc', '* 信用卡验证码 (CVC) 必须至少有3位字符。'),
(2014, 2, 'modules-payment', 'payment_ogone_directlink_cc_error_general', '处理此信用卡时出现一些问题，请检查信用卡信息，然后再尝试一次。'),
(2015, 2, 'modules-payment', 'payment_ogone_directlink_cc_error_not_accepted', '此信用卡类型未被识别。请尝试其它信用卡或选用其它支付方式。'),
(2016, 2, 'modules-payment', 'payment_paypal_direct_title', 'PayPal Website Payments Pro (US) Direct Payments'),
(2017, 2, 'modules-payment', 'payment_paypal_direct_description', '<b>Note: PayPal requires the PayPal Express Checkout payment module to be enabled if this module is activated.</b><br /><br /><img src="images/icon_popup.gif" border="0">&nbsp;</img><a href="https://www.paypal.com/mrb/pal=PS2X9Q773CKG4" target="_blank" style="text-decoration: underline; font-weight: bold;">Visit PayPal Website</a>&nbsp;<a href="javascript:toggleDivBlock(''paypalDirectInfo'');">(info)</a><span id="paypalDirectInfo" style="display: none;"><br /><i>Using the above link to signup at PayPal grants osCommerce a small financial bonus for referring a customer.</i></span>'),
(2018, 2, 'modules-payment', 'payment_paypal_direct_method_title', 'Credit or Debit Card (Processed securely by PayPal)'),
(2019, 2, 'modules-payment', 'payment_paypal_direct_card_owner', '持卡人姓名：'),
(2020, 2, 'modules-payment', 'payment_paypal_direct_card_type', '信用卡类型：'),
(2021, 2, 'modules-payment', 'payment_paypal_direct_card_number', '卡号：'),
(2022, 2, 'modules-payment', 'payment_paypal_direct_card_valid_from', '信用卡起始日期：'),
(2023, 2, 'modules-payment', 'payment_paypal_direct_card_valid_from_info', '(如果有)'),
(2024, 2, 'modules-payment', 'payment_paypal_direct_card_expires', '信用卡截止日期：'),
(2025, 2, 'modules-payment', 'payment_paypal_direct_card_cvc', '安全代码（CVV2）：'),
(2026, 2, 'modules-payment', 'payment_paypal_direct_card_issue_number', '信用卡发卡号：'),
(2027, 2, 'modules-payment', 'payment_paypal_direct_card_issue_number_info', '（只适合Maestro和Solo类型信用卡）'),
(2028, 2, 'modules-payment', 'payment_paypal_direct_error_all_fields_required', '错误：请填写所有支付信息字段内容。'),
(2029, 2, 'modules-payment', 'payment_paypal_express_title', 'PayPal Express 支付方式'),
(2030, 2, 'modules-payment', 'payment_paypal_express_description', 'PayPal Express 支付方式'),
(2031, 2, 'modules-payment', 'payment_paypal_express_method_title', 'PayPal Express 支付方式（包括信用卡和借记卡）'),
(2032, 2, 'modules-payment', 'payment_paypal_express_button_title', '使用PayPal Express 支付方式支付'),
(2033, 2, 'modules-payment', 'payment_paypal_ipn_title', 'PayPal IPN'),
(2034, 2, 'modules-payment', 'payment_paypal_ipn_description', 'PayPal IPN'),
(2035, 2, 'modules-payment', 'payment_paypal_ipn_method_title', 'PayPal'),
(2036, 2, 'modules-payment', 'payment_paypal_standard_title', 'Paypal标准支付方式'),
(2037, 2, 'modules-payment', 'payment_paypal_standard_method_title', 'Paypal标准支付方式'),
(2038, 2, 'modules-payment', 'payment_paypal_uk_direct_title', 'PayPal Website Payments Pro (UK) Direct Payments'),
(2039, 2, 'modules-payment', 'payment_paypal_uk_direct_description', 'PayPal UK Direct'),
(2040, 2, 'modules-payment', 'payment_paypal_uk_direct_method_title', 'PayPal UK Direct (包括信用卡和借记卡)'),
(2041, 2, 'modules-payment', 'payment_paypal_uk_direct_card_owner', '持卡人：'),
(2042, 2, 'modules-payment', 'payment_paypal_uk_direct_card_type', '信用卡类型：'),
(2043, 2, 'modules-payment', 'payment_paypal_uk_direct_card_number', '卡号：'),
(2044, 2, 'modules-payment', 'payment_paypal_uk_direct_card_valid_from', '信用卡起始日期：'),
(2045, 2, 'modules-payment', 'payment_paypal_uk_direct_card_valid_from_info', '（如果有）'),
(2046, 2, 'modules-payment', 'payment_paypal_uk_direct_card_expires', '信用卡失效日期：'),
(2047, 2, 'modules-payment', 'payment_paypal_uk_direct_card_cvc', '安全代码（CVV2）：'),
(2048, 2, 'modules-payment', 'payment_paypal_uk_direct_card_issue_number', '信用卡发卡号：'),
(2049, 2, 'modules-payment', 'payment_paypal_uk_direct_card_issue_number_info', '（使用户Maestro和Solo信用卡）'),
(2050, 2, 'modules-payment', 'payment_paypal_uk_direct_error_general', '错误：在交易中出错。请重试。'),
(2051, 2, 'modules-payment', 'payment_paypal_uk_direct_error_cfg_error', '错误：信用可配置错误。请确认支付模块登陆信息。'),
(2052, 2, 'modules-payment', 'payment_paypal_uk_direct_error_address', '错误：运输城市，洲和邮编不对应。请重试。'),
(2053, 2, 'modules-payment', 'payment_paypal_uk_direct_error_all_fields_required', '错误：请输入所有支付信息字段内容。'),
(2054, 2, 'modules-payment', 'payment_paypal_uk_direct_error_declined', '错误：交易被拒绝。请重试。'),
(2055, 2, 'modules-payment', 'payment_paypal_uk_direct_error_invalid_credit_card', '错误：输入的信用卡信息无效。请重试。'),
(2056, 2, 'modules-payment', 'payment_paypal_uk_express_title', 'PayPal Website Payments Pro (UK) Express Checkout'),
(2057, 2, 'modules-payment', 'payment_paypal_uk_express_description', 'PayPal UK Express'),
(2058, 2, 'modules-payment', 'payment_paypal_uk_express_method_title', 'PayPal UK Express (包括信用卡和借记卡)'),
(2059, 2, 'modules-payment', 'payment_paypal_uk_express_error_cfg_error', '错误：支付模块配置错误。请确认账号信息。'),
(2060, 2, 'modules-payment', 'payment_paypal_uk_express_error_address', '错误：运输城市，州县和邮政编码无法对应。请重试。'),
(2061, 2, 'modules-payment', 'payment_paypal_uk_express_error_declined', '错误：交易被拒绝。请重试。'),
(2062, 2, 'modules-payment', 'payment_paypal_uk_express_error_express_disabled', '错误：该商家的PayPal Express支付账号被禁用了。请联系PayPal客户。'),
(2063, 2, 'modules-payment', 'payment_paypal_uk_express_error_general', '错误：交易出错。请重试。'),
(2064, 2, 'modules-payment', 'payment_payquake_cc_title', 'PayQuake 信用卡'),
(2065, 2, 'modules-payment', 'payment_payquake_cc_description', 'PayQuake 信用卡交易'),
(2066, 2, 'modules-payment', 'payment_payquake_cc_method_title', '信用卡'),
(2067, 2, 'modules-payment', 'payment_payquake_cc_credit_card_owner', '持卡人：'),
(2068, 2, 'modules-payment', 'payment_payquake_cc_credit_card_number', '信用卡卡号：'),
(2069, 2, 'modules-payment', 'payment_payquake_cc_credit_card_expiry_date', '信用卡有效期：'),
(2070, 2, 'modules-payment', 'payment_payquake_cc_credit_card_cvc', '信用卡校验码：'),
(2071, 2, 'modules-payment', 'payment_payquake_cc_js_credit_card_owner', '* 持卡人名称至少是 %s 位字符。'),
(2072, 2, 'modules-payment', 'payment_payquake_cc_js_credit_card_number', '* 信用卡卡号至少是 %s 位字符。'),
(2073, 2, 'modules-payment', 'payment_payquake_cc_js_credit_card_not_accepted', '* 此信用卡类型未被识别。请尝试其他信用卡或选用其它支付方式。'),
(2074, 2, 'modules-payment', 'payment_payquake_cc_js_credit_card_cvc', '* 信用卡校验码至少是3位字符。'),
(2075, 2, 'modules-payment', 'payment_payquake_cc_error_general', '处理此信用卡时出错。请核对信用卡信息后再试。'),
(2076, 2, 'modules-payment', 'payment_payquake_cc_error_not_accepted', '此信用卡类型未被识别。请使用其他信用卡或选用其它支付方式。'),
(2077, 2, 'modules-payment', 'payment_payquake_cc_error_invalid_expiry_date', '此信用卡有效期无效。请核对信用卡信息后再试。'),
(2078, 2, 'modules-payment', 'payment_payquake_cc_error_expired', '此信用卡已过期。请尝试其他信用卡或选用其它支付方式。'),
(2079, 2, 'modules-payment', 'payment_2checkout_title', '2CheckOut'),
(2080, 2, 'modules-payment', 'payment_2checkout_description', '信用卡测试信息：<br /><br />CC#: 4111111111111111<br />有效期: 无限'),
(2081, 2, 'modules-payment', 'payment_2checkout_credit_cart_type', '类型：'),
(2082, 2, 'modules-payment', 'payment_2checkout_credit_card_owner', '持卡人：'),
(2083, 2, 'modules-payment', 'payment_2checkout_credit_card_owner_first_name', '持卡人名称：'),
(2084, 2, 'modules-payment', 'payment_2checkout_credit_card_owner_last_name', '持卡人姓氏：'),
(2085, 2, 'modules-payment', 'payment_2checkout_credit_card_number', '信用卡卡号：'),
(2086, 2, 'modules-payment', 'payment_2checkout_credit_card_expiry_date', '信用卡有效期：'),
(2087, 2, 'modules-payment', 'payment_2checkout_credit_card_checknumber', '信用卡验证码：'),
(2088, 2, 'modules-payment', 'payment_2checkout_credit_card_checknumber_location', '(位于信用卡的背面)'),
(2089, 2, 'modules-payment', 'payment_2checkout_js_credit_card_number', '* 信用卡卡号至少包含 %s 位字符。'),
(2090, 2, 'modules-payment', 'payment_2checkout_error_message', '处理信用卡时出错。请重试。'),
(2091, 2, 'modules-payment', 'payment_psigate_title', 'PSiGate'),
(2092, 2, 'modules-payment', 'payment_psigate_description', '信用卡测试信息：<br /><br />CC#: 4111111111111111<br />有效期： 无限期'),
(2093, 2, 'modules-payment', 'payment_psigate_credit_card_owner', '持卡人：'),
(2094, 2, 'modules-payment', 'payment_psigate_credit_card_number', '信用卡卡号：'),
(2095, 2, 'modules-payment', 'payment_psigate_credit_card_expiry_date', '信用卡有效期：'),
(2096, 2, 'modules-payment', 'payment_psigate_credit_card_type', '类型：'),
(2097, 2, 'modules-payment', 'payment_psigate_js_credit_card_number', '* 信用卡号码至少是 '' . CC_NUMBER_MIN_LENGTH . '' 位字符.<br />'),
(2098, 2, 'modules-payment', 'payment_psigate_error_message', '处理信用卡时出错。请重试。'),
(2099, 2, 'modules-payment', 'payment_psigate_error', '信用卡出错！'),
(2100, 2, 'modules-payment', 'payment_saferpay_cc_title', 'Saferpay 信用卡'),
(2101, 2, 'modules-payment', 'payment_saferpay_cc_description', 'Saferpay 信用卡交易'),
(2102, 2, 'modules-payment', 'payment_saferpay_cc_method_title', '信用卡'),
(2103, 2, 'modules-payment', 'payment_saferpay_cc_credit_card_owner', '持卡人：'),
(2104, 2, 'modules-payment', 'payment_saferpay_cc_credit_card_number', '信用卡卡号：'),
(2105, 2, 'modules-payment', 'payment_saferpay_cc_credit_card_expiry_date', '信用卡有效期：'),
(2106, 2, 'modules-payment', 'payment_saferpay_cc_credit_card_cvc', '信用卡校验码:'),
(2107, 2, 'modules-payment', 'payment_saferpay_cc_js_credit_card_owner', '* 持卡人的名称至少包含 %s 个字符。'),
(2108, 2, 'modules-payment', 'payment_saferpay_cc_js_credit_card_number', '* 信用卡卡号至少包含 %s 个字符。'),
(2109, 2, 'modules-payment', 'payment_saferpay_cc_js_credit_card_not_accepted', '* 此信用卡类型未被识别，请尝试其他信用卡或选用其他支付方式。'),
(2110, 2, 'modules-payment', 'payment_saferpay_cc_js_credit_card_cvc', '* 信用卡校验码至少含有3个字符。'),
(2111, 2, 'modules-payment', 'payment_saferpay_cc_error_general', '处理信用卡时出错。请核对信用卡信息后再试。'),
(2112, 2, 'modules-payment', 'payment_saferpay_cc_error_not_accepted', '此信用卡类型未被识别。请使用其他信用卡或选用其他支付方式。'),
(2113, 2, 'modules-payment', 'payment_saferpay_cc_error_62', '此信用卡有效期无效。请核对信用卡信息后再试。'),
(2114, 2, 'modules-payment', 'payment_saferpay_cc_error_63', '此信用卡已经过期。请尝试其他信用卡或选用其他支付方式。'),
(2115, 2, 'modules-payment', 'payment_saferpay_cc_error_64', '此信用卡未知，不能操作。请尝试其他信用卡或选用其他支付方式。'),
(2116, 2, 'modules-payment', 'payment_saferpay_elv_title', 'Saferpay银行转账'),
(2117, 2, 'modules-payment', 'payment_saferpay_elv_description', 'Saferpay 银行转账交易'),
(2118, 2, 'modules-payment', 'payment_saferpay_elv_method_title', '银行转账'),
(2119, 2, 'modules-payment', 'payment_saferpay_elv_bank_owner', '户主名称：'),
(2120, 2, 'modules-payment', 'payment_saferpay_elv_bank_account_number', '帐户号码：'),
(2121, 2, 'modules-payment', 'payment_saferpay_elv_bank_code', '银行代码：'),
(2122, 2, 'modules-payment', 'payment_saferpay_elv_js_error', '*必填项。'),
(2123, 2, 'modules-payment', 'payment_saferpay_elv_error_general', '处理此银行帐户出错。请核对帐户信息后再试。'),
(2124, 2, 'modules-payment', 'payment_saferpay_vt_title', 'Saferpay 虚拟终端'),
(2125, 2, 'modules-payment', 'payment_saferpay_vt_description', 'Saferpay 虚拟终端交易'),
(2126, 2, 'modules-payment', 'payment_saferpay_vt_method_title', '信用卡'),
(2127, 2, 'modules-payment', 'payment_saferpay_vt_error_general', '处理此订单时出现问题。请核对账单信息后重试。'),
(2128, 2, 'modules-payment', 'payment_secpay_title', 'SECPay'),
(2129, 2, 'modules-payment', 'payment_secpay_description', '信用卡测试信息：<br /><br />CC#: 4444333322221111<br />有效期至： 无限期'),
(2130, 2, 'modules-payment', 'payment_secpay_error', '信用卡出错!'),
(2131, 2, 'modules-payment', 'payment_secpay_error_message', '处理信用卡时出错。请重试。'),
(2132, 2, 'modules-payment', 'payment_western_union_title', '西联汇款'),
(2133, 2, 'modules-payment', 'payment_western_union_description', '西联汇款'),
(2134, 2, 'modules-payment', 'payment_western_union_method_title', '西联汇款'),
(2135, 2, 'modules-payment', 'payment_western_union_owner_country', '国家：'),
(2136, 2, 'modules-payment', 'payment_western_union_owner_city', '城市：'),
(2137, 2, 'modules-payment', 'payment_western_union_owner_name', '姓名：'),
(2138, 2, 'modules-payment', 'payment_western_union_owner_email', '邮件：'),
(2139, 2, 'modules-payment', 'payment_western_union_owner_telephone', '电话号码：'),
(2140, 2, 'modules-payment', 'payment_wirecard_cc_title', 'Wire Card 信用卡'),
(2141, 2, 'modules-payment', 'payment_wirecard_cc_description', 'Wire Card 信用卡交易'),
(2142, 2, 'modules-payment', 'payment_wirecard_cc_method_title', '信用卡'),
(2143, 2, 'modules-payment', 'payment_wirecard_cc_credit_card_owner', '持卡人：'),
(2144, 2, 'modules-payment', 'payment_wirecard_cc_credit_card_number', '信用卡卡号：'),
(2145, 2, 'modules-payment', 'payment_wirecard_cc_credit_card_expiry_date', '信用卡有效期：'),
(2146, 2, 'modules-payment', 'payment_wirecard_cc_credit_card_cvc', '信用卡校验码：'),
(2147, 2, 'modules-payment', 'payment_wirecard_cc_js_credit_card_owner', '* 持卡人的名称至少包含 %s 位字符。'),
(2148, 2, 'modules-payment', 'payment_wirecard_cc_js_credit_card_number', '* 信用卡卡号至少包含 %s 位字符。'),
(2149, 2, 'modules-payment', 'payment_wirecard_cc_js_credit_card_not_accepted', '* 此信用卡类型未被识别。请尝试其他信用卡或选用其他支付方式。'),
(2150, 2, 'modules-payment', 'payment_wirecard_cc_js_credit_card_cvc', '* 信用卡校验码至少包含3位字符。'),
(2151, 2, 'modules-payment', 'payment_wirecard_cc_error_general', '处理此信用卡时出错。请核对信用卡信息后重试。'),
(2152, 2, 'modules-payment', 'payment_wirecard_cc_error_not_accepted', '此信用卡未被识别。请尝试其他信用卡或选用其他支付方式。'),
(2153, 2, 'modules-payment', 'payment_wirecard_cc_error_20071', '此信用卡有效期无效。请核对信用卡信息后重试。'),
(2154, 2, 'modules-payment', 'payment_wirecard_cc_error_33', '此信用卡已经过期。请尝试其他信用卡或选用其他支付方式。'),
(2155, 2, 'modules-payment', 'payment_wirecard_cc_error_unkown_card', '此信用卡未知，不能操作。请尝试其他信用卡或选用其他支付方式。'),
(2156, 2, 'modules-payment', 'payment_wirecard_eft_title', 'Wire Card EFT'),
(2157, 2, 'modules-payment', 'payment_wirecard_eft_description', 'Wire Card EFT 交易'),
(2158, 2, 'modules-payment', 'payment_wirecard_eft_method_title', '银行转账'),
(2159, 2, 'modules-payment', 'payment_wirecard_eft_bank_owner', '开户人：'),
(2160, 2, 'modules-payment', 'payment_wirecard_eft_bank_owner_firstname', '户主名称：'),
(2161, 2, 'modules-payment', 'payment_wirecard_eft_bank_owner_lastname', '户主姓氏：'),
(2162, 2, 'modules-payment', 'payment_wirecard_eft_account_type', '账户类型：'),
(2163, 2, 'modules-payment', 'payment_wirecard_eft_account_type_checking', '检测'),
(2164, 2, 'modules-payment', 'payment_wirecard_eft_account_type_savings', '储蓄'),
(2165, 2, 'modules-payment', 'payment_wirecard_eft_bank_account_number', '账号：'),
(2166, 2, 'modules-payment', 'payment_wirecard_eft_bank_code', '银行代码：'),
(2167, 2, 'modules-payment', 'payment_wirecard_eft_check_number', '验证码：'),
(2168, 2, 'modules-payment', 'payment_wirecard_eft_id_number', '身份证号码：'),
(2169, 2, 'modules-payment', 'payment_wirecard_eft_js_error', '* 必填项。'),
(2170, 2, 'modules-payment', 'payment_wirecard_eft_error_general', '处理银行账户出错。请核对账户信息后再试。'),
(2171, 2, 'modules-shipping', 'shipping_ems_title', 'EMS 国内邮政特快专递'),
(2172, 2, 'modules-shipping', 'shipping_ems_description', 'EMS 国内邮政特快专递'),
(2173, 2, 'modules-shipping', 'shipping_ems_method', 'EMS 国内邮政特快专递'),
(2174, 2, 'modules-shipping', 'emsexpress_base_fee', '500克以内费用'),
(2175, 2, 'modules-shipping', 'emsexpress_step_fee', '续重每500克或其零数的费用'),
(2176, 2, 'modules-shipping', 'emsexpress_free_shipping', '免费额度'),
(2177, 2, 'modules-shipping', 'shipping_flat_title', '固定运费'),
(2178, 2, 'modules-shipping', 'shipping_flat_description', '固定运费'),
(2179, 2, 'modules-shipping', 'shipping_flat_method', '最佳方式'),
(2180, 2, 'modules-shipping', 'shipping_free_title', '免运费'),
(2181, 2, 'modules-shipping', 'shipping_free_description', '免运费'),
(2182, 2, 'modules-shipping', 'shipping_free_for_amount', '订单总价大于 %s'),
(2183, 2, 'modules-shipping', 'shipping_item_title', '按件计价'),
(2184, 2, 'modules-shipping', 'shipping_item_description', '按件计价'),
(2185, 2, 'modules-shipping', 'shipping_item_method', '最佳方式'),
(2186, 2, 'modules-shipping', 'shipping_pep_title', '邮政快递包裹'),
(2187, 2, 'modules-shipping', 'shipping_pep_description', '邮政快递包裹'),
(2188, 2, 'modules-shipping', 'shipping_pep_method', '邮政快递包裹'),
(2189, 2, 'modules-shipping', 'pepexpress_base_fee', '1000克以内费用'),
(2190, 2, 'modules-shipping', 'pepexpress_step1_fee', '5000克以内续重每1000克费用'),
(2191, 2, 'modules-shipping', 'pepexpress_step2_fee', '5001克以上续重1000克费用'),
(2192, 2, 'modules-shipping', 'pepexpress_free_shipping', '免费额度'),
(2193, 2, 'modules-shipping', 'shipping_self_pickup_title', '上门取货'),
(2194, 2, 'modules-shipping', 'shipping_self_pickup_description', '上门取货'),
(2195, 2, 'modules-shipping', 'shipping_self_pickup_method', '最佳途径'),
(2196, 2, 'modules-shipping', 'shipping_self_pickup_title', '上门取货'),
(2197, 2, 'modules-shipping', 'shipping_self_pickup_description', '上门取货'),
(2198, 2, 'modules-shipping', 'shipping_self_pickup_method', '最佳途径'),
(2199, 2, 'modules-shipping', 'shipping_sf_title', '顺丰速运'),
(2200, 2, 'modules-shipping', 'shipping_sf_description', '顺丰速运'),
(2201, 2, 'modules-shipping', 'shipping_sf_method', '顺丰速运'),
(2202, 2, 'modules-shipping', 'sfexpress_base_fee', '1000克以内费用'),
(2203, 2, 'modules-shipping', 'sfexpress_step_fee', '续重每1000克或其零数的费用'),
(2204, 2, 'modules-shipping', 'sfexpress_free_shipping', '免费额度'),
(2205, 2, 'modules-shipping', 'shipping_yto_title', '圆通速递'),
(2206, 2, 'modules-shipping', 'shipping_yto_description', '圆通速递'),
(2207, 2, 'modules-shipping', 'shipping_yto_method', '圆通速递'),
(2208, 2, 'modules-shipping', 'ytoexpress_base_fee', '首重费用'),
(2209, 2, 'modules-shipping', 'ytoexpress_step_fee', '续重费用'),
(2210, 2, 'modules-shipping', 'ytoexpress_free_shipping', '免费额度'),
(2211, 2, 'modules-shipping', 'ytoexpress_cod', '货到付款支付费用'),
(2212, 2, 'express_search', 'orders_id', '订单号:'),
(2213, 2, 'express_search', 'tracking_no', '发货单:'),
(2214, 2, 'order_search', 'tracking_no', '发货单:'),
(2215, 2, 'order_search', 'orders_status', '订单状态:'),
(2216, 2, 'order_search', 'invalid_orders_id', '无效的订单号'),
(2217, 2, 'general', 'home', '首页'),
(2218, 2, 'general', 'specials', '特价专区'),
(2219, 2, 'general', 'special_products', '特价专区'),
(2220, 2, 'general', 'new_products', '新品上市'),
(2221, 2, 'general', 'feature_products', '推荐商品'),
(2222, 2, 'general', 'contact_us', '联系我们'),
(2223, 2, 'general', 'guest_book', '留言簿'),
(2224, 2, 'general', 'my_account', '会员中心'),
(2225, 2, 'general', 'my_wishlist', '我的收藏'),
(2226, 2, 'general', 'login', '登录'),
(2227, 2, 'general', 'logoff', '退出'),
(2228, 2, 'general', 'create_account', '免费注册'),
(2229, 2, 'general', 'cart_contents', '我的购物车'),
(2230, 2, 'general', 'save_cart_status_success', 'cookie 中的blockcart的状态已经改变'),
(2231, 2, 'general', 'no_cart_status_setted', '错误：没有设置状态。'),
(2232, 2, 'general', 'error_no_shipping_flat_url', '跟踪信息暂时不存在。请联系我们以获得更多信息。'),
(2233, 2, 'general', 'table_heading_carrier', '快递公司：'),
(2234, 2, 'general', 'table_heading_track_number', '订单号：'),
(2235, 2, 'general', 'table_heading_track', '跟踪：'),
(2236, 2, 'general', 'table_heading_error', '错误：'),
(2237, 2, 'general', 'button_track_your_order', '订单跟踪'),
(2238, 2, 'general', 'heading_title_order_track_infomation', '订单跟踪信息'),
(2239, 2, 'general', 'save_cart_status_error', '错误：错误的状态被设置。只有折叠或展开的状态是活动的。'),
(2240, 2, 'general', 'field_guestbook_title_error', '错误：请输入信息标题。'),
(2241, 2, 'general', 'field_guestbook_email_error', '错误：请输入争取的邮件地址。'),
(2242, 2, 'general', 'field_guestbook_content_error', '错误：请输入信息。'),
(2243, 2, 'general', 'field_guestbook_verify_code_error', '错误：请输入正确的验证码。'),
(2244, 2, 'general', 'success_guestbook_saved', '改留言成功保存。'),
(2245, 2, 'general', 'verification_info_note', '请输入验证码。'),
(2246, 2, 'general', 'checkout', '结算中心'),
(2247, 2, 'general', 'breadcrumb_top', '首页'),
(2248, 2, 'general', 'breadcrumb_shop', '在线商城'),
(2249, 2, 'general', 'bookmark', '收藏本站'),
(2250, 2, 'general', 'text_items', '个'),
(2251, 2, 'general', 'sign_in', '登录'),
(2252, 2, 'general', 'sign_out', '退出'),
(2253, 2, 'general', 'gender_male', '男'),
(2254, 2, 'general', 'gender_female', '女'),
(2255, 2, 'general', 'close', '关闭'),
(2256, 2, 'general', 'pull_down_default', '请选择'),
(2257, 2, 'general', 'admin_logout', '管理员退出'),
(2258, 2, 'general', 'field_username', '用户名：'),
(2259, 2, 'general', 'field_password', '密码：'),
(2260, 2, 'general', 'button_login', '登录');
INSERT INTO `toc_languages_definitions` (`id`, `languages_id`, `content_group`, `definition_key`, `definition_value`) VALUES
(2261, 2, 'general', 'introduction_maintenance_mode_text', '站点正在维护中，我们对您的来访造成的不便深表歉意，请稍后再试！'),
(2262, 2, 'general', 'error_admin_login_no_match', '用户名和密码不一致，请重试。'),
(2263, 2, 'general', 'js_error', '表单填写出错。\\n\\n请做以下修正：\\n\\n'),
(2264, 2, 'general', 'js_error_already_submitted', '表单已提交，请按确认键并等候完成。'),
(2265, 2, 'general', 'error_download_max_num_of_days', '您不可进行下载，此产品已过可下载日期。'),
(2266, 2, 'general', 'error_download_max_num_of_times', '您不可进行下载，此产品已达到最大下载次数。'),
(2267, 2, 'general', 'error_download_file_not_exist', '请求的文件不存在。'),
(2268, 2, 'general', 'products', '商品'),
(2269, 2, 'general', 'shipping', '运输'),
(2270, 2, 'general', 'total', '总计'),
(2271, 2, 'general', 'product', '商品'),
(2272, 2, 'general', 'No products', '没有商品'),
(2273, 2, 'general', 'form_required_information', '* 必填信息'),
(2274, 2, 'general', 'result_set_current_page', '第 %s / %d 页'),
(2275, 2, 'general', 'result_set_number_of_products', '显示 <b>%d</b> 至 <b>%d</b> (共 <b>%d</b> 商品)'),
(2276, 2, 'general', 'result_set_number_of_orders', '显示 <b>%d</b> 至 <b>%d</b> (共 <b>%d</b> 订单)'),
(2277, 2, 'general', 'result_set_number_of_orders_returns', '显示<b>%d</b> 至 <b>%d</b> (共 <b>%d</b> 退货单)'),
(2278, 2, 'general', 'result_set_number_of_reviews', '显示 <b>%d</b> 至 <b>%d</b> (共 <b>%d</b> 评论)'),
(2279, 2, 'general', 'result_set_number_of_articles', '显示<b>%d</b> 至 <b>%d</b> (共 <b>%d</b> 文章)'),
(2280, 2, 'general', 'result_set_previous_page', '[&lt;&lt;&nbsp;上页]'),
(2281, 2, 'general', 'result_set_next_page', '[下页&nbsp;&gt;&gt;]'),
(2282, 2, 'general', 'button_add_address', '添加地址'),
(2283, 2, 'general', 'button_back', '返回'),
(2284, 2, 'general', 'button_buy_now', '立即购买'),
(2285, 2, 'general', 'button_write_message', '书写信息'),
(2286, 2, 'general', 'button_read_more', '更多'),
(2287, 2, 'general', 'button_add', '添加'),
(2288, 2, 'general', 'button_clear', '清除'),
(2289, 2, 'general', 'button_compare_now', '立即比较'),
(2290, 2, 'general', 'add_to_wishlist', '收藏此商品'),
(2291, 2, 'general', 'add_to_compare', '加入比较'),
(2292, 2, 'general', 'print', '打印'),
(2293, 2, 'general', 'button_change_address', '更换地址'),
(2294, 2, 'general', 'button_checkout', '结账'),
(2295, 2, 'general', 'button_confirm_order', '确认订单'),
(2296, 2, 'general', 'button_continue', '继续'),
(2297, 2, 'general', 'submit_reviews', '提交评论'),
(2298, 2, 'general', 'button_delete', '删除'),
(2299, 2, 'general', 'button_edit', '编辑'),
(2300, 2, 'general', 'button_view', '查看'),
(2301, 2, 'general', 'button_print', '打印'),
(2302, 2, 'general', 'button_sign_in', '登录'),
(2303, 2, 'general', 'button_add_to_cart', '加入购物车'),
(2304, 2, 'general', 'button_reviews', '评论'),
(2305, 2, 'general', 'button_search', '搜索'),
(2306, 2, 'general', 'button_update_cart', '更新购物车'),
(2307, 2, 'general', 'button_continue_shopping', '继续购物'),
(2308, 2, 'general', 'button_write_review', '发表评论'),
(2309, 2, 'general', 'button_result', '结果'),
(2310, 2, 'general', 'button_vote', '投票'),
(2311, 2, 'general', 'icon_in_cart', '加入购物车'),
(2312, 2, 'general', 'tax_rate_unknown', '未知税率'),
(2313, 2, 'general', 'footer', '版权所有 &copy; %s <a href="%s">%s</a><br />技术支持 <a href="http://www.tomatocart.cn" title="TomatoCart网店系统" target="_blank">TomatoCart网店系统</a>'),
(2314, 2, 'index', 'rss_heading', '订阅RSS'),
(2315, 2, 'index', 'rss_categories', '分类'),
(2316, 2, 'index', 'index_heading', '欢迎来到%s!'),
(2317, 2, 'index', 'index_text', '这是TomatoCart网店系统默认安装界面，所有在该网店中的商品仅作展示使用，<b>本店不会发送任何在本店购买的商品，也不会向客户收取任何费用</b>。网店展示的所有商品的信息是虚构的。'),
(2318, 2, 'general', 'listing_image_heading', '图片'),
(2319, 2, 'general', 'listing_sku_heading', '商品编号'),
(2320, 2, 'general', 'listing_products_heading', '商品名称'),
(2321, 2, 'general', 'listing_manufacturer_heading', '商品品牌'),
(2322, 2, 'general', 'listing_quantity_heading', '数量'),
(2323, 2, 'general', 'listing_price_heading', '价格'),
(2324, 2, 'general', 'listing_weight_heading', '重量'),
(2325, 2, 'general', 'listing_buy_now_heading', '立即购买'),
(2326, 2, 'general', 'products_attributes_filter', '商品筛选'),
(2327, 2, 'general', 'section_heading_products_attachments', '附件文档'),
(2328, 2, 'general', 'section_heading_products_accessories', '产品附件'),
(2329, 2, 'general', 'no_products_in_category', '此类别下没有商品。'),
(2330, 2, 'general', 'filter_show', '显示:'),
(2331, 2, 'general', 'products_views_label', '显示方式:'),
(2332, 2, 'general', 'filter_all_categories', '所有类别'),
(2333, 2, 'general', 'close_panel', '关闭面板'),
(2334, 2, 'general', 'hello_guest', '您好，游客！'),
(2335, 2, 'general', 'register', '注册'),
(2336, 2, 'general', 'welcome', '欢迎'),
(2337, 2, 'general', 'filter_all_manufacturers', '所有制造商'),
(2338, 2, 'index', 'greeting_guest', '欢迎光临! 请<a href="%s">登录</a>并浏览自您上次访问本店的<a href="%s">最新产品</a>。'),
(2339, 2, 'index', 'greeting_customer', '欢迎回来 %s! 请浏览自您上次登录以来的<a href="%s">最新商品</a>。'),
(2340, 2, 'general', 'listing_sort_ascendingly', '按%s升序排列'),
(2341, 2, 'general', 'listing_sort_descendingly', '按%s降序排列'),
(2342, 2, 'general', 'wishlist_title', '我的收藏'),
(2343, 2, 'account', 'share_your_wishlist_title', '分享您的收藏'),
(2344, 2, 'account', 'field_share_wishlist_customer_name', '您的名字：'),
(2345, 2, 'account', 'field_share_wishlist_customer_email', '您的电子邮箱：'),
(2346, 2, 'account', 'field_share_wishlist_emails', '电子邮箱：（用逗号隔开）'),
(2347, 2, 'account', 'field_share_wishlist_message', '留言：'),
(2348, 2, 'account', 'field_share_wishlist_customer_name_error', '请填写您的名字。'),
(2349, 2, 'account', 'field_share_wishlist_customer_email_error', '请填写您的电子邮箱。'),
(2350, 2, 'account', 'field_share_wishlist_emails_error', '请填写您朋友的电子邮箱。'),
(2351, 2, 'account', 'field_share_wishlist_message_error', '请填写留言。'),
(2352, 2, 'account', 'share_wishlist_message_success', '分享成功。'),
(2353, 2, 'account', 'listing_comments_heading', '附言'),
(2354, 2, 'account', 'listing_date_added_heading', '添加日期'),
(2355, 2, 'account', 'success_wishlist_entry_deleted', '此商品已经成功的从您的收藏中删除。'),
(2356, 2, 'account', 'success_wishlist_entry_updated', '您的收藏已成功更新。'),
(2357, 2, 'account', 'success_share_wishlist_email_sent', '您的收藏已经成功发送给您的朋友。'),
(2358, 2, 'account', 'wishlist_empty', '您的收藏中还没有任何商品。'),
(2359, 2, 'account', 'breadcrumb_sign_in', '登录'),
(2360, 2, 'account', 'breadcrumb_sign_out', '退出'),
(2361, 2, 'account', 'breadcrumb_my_account', '会员中心'),
(2362, 2, 'account', 'breadcrumb_edit_account', '编辑个人信息'),
(2363, 2, 'account', 'breadcrumb_edit_password', '修改密码'),
(2364, 2, 'account', 'breadcrumb_my_orders', '交易记录'),
(2365, 2, 'account', 'breadcrumb_order_information', '订单#%s'),
(2366, 2, 'account', 'breadcrumb_newsletters', '邮件订阅'),
(2367, 2, 'account', 'breadcrumb_notifications', '网店通知'),
(2368, 2, 'account', 'breadcrumb_address_book', '地址簿'),
(2369, 2, 'account', 'breadcrumb_wishlist', '我的收藏'),
(2370, 2, 'account', 'breadcrumb_address_book_add_entry', '添加地址'),
(2371, 2, 'account', 'breadcrumb_address_book_edit_entry', '编辑地址'),
(2372, 2, 'account', 'breadcrumb_address_book_delete_entry', '删除地址'),
(2373, 2, 'account', 'breadcrumb_create_account', '免费注册'),
(2374, 2, 'account', 'breadcrumb_password_forgotten', '忘记密码'),
(2375, 2, 'account', 'sign_in_heading', '您好， 请登录'),
(2376, 2, 'account', 'sign_out_heading', '退出'),
(2377, 2, 'account', 'wishlist_heading', '我的收藏'),
(2378, 2, 'account', 'account_heading', '会员中心'),
(2379, 2, 'account', 'account_edit_heading', '个人信息'),
(2380, 2, 'account', 'account_password_heading', '修改密码'),
(2381, 2, 'account', 'orders_heading', '我的订单'),
(2382, 2, 'account', 'order_information_heading', '订单#%s'),
(2383, 2, 'account', 'return_slip_heading_title', '退货单'),
(2384, 2, 'account', 'operation_heading_return_id', '退货单号：'),
(2385, 2, 'account', 'operation_heading_return_date', '退货日期：'),
(2386, 2, 'account', 'operation_heading_order_id', '订单编号：'),
(2387, 2, 'account', 'operation_heading_order_date', '订单日期：'),
(2388, 2, 'account', 'operation_heading_comments', '附言：'),
(2389, 2, 'account', 'heading_products_name', '商品名称'),
(2390, 2, 'account', 'heading_products_quantity', '数量'),
(2391, 2, 'account', 'operation_heading_reminder', '提示：'),
(2392, 2, 'account', 'return_slip_reminder', '- 退货产品必须是原包装或者是无损坏。 <br /> - 请打印出退货单，并放入退货包裹中一起寄回。 <br /> - 请遵照上述两条，否则我们将有权拒绝退货。'),
(2393, 2, 'account', 'credit_slip_heading_title', '退款单据'),
(2394, 2, 'account', 'pdf_order_heading_title', '订单'),
(2395, 2, 'account', 'pdf_invoice_heading_title', '发票'),
(2396, 2, 'account', 'operation_heading_invoice_number', '发票编号：'),
(2397, 2, 'account', 'operation_heading_invoice_date', '发票日期：'),
(2398, 2, 'account', 'operation_heading_credit_slip_id', '退款单据编号：'),
(2399, 2, 'account', 'operation_heading_credit_slip_date', '创建日期：'),
(2400, 2, 'account', 'heading_products_price', '商品价格'),
(2401, 2, 'account', 'heading_products_total', '订单总价'),
(2402, 2, 'account', 'refund_sub_total', '商品总价：'),
(2403, 2, 'account', 'refund_shipping', '运输：'),
(2404, 2, 'account', 'refund_handling', '处理费用：'),
(2405, 2, 'account', 'refund_total', '退货总价'),
(2406, 2, 'account', 'credit_slips_heading', '退款单据'),
(2407, 2, 'account', 'credit_slip_number', '退款单据编号：'),
(2408, 2, 'account', 'date_added', '添加日期：'),
(2409, 2, 'account', 'orders_returns_heading', '退货申请'),
(2410, 2, 'account', 'orders_returns_information_heading', '退货订单 #%s'),
(2411, 2, 'account', 'field_return_comments', '退货缘由：'),
(2412, 2, 'account', 'error_quantity_for_return_product', '请选择 %s 商品的退货数量。'),
(2413, 2, 'account', 'error_return_comments_empty', '请说明退货缘由。'),
(2414, 2, 'account', 'error_return_items_empty', '请至少选择一种要退货的商品。'),
(2415, 2, 'account', 'no_products_available_for_return', '没有可退的商品。'),
(2416, 2, 'account', 'order_return_number', '退货订单编号：'),
(2417, 2, 'account', 'order_return_date_added', '添加日期：'),
(2418, 2, 'account', 'order_return_products', '商品：'),
(2419, 2, 'account', 'order_return_comments', '退货缘由：'),
(2420, 2, 'account', 'newsletters_heading', '邮件订阅'),
(2421, 2, 'account', 'notifications_heading', '网店通知'),
(2422, 2, 'account', 'address_book_heading', '地址簿'),
(2423, 2, 'account', 'address_book_add_entry_heading', '添加地址'),
(2424, 2, 'account', 'address_book_edit_entry_heading', '编辑地址'),
(2425, 2, 'account', 'address_book_delete_entry_heading', '删除地址'),
(2426, 2, 'account', 'create_account_heading', '免费注册'),
(2427, 2, 'account', 'create_account_success_heading', '您的账户已经建立成功！'),
(2428, 2, 'account', 'login_new_customer_heading', '新用户'),
(2429, 2, 'account', 'login_new_customer_text', '我是新用户还没有注册的账户。<br /><br />通过免费注册成本店会员，您可以在本店享受快速网购给您带来的无尽乐趣。'),
(2430, 2, 'account', 'login_returning_customer_heading', '会员'),
(2431, 2, 'account', 'login_returning_customer_text', '我是本站会员，已经有账户。'),
(2432, 2, 'account', 'login_returning_customer_password_forgotten', '<a href="%s">忘记密码？</a>'),
(2433, 2, 'account', 'error_login_no_match', '电子邮箱址和密码不一致，请核对后重试。'),
(2434, 2, 'account', 'error_login_status_disabled', '您的账户需要激活，请联系管理员。'),
(2435, 2, 'account', 'guest', '不是会员'),
(2436, 2, 'account', 'lost_password', '丢失密码'),
(2437, 2, 'account', 'register_success', '恭喜您已成功注册为本店会员！'),
(2438, 2, 'checkout', 'date_added_to_shopping_cart', '添加日期： %s'),
(2439, 2, 'account', 'sign_out_text', '您已经成功的退出账户。在购物车中的商品已被保存，在您下次登录的时候将自动恢复。<br /><br />现在您可安全的离开此页面。'),
(2440, 2, 'account', 'my_account_title', '个人设置'),
(2441, 2, 'info', 'guestbook_heading', '留言簿'),
(2442, 2, 'info', 'breadcrumb_guestbook', '留言簿'),
(2443, 2, 'info', 'guestbook_new_heading', '新留言'),
(2444, 2, 'info', 'field_title', '标题：'),
(2445, 2, 'info', 'field_email', '邮件：'),
(2446, 2, 'info', 'field_url', '链接：'),
(2447, 2, 'info', 'field_content', '内容：'),
(2448, 2, 'info', 'field_image_verification', '图片验证码：'),
(2449, 2, 'info', 'information_title', '信息'),
(2450, 2, 'info', 'info_article_categories_heading', '文章'),
(2451, 2, 'info', 'info_faqs_heading', '常见问题'),
(2452, 2, 'info', 'info_not_found_heading', '非常抱歉，没有找到相关信息'),
(2453, 2, 'info', 'info_not_found', '非常抱歉，没有找到相关信息!'),
(2454, 2, 'info', 'no_article_in_this_category', '非常抱歉，此类别中没有文章！'),
(2455, 2, 'account', 'my_account_information', '会员中心'),
(2456, 2, 'account', 'my_account_address_book', '地址簿'),
(2457, 2, 'account', 'my_account_password', '修改密码'),
(2458, 2, 'account', 'my_wishlist_title', '我的收藏'),
(2459, 2, 'account', 'my_wishlist_view', '我的收藏'),
(2460, 2, 'account', 'my_orders_title', '交易记录'),
(2461, 2, 'account', 'my_orders_return_view', '退货申请'),
(2462, 2, 'account', 'no_orders_returns_made_yet', '您好，您还没有任何退货申请！'),
(2463, 2, 'account', 'credit_slips', '打印退款单据'),
(2464, 2, 'account', 'orders_id', '订单编号：'),
(2465, 2, 'account', 'no_credit_slips', '非常抱歉，您还没有退款单据！'),
(2466, 2, 'account', 'result_set_number_of_credit_slips', '显示<b>%d</b> 到 <b>%d</b> (是 <b>%d</b>退款单据)'),
(2467, 2, 'account', 'my_credit_slips_view', '退款单据'),
(2468, 2, 'account', 'my_orders_view', '我的订单'),
(2469, 2, 'account', 'my_notifications_title', '网店通知'),
(2470, 2, 'account', 'my_notifications_newsletters', '邮件订阅'),
(2471, 2, 'account', 'my_notifications_products', '产品更新通知'),
(2472, 2, 'account', 'my_password_title', '修改密码'),
(2473, 2, 'account', 'order_number', '订单号:'),
(2474, 2, 'account', 'order_status', '订单状态:'),
(2475, 2, 'account', 'return_status', '状态：'),
(2476, 2, 'account', 'order_date', '订单日期:'),
(2477, 2, 'account', 'order_shipped_to', '发货至：'),
(2478, 2, 'account', 'order_billed_to', '汇款至:'),
(2479, 2, 'account', 'order_products', '产品:'),
(2480, 2, 'account', 'order_cost', '订单总价：'),
(2481, 2, 'account', 'no_orders_made_yet', '您还没有订单。'),
(2482, 2, 'account', 'order_number_heading', '订单 #%s'),
(2483, 2, 'account', 'order_date_heading', '订单日期:'),
(2484, 2, 'account', 'order_total_heading', '订单总价：'),
(2485, 2, 'account', 'download_file', '下载文件'),
(2486, 2, 'account', 'gift_wrapping_message_heading', '祝福语：'),
(2487, 2, 'account', 'order_history_heading', '订单历史'),
(2488, 2, 'account', 'download_heading', '下载链接'),
(2489, 2, 'account', 'download_link_expires', '链接过期: %s'),
(2490, 2, 'account', 'download_counter_remaining', '剩余下载次数'),
(2491, 2, 'account', 'newsletter_subscriptions_heading', '邮件订阅'),
(2492, 2, 'account', 'newsletter_general', '邮件订阅概述'),
(2493, 2, 'account', 'newsletter_general_description', '包括网店最新资讯，新品上市，特价信息以及其它促销信息的一系列邮件。'),
(2494, 2, 'account', 'newsletter_product_notifications', '网店通知'),
(2495, 2, 'account', 'newsletter_product_notifications_description', '网店通知可让您随时掌握您所感兴趣最新商品的信息。<br /><br />如想了解所有商品更新，请选择<b>所有商品</b>。'),
(2496, 2, 'account', 'newsletter_product_notifications_global', '所有商品'),
(2497, 2, 'account', 'newsletter_product_notifications_global_description', '我想了解所有商品更新通知。'),
(2498, 2, 'account', 'newsletter_product_notifications_products', '商品更新通知'),
(2499, 2, 'account', 'newsletter_product_notifications_products_description', '去除该商品的复选框，然后按”继续“即可去除商品更新通知。'),
(2500, 2, 'account', 'newsletter_product_notifications_products_none', '目前没有任何产品被标示产品通知。<br /><br />要添加产品通知，点击产品信息页面上的产品通知链接即可。'),
(2501, 2, 'account', 'primary_address_title', '首要地址'),
(2502, 2, 'account', 'primary_address_description', '首要地址被用作订单默认的运输地址和帐单地址。<br /><br />这个地址也被用作商品税率的计算的依据。'),
(2503, 2, 'account', 'address_book_title', '地址簿'),
(2504, 2, 'account', 'primary_address_marker', '(主要地址)'),
(2505, 2, 'account', 'address_book_maximum_entries', '<font color="#ff0000"><b>NOTE:</b></font> 地址簿最多允许 %s 条。'),
(2506, 2, 'account', 'address_book_delete_address_title', '删除地址'),
(2507, 2, 'account', 'address_book_delete_address_description', '您是否确定要删除选中的地址？'),
(2508, 2, 'account', 'address_book_new_address_title', '添加地址'),
(2509, 2, 'account', 'selected_address_title', '选定的地址'),
(2510, 2, 'account', 'set_as_primary', '设为首要地址'),
(2511, 2, 'account', 'create_account_terms_heading', '隐私声明'),
(2512, 2, 'account', 'create_account_terms_description', '请您确认同意本站的隐私声明并在下面的复选框内打勾。您可以在此阅读本站的<a href="%s">隐私声明</a>。'),
(2513, 2, 'account', 'create_account_terms_confirm', '我已经阅读并同意该站隐私声明。'),
(2514, 2, 'account', 'password_forgotten_heading', '忘记密码'),
(2515, 2, 'account', 'password_forgotten', '忘记了密码？在下面的表单中输入您的电子邮箱，我们会向您发送一份包含您的新密码的电子邮件。'),
(2516, 2, 'account', 'email_create_account_subject', '你好，欢迎来到%s'),
(2517, 2, 'account', 'email_create_account_body', '你好，欢迎您来到%s!\n\n您现在可以参与我们为您提供的各种服务。其中包括：\n\n<li>永久购物车 - 您在购物车内的产品它们会一直会被保存在购物车内，直到您删除或者做最终结算。</li>\n<li>地址簿   - 支持多地址寄送。可以随时为身处异地的朋友一个意外的惊喜。</li>\n<li>订单历史 - 查看在本店的购买历史。</li>\n<li>产品评论 - 与其他会员一起探讨关于商品的各种信息。</li>\n\n如需任何在线服务帮助，请您发送电子邮件至卖家：%s。'),
(2518, 2, 'general', 'email_addressing_gender_male', '尊敬的%s先生,'),
(2519, 2, 'general', 'email_addressing_gender_female', '尊敬的%s女士,'),
(2520, 2, 'general', 'email_addressing_gender_unknown', '尊敬的%s,'),
(2521, 2, 'account', 'email_password_reminder_subject', '密码提醒至 %s'),
(2522, 2, 'account', 'email_password_reminder_body', '来自 %s 的密码重置请求。%s 的新密码是：%s。\n\n如需任何在线服务帮助，请以邮件与卖家联系。卖家电子邮箱：%s。\n\n说明: 假如您不需要通过我们的密码忘记页面进行操作，请尽快联系卖家。'),
(2523, 2, 'account', 'success_account_created', '恭喜您！您已经在本店成功注册为会员！现在您可以与我们一起来体验网上购物。关于网店操作的任何问题，请发邮件给 <a href="%s">卖家</a>。<br /><br />确认信将发送到您所提供的邮箱。假如在一定时间内您没有收到确认信，请联系我们。'),
(2524, 2, 'account', 'success_account_updated', '您的账户已更新成功！'),
(2525, 2, 'account', 'success_password_updated', '您的账户密码已修改成功！'),
(2526, 2, 'account', 'success_newsletter_updated', '您的邮件订阅已更新成功！'),
(2527, 2, 'account', 'success_notifications_updated', '您的产品更新通知已更新成功！'),
(2528, 2, 'account', 'success_address_book_entry_deleted', '此地址已成功地从您的地址簿中删除。'),
(2529, 2, 'account', 'success_address_book_entry_updated', '您的地址簿已经更新成功。'),
(2530, 2, 'account', 'success_password_forgotten_sent', '成功： 新密码已发送至您的邮箱。'),
(2531, 2, 'account', 'warning_primary_address_deletion', '首要地址不能被删除。如果您真要删除此地址，先重新选择其他的一个地址为首要地址，然后返回删除。'),
(2532, 2, 'account', 'error_current_password_not_matching', '您的密码和记录不匹配，请重试。'),
(2533, 2, 'account', 'error_address_book_entry_non_existing', '地址不存在。'),
(2534, 2, 'account', 'error_address_book_full', '您的地址簿已满，请删除不需要的地址以便存储新的地址。'),
(2535, 2, 'account', 'error_password_forgotten_no_email_address_found', '错误：没有找到该电子邮件，请重试。'),
(2536, 2, 'account', 'email_address', '电子邮箱：'),
(2537, 2, 'general', 'warning_install_directory_exists', '网店程序安装目录在: %s，为安全起见请删除该目录。'),
(2538, 2, 'general', 'warning_config_file_writeable', '配置文件%s可写，这是一个潜在的安全漏洞 — 请为该文件设置正确的用户权限。'),
(2539, 2, 'general', 'warning_session_directory_non_existent', '会话文件夹%s不存在，如果该目录不创建会话将无法工作。'),
(2540, 2, 'general', 'warning_session_directory_not_writeable', '会话目录 %s不可写。请设置正确的用户权限，否则会话将无法工作。'),
(2541, 2, 'general', 'warning_session_auto_start', 'session.auto_start被激活 - 请在php.ini文件中禁止该php设置并重启服务器。'),
(2542, 2, 'general', 'warning_download_directory_non_existent', '可下载的产品下载目录没有存放在: %s。如果该目录不创建，可下载产品将无法工作。'),
(2543, 2, 'checkout', 'breadcrumb_checkout', '结算中心'),
(2544, 2, 'checkout', 'alternative_checkout_methods', '- 或 -'),
(2545, 2, 'checkout', 'shipping', '运输'),
(2546, 2, 'checkout', 'choose_billing_address', '请选择账单地址。'),
(2547, 2, 'checkout', 'create_new_billing_address', '添加帐单地址'),
(2548, 2, 'checkout', 'ship_to_this_address', '发货到这个地址'),
(2549, 2, 'checkout', 'choose_shipping_address', '请选择运输地址。'),
(2550, 2, 'checkout', 'create_new_shipping_address', '添加运输地址'),
(2551, 2, 'checkout', 'breadcrumb_checkout_shopping_cart', '购物车'),
(2552, 2, 'checkout', 'breadcrumb_checkout_shipping', '运输方式'),
(2553, 2, 'checkout', 'breadcrumb_checkout_shipping_address', '运输地址'),
(2554, 2, 'checkout', 'breadcrumb_checkout_payment', '付款方式'),
(2555, 2, 'checkout', 'breadcrumb_checkout_payment_address', '付款地址'),
(2556, 2, 'checkout', 'error_shopping_cart_order_total_zero', '订单总价为零，您不需要支付。'),
(2557, 2, 'checkout', 'breadcrumb_checkout_confirmation', '确认结算'),
(2558, 2, 'checkout', 'breadcrumb_checkout_success', '结算成功！'),
(2559, 2, 'general', 'error_minimum_order_quantity', '%s最小订单数量是%s.'),
(2560, 2, 'general', 'error_maximum_order_quantity', '%s最大的订单数量是%s。'),
(2561, 2, 'general', 'error_gift_certificate_quantity_must_be_one', '错误：礼券数量只能为一。'),
(2562, 2, 'general', 'error_order_increment', '%s订单增量是%s.'),
(2563, 2, 'checkout', 'senders_name', '发件人名称'),
(2564, 2, 'checkout', 'senders_email', '发件人电子邮箱'),
(2565, 2, 'checkout', 'recipients_name', '收件人名称'),
(2566, 2, 'checkout', 'recipients_email', '收件人电子邮箱'),
(2567, 2, 'checkout', 'shopping_cart_heading', '购物车'),
(2568, 2, 'checkout', 'shipping_method_heading', '运输方式'),
(2569, 2, 'checkout', 'checkout_method', '顾客，您好'),
(2570, 2, 'checkout', 'checkout_billing_information', '账单信息'),
(2571, 2, 'checkout', 'checkout_shipping_information', '运输信息'),
(2572, 2, 'checkout', 'checkout_shipping_method', '运输方式'),
(2573, 2, 'checkout', 'checkout_payment_information', '支付信息'),
(2574, 2, 'checkout', 'checkout_order_review', '核对订单'),
(2575, 2, 'checkout', 'shipping_address_heading', '运输地址'),
(2576, 2, 'checkout', 'payment_method_heading', '付款方式'),
(2577, 2, 'checkout', 'payment_address_heading', '付款地址'),
(2578, 2, 'checkout', 'confirmation_heading', '确认'),
(2579, 2, 'checkout', 'coupons_redeem_heading', '兑换优惠券'),
(2580, 2, 'checkout', 'coupons_redeem_information_title', '请输入优惠券代码。'),
(2581, 2, 'checkout', 'fields_coupons_redeem_code', '优惠券代码：'),
(2582, 2, 'checkout', 'gift_certificates_redeem_heading', '兑换礼券'),
(2583, 2, 'checkout', 'gift_certificates_redeem_information_title', '请输入礼券的代码。'),
(2584, 2, 'checkout', 'fields_gift_certificates_redeem_code', '礼券代码：'),
(2585, 2, 'checkout', 'success_heading', '您的订单已成功受理！'),
(2586, 2, 'checkout', 'shipping_address_title', '运输地址'),
(2587, 2, 'checkout', 'choose_shipping_destination', '请从地址簿中选择商品将要寄往的地址。'),
(2588, 2, 'checkout', 'selected_shipping_destination', '运输地址已选定。'),
(2589, 2, 'checkout', 'current_shipping_address_title', '运输地址：'),
(2590, 2, 'checkout', 'please_select', '请选择'),
(2591, 2, 'checkout', 'shipping_method_title', '运输方式'),
(2592, 2, 'checkout', 'choose_shipping_method', '请为此订单选择运输方式。'),
(2593, 2, 'checkout', 'only_one_shipping_method_available', '这是此订单唯一支持的运输方式。'),
(2594, 2, 'checkout', 'add_comment_to_order_title', '给卖家留言'),
(2595, 2, 'checkout', 'address_book_entries_title', '地址簿'),
(2596, 2, 'checkout', 'select_another_shipping_destination', '您也可以在地址簿中选择其他的邮寄地址。'),
(2597, 2, 'checkout', 'select_another_billing_destination', '您也可以在地址簿中选择其他的邮寄地址。'),
(2598, 2, 'checkout', 'new_shipping_address_title', '添加新的送货地址'),
(2599, 2, 'checkout', 'new_shipping_address', '填写以下表单添加送货地址。'),
(2600, 2, 'checkout', 'new_billing_address_title', '添加新的账单地址'),
(2601, 2, 'checkout', 'create_new_billing_address_title', '添加账单地址'),
(2602, 2, 'checkout', 'create_new_shipping_address_title', '创建新的运输地址'),
(2603, 2, 'checkout', 'use_billing_address_title', '使用账单地址'),
(2604, 2, 'checkout', 'estimate_shipping', '运费估算'),
(2605, 2, 'checkout', 'introduce_estimate_shipping', '输入您的地址获得运费估算'),
(2606, 2, 'checkout', 'get_a_quote', '获得报价'),
(2607, 2, 'checkout', 'update_total', '更新订单总价'),
(2608, 2, 'checkout', 'ship_to_this_address', '发货到这个地址'),
(2609, 2, 'checkout', 'new_billing_address', '填写以下表单添加账单地址。'),
(2610, 2, 'checkout', 'billing_address_title', '账单地址'),
(2611, 2, 'checkout', 'selected_billing_destination', '订单的发票将被寄到当前所选定的账单地址。'),
(2612, 2, 'checkout', 'choose_billing_destination', '请从地址簿里选择发票将要寄往的地址。'),
(2613, 2, 'checkout', 'current_billing_address_title', '账单地址：'),
(2614, 2, 'checkout', 'continue_checkout_procedure_title', '继续结算'),
(2615, 2, 'checkout', 'continue_checkout_procedure_to_shipping', '选择运输方式'),
(2616, 2, 'checkout', 'continue_checkout_procedure_to_payment', '选择付款方式'),
(2617, 2, 'checkout', 'continue_checkout_procedure_to_confirmation', '确认订单'),
(2618, 2, 'checkout', 'shopping_cart_empty', '您好，您的购物车中还没有任何商品！'),
(2619, 2, 'checkout', 'subtotal_title', '商品总价：'),
(2620, 2, 'checkout', 'total_title', '订单总价：'),
(2621, 2, 'checkout', 'products_out_of_stock_checkout_not_possible', '标识为 %s 的商品库存不足。<br />请更改此商品的订购数量。'),
(2622, 2, 'checkout', 'products_out_of_stock_checkout_possible', '带标识 %s 的商品库存不足。<br />但您仍可以即刻购买到我们库存内的商品。'),
(2623, 2, 'checkout', 'order_conditions_title', '订单条款'),
(2624, 2, 'checkout', 'order_conditions_description', '请确认本站条款条例并在下面的复选框内打勾。您可以在此阅读本站的<a href="%s"><u>条款</u></a>。'),
(2625, 2, 'checkout', 'order_conditions_acknowledge', '我已经阅读并同意此订单的条款条例。'),
(2626, 2, 'checkout', 'payment_method_title', '付款方式'),
(2627, 2, 'checkout', 'choose_payment_method', '请选择付款方式。'),
(2628, 2, 'checkout', 'only_one_payment_method_available', '这是此订单唯一支持的付款方式。'),
(2629, 2, 'checkout', 'pay_with_store_credit_title', '使用虚拟货币支付（%s）'),
(2630, 2, 'checkout', 'error_coupon_not_exist', '此优惠券代码不存在。'),
(2631, 2, 'checkout', 'error_coupon_not_valid', '请输入有效的优惠券代码。'),
(2632, 2, 'checkout', 'error_coupon_invalid_date', '此优惠券已过期。'),
(2633, 2, 'checkout', 'error_coupon_exceed_uses_per_coupon', '不能兑换，此优惠券已经达到最大使用次数。'),
(2634, 2, 'checkout', 'error_coupon_exceed_uses_per_customer', '此优惠券已经到达最大的使用会员数。'),
(2635, 2, 'checkout', 'error_coupon_no_match_products', '此优惠卷有使用限制，不能用于购物车中的任何一个商品。'),
(2636, 2, 'checkout', 'error_coupon_minimum_order_quantity', '购物车的商品总价低于可以使用此优惠卷的最小订单总额。'),
(2637, 2, 'checkout', 'error_shopping_cart_total_zero', '购物车的商品总价为零，您不需要使用礼券。'),
(2638, 2, 'checkout', 'error_gift_certificate_exist', '此礼券代码不存在。'),
(2639, 2, 'checkout', 'error_invalid_gift_certificate', '请输入有效的礼券代码。'),
(2640, 2, 'checkout', 'button_coupon_redeem', '兑换优惠券'),
(2641, 2, 'checkout', 'button_gift_certificate_redeem', '兑换礼券'),
(2642, 2, 'order', 'order_delivery_address_title', '运输地址'),
(2643, 2, 'order', 'order_shipping_method_title', '运输方式'),
(2644, 2, 'order', 'order_shipping_tracking_no_title', '物流编号'),
(2645, 2, 'order', 'order_products_title', '商品'),
(2646, 2, 'order', 'order_tax_title', '税金'),
(2647, 2, 'order', 'order_total_title', '总价'),
(2648, 2, 'order', 'order_billing_address_title', '账单地址'),
(2649, 2, 'order', 'order_payment_method_title', '支付方式'),
(2650, 2, 'order', 'order_payment_information_title', '支付信息'),
(2651, 2, 'order', 'order_comments_title', '订单附言'),
(2652, 2, 'order', 'order_text_edit_title', '(编辑)'),
(2653, 2, 'checkout', 'store_credit_title', '虚拟货币'),
(2654, 2, 'checkout', 'store_credit_order_number', '订单： #%s'),
(2655, 2, 'checkout', 'email_order_subject', '订单流程'),
(2656, 2, 'checkout', 'email_order_order_number', '订单编号： %s'),
(2657, 2, 'checkout', 'email_order_invoice_url', '发票： %s'),
(2658, 2, 'checkout', 'email_order_date_ordered', '订单日期： %s'),
(2659, 2, 'checkout', 'email_order_status', '订单状态： %s'),
(2660, 2, 'checkout', 'email_order_products', '商品'),
(2661, 2, 'checkout', 'email_order_delivery_address', '运输地址'),
(2662, 2, 'checkout', 'email_order_billing_address', '账单地址'),
(2663, 2, 'checkout', 'email_order_payment_method', '付款方式'),
(2664, 2, 'checkout', 'email_order_separator', '------------------------------------------------------'),
(2665, 2, 'checkout', 'order_processed_successfully', '恭喜您，商品购买成功！商品将在2-5个工作日内送到。请您耐心等候。'),
(2666, 2, 'checkout', 'add_selection_to_product_notifications', '请通知我以下选中产品的更新信息：'),
(2667, 2, 'checkout', 'view_order_history', '您可以在<a href="%s">会员中心</a>的<a href="%s">我的订单</a>浏览您的订单历史。'),
(2668, 2, 'checkout', 'contact_store_owner', '您可以直接把问题发送给<a href="%s">卖家</a>.'),
(2669, 2, 'checkout', 'thanks_for_shopping_with_us', '感谢您的惠顾！'),
(2670, 2, 'general', 'download_footer', '稍候您也可以在%s下载该产品。'),
(2671, 2, 'info', 'breadcrumb_information', '信息'),
(2672, 2, 'info', 'breadcrumb_conditions', '使用条款'),
(2673, 2, 'info', 'breadcrumb_contact', '联系我们'),
(2674, 2, 'info', 'breadcrumb_privacy', '隐私条款'),
(2675, 2, 'info', 'breadcrumb_shipping', '运输方式'),
(2676, 2, 'info', 'breadcrumb_sitemap', '网站地图'),
(2677, 2, 'info', 'breadcrumb_cookie_usage', 'Cookie使用'),
(2678, 2, 'info', 'breadcrumb_ssl_check', '安全检查'),
(2679, 2, 'info', 'info_heading', '信息和帮助'),
(2680, 2, 'info', 'info_conditions_heading', '条款条例'),
(2681, 2, 'info', 'info_contact_heading', '联系我们'),
(2682, 2, 'info', 'contact_departments_title', '部门：'),
(2683, 2, 'info', 'info_privacy_heading', '隐私条款'),
(2684, 2, 'info', 'contact_telephone_title', '电话：'),
(2685, 2, 'info', 'info_shipping_heading', '配送条款'),
(2686, 2, 'info', 'info_sitemap_heading', '网站地图'),
(2687, 2, 'info', 'info_cookie_usage_heading', 'Cookie使用'),
(2688, 2, 'info', 'info_ssl_check_heading', '安全检查'),
(2689, 2, 'info', 'conditions', '请在这里输入必要的信息。'),
(2690, 2, 'info', 'contact_code_title', '图片验证码：'),
(2691, 2, 'info', 'contact_code_notice_title', '请输入验证码：'),
(2692, 2, 'info', 'contact', '添加或修改本页内容，请到后台>系统设置>信息管理>联系我们。'),
(2693, 2, 'info', 'privacy', '添加或修改本页内容，请在后台>系统设置>信息管理>隐私条款。'),
(2694, 2, 'info', 'shipping', '添加或修改本页内容，请在后台>系统设置>信息管理>运输&退货。'),
(2695, 2, 'info', 'cookie_usage', '我们发现您的浏览器不支持cookies或禁止设置cookies。<br /><br />为了能够保证继续购物，请在您的浏览器中启用cookies。<br /><br />请根据以下步骤<b>Internet Explorer</b>浏览器:<br /><ol><li>点击工具菜单并选择Internet选项</li><li>选择安全标签页然后重置安全级别为中</li></ol>如若为了安全考虑做此设置而给您带来的不便，我们表示歉意。<br /><br />关于此设置的任何问题或离线购物，请联系卖家。'),
(2696, 2, 'info', 'ssl_check', '我们发现您的浏览器在我们的安全页面上产生了一个不同的SSL会话ID。<br /><br />为了安全起见，您需要重新登陆然后再继续购物。<br /><br />某些浏览器无法产生我们需要的安全SSL会话ID。如您在使用这样的浏览器，我们推荐您使用其它的浏览器如<a href="http://www.microsoft.com/ie/" target="_blank">Internet Explorer</a>, <a href="http://www.mozilla.com/firefox/" target="_blank">Firefox</a>, or <a href="http://www.opera.com" target="_blank">Opera</a>。<br /><br />如若为了安全考虑而做此设置给您带来的不便，我们深表歉意。<br /><br />关于此设置的任何问题或离线购物，请联系卖家。'),
(2697, 2, 'info', 'contact_title', '联系信息'),
(2698, 2, 'info', 'contact_store_address_title', '网店地址'),
(2699, 2, 'info', 'contact_name_title', '全名：'),
(2700, 2, 'info', 'contact_email_address_title', '邮件地址：'),
(2701, 2, 'info', 'contact_enquiry_title', '询问：'),
(2702, 2, 'info', 'contact_email_sent_successfully', '你的请求已经成功发送给卖家。'),
(2703, 2, 'info', 'contact_email_subject', '邮件询问'),
(2704, 2, 'info', 'sitemap_account', '会员中心'),
(2705, 2, 'info', 'sitemap_account_edit', '个人信息'),
(2706, 2, 'info', 'sitemap_address_book', '地址簿'),
(2707, 2, 'info', 'sitemap_account_history', '订单历史'),
(2708, 2, 'info', 'sitemap_account_notifications', '邮件订阅'),
(2709, 2, 'info', 'sitemap_shopping_cart', '购物车'),
(2710, 2, 'info', 'sitemap_checkout_shipping', '结算中心'),
(2711, 2, 'info', 'sitemap_advanced_search', '高级搜索'),
(2712, 2, 'info', 'sitemap_products_new', '新品上市'),
(2713, 2, 'info', 'sitemap_specials', '特价专区'),
(2714, 2, 'info', 'sitemap_reviews', '商品评论'),
(2715, 2, 'info', 'cookie_usage_box_heading', 'Cookie隐私安全'),
(2716, 2, 'info', 'cookie_usage_box_contents', 'Cookies是有关您访问本站的隐私和安全方面的说明，您的浏览器须启用cookies以便您能在本店顺利购买商品。<br /><br />通过打开您的浏览器上的cookie可以使您和本站的联系得以加强并确保您自己执行交易，同时防止泄漏您的隐私信息。'),
(2717, 2, 'info', 'ssl_check_box_heading', '隐私和安全'),
(2718, 2, 'info', 'ssl_check_box_contents', '我们将在每个安全页面验证您浏览器发生至服务器的SSL会话ID。<br /><br />此验证确保您本人浏览本站上您的账户而不是别人。'),
(2719, 2, 'products', 'table_heading_weight', '商品重量'),
(2720, 2, 'products', 'table_heading_quantity', '数量'),
(2721, 2, 'products', 'table_heading_discount', '折扣'),
(2722, 2, 'products', 'table_heading_price', '商品价格'),
(2723, 2, 'products', 'section_heading_attributes', '商品属性'),
(2724, 2, 'products', 'table_heading_sku', '商品编号'),
(2725, 2, 'products', 'section_heading_variants', '商品规格'),
(2726, 2, 'products', 'section_heading_customizations', '产品定制'),
(2727, 2, 'products', 'section_heading_reviews', '产品评论'),
(2728, 2, 'products', 'section_heading_quantity_discount', '数量折扣'),
(2729, 2, 'products', 'breadcrumb_new_products', '新品上市'),
(2730, 2, 'products', 'breadcrumb_specials', '特价专区'),
(2731, 2, 'products', 'breadcrumb_reviews', '商品评论'),
(2732, 2, 'products', 'breadcrumb_reviews_new', '添加评论'),
(2733, 2, 'products', 'breadcrumb_tell_a_friend', '推荐给朋友'),
(2734, 2, 'products', 'product_not_found_heading', '非常抱歉，产品没有找到'),
(2735, 2, 'products', 'no_new_products', '非常抱歉，当前没有产品。'),
(2736, 2, 'products', 'new_products_heading', '新品上市'),
(2737, 2, 'products', 'compare_products_heading', '比较商品'),
(2738, 2, 'products', 'specials_heading', '特价专区'),
(2739, 2, 'products', 'reviews_heading', '商品评论'),
(2740, 2, 'products', 'product_not_found', '非常抱歉，没有找到商品!'),
(2741, 2, 'products', 'number_of_product_reviews', '当前评论：'),
(2742, 2, 'products', 'including_tax', '含税'),
(2743, 2, 'products', 'in_stock', '库存充足'),
(2744, 2, 'products', 'out_of_stock', '暂时缺货'),
(2745, 2, 'products', 'not_available', '无效'),
(2746, 2, 'products', 'field_sku', '商品编号：'),
(2747, 2, 'products', 'field_availability', '有效性：'),
(2748, 2, 'products', 'field_quantity', '商品数量：'),
(2749, 2, 'products', 'field_market_price', '市场价：'),
(2750, 2, 'products', 'field_tomato_price', '番茄价：'),
(2751, 2, 'products', 'field_stock', '库存：'),
(2752, 2, 'products', 'field_date_added', '上架时间：'),
(2753, 2, 'products', 'field_products_viewed', '商品点击数：'),
(2754, 2, 'products', 'review_count', '<font color="#005aa0">(已有 %s 人评价)</font>'),
(2755, 2, 'products', 'field_moq', '最小订购数量：'),
(2756, 2, 'products', 'field_order_increment', '订购增量：'),
(2757, 2, 'products', 'field_sample_url', '示例文件：'),
(2758, 2, 'products', 'field_gift_certificate_amount', '面额：'),
(2759, 2, 'products', 'field_senders_name', '发件人名称：'),
(2760, 2, 'products', 'field_senders_email', '发件人邮箱：'),
(2761, 2, 'products', 'field_recipients_name', '收件人姓名：'),
(2762, 2, 'products', 'field_recipients_email', '收件人邮件地址：'),
(2763, 2, 'products', 'fields_gift_certificate_message', '留言：'),
(2764, 2, 'products', 'field_short_quantity', '我要买：'),
(2765, 2, 'products', 'field_short_stock', '件&nbsp;&nbsp;(库存 %s 件)'),
(2766, 2, 'products', 'field_products_name', '商品名称：'),
(2767, 2, 'products', 'field_products_price', '商品价格：'),
(2768, 2, 'products', 'field_products_weight', '商品重量：'),
(2769, 2, 'products', 'field_products_sku', '商品编号：'),
(2770, 2, 'products', 'field_products_manufacturer', '商品品牌：'),
(2771, 2, 'products', 'field_products_description', '商品描述：'),
(2772, 2, 'products', 'error_sender_name_empty', '请输入发件人姓名。'),
(2773, 2, 'products', 'error_sender_email_empty', '请输入发件人电子邮箱。'),
(2774, 2, 'products', 'error_recipient_name_empty', '请输入收件人姓名。'),
(2775, 2, 'products', 'error_recipient_email_empty', '请输入收件人电子邮箱。'),
(2776, 2, 'products', 'error_message_empty', '请输入留言。'),
(2777, 2, 'products', 'error_message_open_gift_certificate_amount', '礼券面额应该介于此区间 %s - %s。'),
(2778, 2, 'products', 'error_customization_field_must_be_specified', '请为定制字段：%s 输入值。'),
(2779, 2, 'products', 'error_gift_certificate_data_missing', '请输入礼券数据。'),
(2780, 2, 'products', 'error_customization_fields_missing', '请在添加产品入购物车之前，给予定制字段值。'),
(2781, 2, 'products', 'go_to_external_products_webpage', '了解更多信息？请访问<a target="_blank" href="%s">webpage</a>。'),
(2782, 2, 'products', 'date_availability', '<font color="#ff0000">该产品将在 %s 时出售。</font>'),
(2783, 2, 'products', 'section_heading_products_description', '商品描述'),
(2784, 2, 'products', 'product_attributes', '选项：'),
(2785, 2, 'products', 'enlarge_image', '点击放大'),
(2786, 2, 'products', 'date_added', '添加日期：'),
(2787, 2, 'products', 'manufacturer', '商品品牌：'),
(2788, 2, 'products', 'price', '商品价格：'),
(2789, 2, 'products', 'login_to_write_review', '请先<a href="%s"><b>点击此处</b></a>登陆，然后书写产品评论。'),
(2790, 2, 'products', 'average_rating', '商品评分：'),
(2791, 2, 'products', 'login_to_write_review', '请先<a href="%s"><b>点击此处</b></a>登陆，然后书写产品评论。'),
(2792, 2, 'products', 'no_review', '改产品暂无产品评论。'),
(2793, 2, 'products', 'heading_write_review', '书写产品评论'),
(2794, 2, 'products', 'introduction_rating', '请给予该产品评分'),
(2795, 2, 'products', '1_star', '一颗星'),
(2796, 2, 'products', '2_star', '两颗星'),
(2797, 2, 'products', '3_star', '三颗星'),
(2798, 2, 'products', '4_star', '四颗星'),
(2799, 2, 'products', '5_star', '五颗星'),
(2800, 2, 'products', 'rating_of_5_stars', '%s颗星'),
(2801, 2, 'products', 'no_reviews_available', '非常抱歉，没有找到相关评论。'),
(2802, 2, 'products', 'new_review_title', '添加评论'),
(2803, 2, 'products', 'field_review_rating', '等级：'),
(2804, 2, 'products', 'field_review', '产品评论'),
(2805, 2, 'products', 'field_review_from', '来自于：'),
(2806, 2, 'products', 'introduction_rating', '请给予该产品评分'),
(2807, 2, 'products', 'login_to_write', '请先登陆再书写产品评论。'),
(2808, 2, 'products', 'review_lowest_rating_title', '差'),
(2809, 2, 'products', 'review_highest_rating_title', '好'),
(2810, 2, 'products', 'customer_details_title', '您的详细信息'),
(2811, 2, 'products', 'friend_details_title', '您朋友的详细信息'),
(2812, 2, 'products', 'tell_a_friend_message', '您的留言'),
(2813, 2, 'products', 'field_tell_a_friend_customer_name', '您的姓名:'),
(2814, 2, 'products', 'field_tell_a_friend_customer_email_address', '您的电子邮箱：'),
(2815, 2, 'products', 'field_tell_a_friend_friends_name', '您朋友的姓名:'),
(2816, 2, 'products', 'field_tell_a_friend_friends_email_address', '您朋友的电子邮箱：'),
(2817, 2, 'products', 'email_tell_a_friend_subject', '您的朋友%s向您推荐来自 %s 商店的好评不断的商品'),
(2818, 2, 'products', 'email_tell_a_friend_intro', '您好 %s！\n\n您收到来自您朋友 %s 的来信，认为您可能会对 %s 商店的 %s 商品感兴趣。欢迎您的光临！'),
(2819, 2, 'products', 'email_tell_a_friend_link', '请点击以下链接或把此链接复制粘贴到您的浏览器上查看此商品信息：%s'),
(2820, 2, 'products', 'email_tell_a_friend_signature', '致敬，\n\n%s'),
(2821, 2, 'products', 'success_review_new', '感谢您的评论！该评论已收到并被激活！'),
(2822, 2, 'products', 'success_review_moderation', '谢谢您的评论！该评论已收到正在审核。'),
(2823, 2, 'products', 'success_tell_a_friend_email_sent', '分享%s商品 的邮件已经成功发送至 %s。'),
(2824, 2, 'products', 'error_tell_a_friend_friends_name_empty', '错误： 您没有填写您朋友的姓名。'),
(2825, 2, 'products', 'error_tell_a_friend_invalid_friends_email_address', '错误： 您朋友的电子邮箱必须是有效的。'),
(2826, 2, 'products', 'error_tell_a_friend_customers_name_empty', '错误：您的姓名还没有填写。'),
(2827, 2, 'products', 'error_tell_a_friend_invalid_customers_email_address', '错误： 您的电子邮箱必须是有效的。'),
(2828, 2, 'search', 'breadcrumb_search', '搜索'),
(2829, 2, 'search', 'breadcrumb_search_results', '结果'),
(2830, 2, 'search', 'search_heading', '搜索'),
(2831, 2, 'search', 'advanced_search_heading', '高级搜索'),
(2832, 2, 'search', 'search_results_heading', '搜索结果'),
(2833, 2, 'search', 'search_criteria_title', '搜索条件'),
(2834, 2, 'search', 'field_search_categories', '商品分类：'),
(2835, 2, 'search', 'field_search_recursive', '包含商品子类别'),
(2836, 2, 'search', 'field_search_manufacturers', '商品品牌:'),
(2837, 2, 'search', 'field_search_price_from', '价格区间 从:'),
(2838, 2, 'search', 'field_search_price_to', '到:'),
(2839, 2, 'search', 'field_search_date_from', '日期从:'),
(2840, 2, 'search', 'field_search_date_to', '到:'),
(2841, 2, 'search', 'search_help_tips', '搜索帮助'),
(2842, 2, 'search', 'search_help_heading', '搜索帮助'),
(2843, 2, 'search', 'search_help', '您可以用AND或者OR来分隔搜索关键字以便获得更准确的搜索结果。<br /><br />比如, <u>Microsoft AND mouse</u> 可以找到所有包含Microsoft以及mouse的商品结果。然而用<u>mouse OR keyboard</u>作为搜索条件的话，搜索结果将包含任何包含以上两个关键字的结果。<br /><br />用双引号包含关键字可以精确匹配搜索条件<br /><br />例如, <u>"notebook computer"</u> 将返回包含此字符串的搜索结果。<br /><br />圆括号可以被用户进一步控制搜索结果。<br /><br />例如, <u>Microsoft and (keyboard or mouse or "visual basic")</u>.'),
(2844, 2, 'general', 'close_window', '关闭窗口'),
(2845, 2, 'search', 'error_search_at_least_one_input', '在搜索表单中至少选择一个搜索条件填入。'),
(2846, 2, 'search', 'error_search_invalid_from_date', '无效日期从：'),
(2847, 2, 'search', 'error_search_invalid_to_date', '到：'),
(2848, 2, 'search', 'error_search_to_date_less_than_from_date', '结束日期必须不小于开始日期。'),
(2849, 2, 'search', 'error_search_price_from_not_numeric', '价格必须是数字。'),
(2850, 2, 'search', 'error_search_price_to_not_numeric', '最大价格必须是数字。'),
(2851, 2, 'search', 'error_search_price_to_less_than_price_from', '最大价格必须不小于最小价格。'),
(2852, 2, 'search', 'error_search_invalid_keywords', '无效关键字。'),
(2853, 2, 'products', 'js_review_text', '* 评论至少包含 %s 个字符。'),
(2854, 2, 'products', 'js_review_rating', '* 您还没有给此商品评等级。'),
(2855, 2, 'products', 'js_customization_file_size', '该文件定制字段大小必须小于%s。'),
(2856, 2, 'checkout', 'js_no_payment_module_selected', '* 请为您的订单选择一种支付方式。'),
(2857, 2, 'checkout', 'error_no_payment_module_selected', '请为您的订单选择一种支付方式。'),
(2858, 2, 'checkout', 'error_conditions_not_accepted', '请确认同意此订单的条款条例并在下面的复选框内打勾。'),
(2859, 2, 'account', 'error_privacy_statement_not_accepted', '请确认同意此订单的隐私声明并在下面的复选框内打勾。'),
(2860, 2, 'general', 'field_customer_gender', '性别:'),
(2861, 2, 'general', 'field_customer_gender_error', '请选择性别。'),
(2862, 2, 'general', 'field_customer_first_name', '名字:'),
(2863, 2, 'general', 'field_customer_first_name_error', '您的名字至少包含%s个字符。'),
(2864, 2, 'general', 'field_customer_last_name', '姓氏：'),
(2865, 2, 'general', 'field_customer_last_name_error', '您的姓至少包含%s个字符。'),
(2866, 2, 'general', 'field_customer_date_of_birth', '生日:'),
(2867, 2, 'general', 'field_customer_date_of_birth_error', '请输入您真实的生日。'),
(2868, 2, 'general', 'field_customer_email_address', '电子邮箱'),
(2869, 2, 'general', 'field_customer_group', '会员等级'),
(2870, 2, 'general', 'field_customer_store_credit', '虚拟货币'),
(2871, 2, 'general', 'field_customer_email_address_error', '电子邮箱至少包含%s个字符。'),
(2872, 2, 'general', 'field_customer_email_address_check_error', '无效电子邮箱 - 请更正。');
INSERT INTO `toc_languages_definitions` (`id`, `languages_id`, `content_group`, `definition_key`, `definition_value`) VALUES
(2873, 2, 'general', 'field_customer_email_address_exists_error', '该电子邮箱已注册-请换用其他电子邮箱或用该电子邮箱。'),
(2874, 2, 'general', 'field_customer_company', '公司名称:'),
(2875, 2, 'general', 'field_customer_company_error', '公司名称至少包含%s个字符。'),
(2876, 2, 'general', 'field_customer_street_address', '地址:'),
(2877, 2, 'general', 'field_customer_street_address_error', '地址至少包含%s个字符。'),
(2878, 2, 'general', 'field_customer_suburb', '区县:'),
(2879, 2, 'general', 'field_customer_suburb_error', '区县名须至少包含%s个字符。'),
(2880, 2, 'general', 'field_customer_post_code', '邮编:'),
(2881, 2, 'general', 'field_customer_post_code_error', '邮编须至少包含%s个字符。'),
(2882, 2, 'general', 'field_customer_city', '城市:'),
(2883, 2, 'general', 'field_customer_city_error', '城市名称须至少包含%s个字符。'),
(2884, 2, 'general', 'field_customer_state', '州/省:'),
(2885, 2, 'general', 'field_customer_state_error', '州/省须至少包含%s个字符。'),
(2886, 2, 'general', 'field_customer_state_select_pull_down_error', '请从下拉框中选择州或省。'),
(2887, 2, 'general', 'field_customer_country', '国家:'),
(2888, 2, 'general', 'field_customer_country_error', '请从下拉框中选择国家。'),
(2889, 2, 'general', 'field_customer_telephone_number', '电话号码:'),
(2890, 2, 'general', 'field_customer_telephone_number_error', '电话号码须至少包含%s个字符。'),
(2891, 2, 'general', 'field_customer_fax_number', '传真号码:'),
(2892, 2, 'general', 'field_customer_fax_number_error', '传真号码须至少包含%s个字符。'),
(2893, 2, 'general', 'field_customer_newsletter', '邮件订阅:'),
(2894, 2, 'general', 'field_customer_password', '密码'),
(2895, 2, 'general', 'field_customer_password_error', '密码须至少包含%s个字符。'),
(2896, 2, 'general', 'field_customer_password_mismatch_with_confirmation', '确认密码和新密码必须一致。'),
(2897, 2, 'general', 'field_customer_password_confirmation', '确认密码:'),
(2898, 2, 'general', 'field_customer_password_current', '旧密码:'),
(2899, 2, 'general', 'field_customer_password_current_error', '密码须至少包含%s个字符。'),
(2900, 2, 'general', 'field_customer_password_new', '新密码:'),
(2901, 2, 'general', 'field_customer_password_new_error', '新密码须至少包含%s个字符。'),
(2902, 2, 'general', 'field_customer_password_new_mismatch_with_confirmation_error', '确认密码必须和新密码相一致。'),
(2903, 2, 'products', 'reviewed_by', '评论者 %s'),
(2904, 2, 'products', 'review_rating', '等级： %s [%s]'),
(2905, 2, 'products', 'no_review', '改产品暂无产品评论。'),
(2906, 2, 'products', 'field_posted_on', '发布于'),
(2907, 2, 'products', 'heading_write_review', '书写产品评论'),
(2908, 2, 'products', 'review_date_added', '添加日期：%s'),
(2909, 2, 'general', 'credit_card_number_error', '输入的信用卡号无效。<br />请核对后再试。'),
(2910, 2, 'general', 'maximum_file_upload_size', '(最大文件尺寸: %s)'),
(2911, 2, 'general', 'field_concat_captcha_check_error', '错误：请输入正确的验证码。'),
(2912, 2, 'general', 'field_customer_name_error', '错误：请输入姓名。'),
(2913, 2, 'general', 'field_customer_concat_email_error', '错误：请输入正确的邮件地址。'),
(2914, 2, 'general', 'field_departments_email_error', '错误：请选择部门邮箱。'),
(2915, 2, 'general', 'field_customer_name_required', '错误：请输入姓名。'),
(2916, 2, 'general', 'field_enquiry_error', '错误：请输入标题。'),
(2917, 2, 'general', 'field_telephone_error', '错误：请输入电话号码。'),
(2918, 2, 'modules-boxes', 'box_articles_categories_heading', '文章分类'),
(2919, 2, 'modules-boxes', 'box_best_sellers_heading', '热销商品'),
(2920, 2, 'modules-boxes', 'box_categories_heading', '商品分类'),
(2921, 2, 'modules-boxes', 'box_ordering_steps_heading', '结算流程'),
(2922, 2, 'modules-boxes', 'box_ordering_steps_delivery', '配送信息'),
(2923, 2, 'modules-boxes', 'box_ordering_steps_payment', '支付信息'),
(2924, 2, 'modules-boxes', 'box_ordering_steps_confirmation', '订单确认'),
(2925, 2, 'modules-boxes', 'box_ordering_steps_complete', '完成!'),
(2926, 2, 'modules-boxes', 'box_compare_products_heading', '商品比较'),
(2927, 2, 'modules-boxes', 'box_currencies_heading', '系统货币'),
(2928, 2, 'modules-boxes', 'box_express_search_heading', '发货查询'),
(2929, 2, 'modules-boxes', 'box_faqs_heading', '常见问题'),
(2930, 2, 'modules-boxes', 'box_guest_book_heading', '留言簿'),
(2931, 2, 'modules-boxes', 'box_information_heading', '网店信息'),
(2932, 2, 'modules-boxes', 'box_information_privacy', '隐私策略'),
(2933, 2, 'modules-boxes', 'box_information_conditions', '使用条款'),
(2934, 2, 'modules-boxes', 'box_information_shipping', '配送条款'),
(2935, 2, 'modules-boxes', 'box_information_contact', '联系我们'),
(2936, 2, 'modules-boxes', 'box_information_sitemap', '网站地图'),
(2937, 2, 'modules-boxes', 'box_languages_heading', '系统语言'),
(2938, 2, 'modules-boxes', 'box_lastest_news_heading', '新闻资讯'),
(2939, 2, 'modules-boxes', 'box_manufacturer_info_heading', '品牌信息'),
(2940, 2, 'modules-boxes', 'box_manufacturer_info_website', '进入 %s 的网站'),
(2941, 2, 'modules-boxes', 'box_manufacturer_info_products', '浏览其他商品'),
(2942, 2, 'modules-boxes', 'box_manufacturers_heading', '品牌专卖店'),
(2943, 2, 'modules-boxes', 'box_news_heading', '商城新闻'),
(2944, 2, 'modules-boxes', 'box_order_history_heading', '订单历史'),
(2945, 2, 'modules-boxes', 'box_order_search_heading', '订单查询'),
(2946, 2, 'modules-boxes', 'box_polls_heading', '会员投票'),
(2947, 2, 'modules-boxes', 'box_polls_one_vote_per_ip_error', '错误：每个IP只允许投票一次。'),
(2948, 2, 'modules-boxes', 'box_polls_votes', '投票'),
(2949, 2, 'modules-boxes', 'box_popular_search_terms_tag_cloud_heading', '热门关键字'),
(2950, 2, 'modules-boxes', 'box_product_notifications_heading', '商品更新通知'),
(2951, 2, 'modules-boxes', 'box_product_notifications_add', '通知我关于%s商品的更新信息'),
(2952, 2, 'modules-boxes', 'box_product_notifications_remove', '取消我对%s商品的更新关注'),
(2953, 2, 'modules-boxes', 'box_products_scroller_heading', '商品幻灯片'),
(2954, 2, 'modules-content', 'products_scroller_new_products_title', '新品上市'),
(2955, 2, 'modules-content', 'products_scroller_special_products_title', '特价专区'),
(2956, 2, 'modules-content', 'products_scroller_best_sellers_title', '热销商品'),
(2957, 2, 'modules-boxes', 'box_reviews_heading', '商品评论'),
(2958, 2, 'modules-boxes', 'box_reviews_write', '如果您对本商品有什么评价或经验,欢迎分享!'),
(2959, 2, 'modules-boxes', 'box_reviews_stars_rating', '%s颗星'),
(2960, 2, 'modules-boxes', 'box_search_heading', '商品搜索'),
(2961, 2, 'modules-boxes', 'box_search_text', '(请尝试<a href="%s">高级搜索</a>)'),
(2962, 2, 'modules-boxes', 'box_shop_by_price_heading', '价格过滤'),
(2963, 2, 'modules-boxes', 'box_shopping_cart_heading', '购物车'),
(2964, 2, 'modules-boxes', 'box_shopping_cart_empty', '您好，您的购物车没有加入任何商品！'),
(2965, 2, 'modules-boxes', 'box_shopping_cart_subtotal', '小计:'),
(2966, 2, 'modules-boxes', 'box_specials_heading', '特价专区'),
(2967, 2, 'modules-boxes', 'box_store_notice_heading', '商城公告'),
(2968, 2, 'modules-boxes', 'box_tell_a_friend_heading', '推荐给朋友'),
(2969, 2, 'modules-boxes', 'box_tell_a_friend_text', '跟您的朋友一起来分享这个商品吧！'),
(2970, 2, 'modules-boxes', 'box_templates_heading', '模板选择'),
(2971, 2, 'modules-boxes', 'box_whats_new_heading', '新品上市'),
(2972, 2, 'modules-content', 'customers_also_purchased_title', '购买过此商品的会员还购买过…'),
(2973, 2, 'modules-content', 'article_category_list_title', '文章分类列表'),
(2974, 2, 'modules-content', 'feature_products_title', '推荐商品'),
(2975, 2, 'modules-content', 'box_guestbook_heading', '留言簿'),
(2976, 2, 'modules-content', 'box_list_guest_book_heading', '所有留言'),
(2977, 2, 'modules-content', 'box_guest_book_info_heading', '留言簿'),
(2978, 2, 'modules-content', 'image_menu_show_title', '幻灯片展示（图片菜单形式）'),
(2979, 2, 'modules-content', 'new_products_title', '新品上市'),
(2980, 2, 'modules-content', 'products_slider_title', '商品幻灯片'),
(2981, 2, 'modules-content', 'products_slider_new_products_title', '新品上市'),
(2982, 2, 'modules-content', 'products_slider_special_products_title', '特价专区'),
(2983, 2, 'modules-content', 'products_slider_best_sellers_title', '热销产品'),
(2984, 2, 'modules-content', 'purchased_history_title', '购买记录'),
(2985, 2, 'modules-content', 'recently_visited_title', '最近浏览历史'),
(2986, 2, 'modules-content', 'recently_visited_products_title', '最近浏览过的商品'),
(2987, 2, 'modules-content', 'recently_visited_categories_title', '最近浏览过的商品分类'),
(2988, 2, 'modules-content', 'recently_visited_searches_title', '最近搜索历史'),
(2989, 2, 'modules-content', 'recently_visited_item_in_category', '商品分类：%s'),
(2990, 2, 'modules-content', 'slide_show_title', '幻灯片展示'),
(2991, 2, 'modules-content', 'upcoming_products_title', '预期商品'),
(2992, 2, 'modules-content', 'xsell_products_title', '关联商品'),
(2993, 2, 'modules-order_total', 'order_total_coupon_title', '优惠券兑换'),
(2994, 2, 'modules-order_total', 'order_total_coupon_description', '优惠券兑换'),
(2995, 2, 'modules-order_total', 'order_total_gift_certificate_title', '礼券兑换'),
(2996, 2, 'modules-order_total', 'order_total_gift_certificate_description', '礼券'),
(2997, 2, 'modules-order_total', 'order_total_gift_wrapping_title', '礼品包装'),
(2998, 2, 'modules-order_total', 'order_total_gift_wrapping_description', '礼品包装'),
(2999, 2, 'modules-order_total', 'gift_wrapping_heading', '礼品包装'),
(3000, 2, 'modules-order_total', 'gift_wrapping_description', '请选择是否需要礼品包装。礼品包装为：%s。'),
(3001, 2, 'modules-order_total', 'order_total_loworderfee_title', '低额订单费'),
(3002, 2, 'modules-order_total', 'order_total_loworderfee_description', '低额订单费'),
(3003, 2, 'modules-order_total', 'order_total_shipping_title', '订单运费'),
(3004, 2, 'modules-order_total', 'order_total_shipping_description', '订单运费'),
(3005, 2, 'modules-order_total', 'order_total_store_credit_title', '虚拟货币兑换'),
(3006, 2, 'modules-order_total', 'order_total_store_credit_description', '虚拟货币兑换'),
(3007, 2, 'modules-order_total', 'order_total_subtotal_title', '商品小计'),
(3008, 2, 'modules-order_total', 'order_total_subtotal_description', '商品小计'),
(3009, 2, 'modules-order_total', 'order_total_tax_title', '订单税额'),
(3010, 2, 'modules-order_total', 'order_total_tax_description', '订单税额'),
(3011, 2, 'modules-order_total', 'order_total_total_title', '订单总计'),
(3012, 2, 'modules-order_total', 'order_total_total_description', '订单总计'),
(3013, 2, 'modules-payment', 'payment_alipay_title', '支付宝'),
(3014, 2, 'modules-payment', 'payment_alipay_description', '支付宝'),
(3015, 2, 'modules-payment', 'payment_alipay_method_title', '支付宝'),
(3016, 2, 'modules-payment', 'payment_amazon_title', '亚马逊支付'),
(3017, 2, 'modules-payment', 'payment_amazon_description', '亚马逊支付'),
(3018, 2, 'modules-payment', 'payment_amazon_method_title', '亚马逊支付'),
(3019, 2, 'modules-payment', 'payment_authorizenet_cc_title', 'Authorize.net 信用卡'),
(3020, 2, 'modules-payment', 'payment_authorizenet_cc_description', 'Authorize.net 信用卡交易'),
(3021, 2, 'modules-payment', 'payment_authorizenet_cc_method_title', '信用卡'),
(3022, 2, 'modules-payment', 'payment_authorizenet_cc_credit_card_owner', '持卡人:'),
(3023, 2, 'modules-payment', 'payment_authorizenet_cc_credit_card_number', '信用卡号:'),
(3024, 2, 'modules-payment', 'payment_authorizenet_cc_credit_card_expiry_date', '信用卡有效期:'),
(3025, 2, 'modules-payment', 'payment_authorizenet_cc_credit_card_cvc', 'CVV校验码:'),
(3026, 2, 'modules-payment', 'payment_authorizenet_cc_js_credit_card_owner', '* 持卡人名称至少包含 %s 个字符。'),
(3027, 2, 'modules-payment', 'payment_authorizenet_cc_js_credit_card_number', '* 信用卡号码至少包含 %s 个字符。'),
(3028, 2, 'modules-payment', 'payment_authorizenet_cc_js_credit_card_not_accepted', '* 此信用卡类型未被识别，请尝试其他信用卡或选用其他支付方式。'),
(3029, 2, 'modules-payment', 'payment_authorizenet_cc_js_credit_card_cvc', '* 此信用卡的CVV校验码至少包含 3 个字符。'),
(3030, 2, 'modules-payment', 'payment_authorizenet_cc_error_general', '信用卡处理时出现错误，请您核对卡号后再试。'),
(3031, 2, 'modules-payment', 'payment_authorizenet_cc_error_not_accepted', '此信用卡类型未被识别. 请尝试其他信用卡或选用其他支付方式。'),
(3032, 2, 'modules-payment', 'payment_authorizenet_cc_error_invalid_expiration_date', '信用卡有效期无效，请核对信用卡后再试。'),
(3033, 2, 'modules-payment', 'payment_authorizenet_cc_error_expired', '信用卡已过期，请尝试其他信用卡或选用其他支付方式。'),
(3034, 2, 'modules-payment', 'payment_authorizenet_cc_error_unknown_card', '此信用卡未知，无法操作。请尝试其他信用卡或选用其他支付方式。'),
(3035, 2, 'modules-payment', 'payment_authorizenet_echeck_title', 'Authorize.net 电子支票'),
(3036, 2, 'modules-payment', 'payment_authorizenet_echeck_description', 'Authorize.net 电子支票交易'),
(3037, 2, 'modules-payment', 'payment_authorizenet_echeck_method_title', '银行/支票 帐户'),
(3038, 2, 'modules-payment', 'payment_authorizenet_echeck_owner', '开户人：'),
(3039, 2, 'modules-payment', 'payment_authorizenet_echeck_account_type', '帐户类型：'),
(3040, 2, 'modules-payment', 'payment_authorizenet_echeck_account_type_checking', '校验'),
(3041, 2, 'modules-payment', 'payment_authorizenet_echeck_account_type_business_checking', '商业支票'),
(3042, 2, 'modules-payment', 'payment_authorizenet_echeck_account_type_savings', '储蓄'),
(3043, 2, 'modules-payment', 'payment_authorizenet_echeck_account_number', '账号：'),
(3044, 2, 'modules-payment', 'payment_authorizenet_echeck_bank_name', '银行名称：'),
(3045, 2, 'modules-payment', 'payment_authorizenet_echeck_routing_code', '国际电汇代码:'),
(3046, 2, 'modules-payment', 'payment_authorizenet_echeck_tax_id', '税号或社保号:'),
(3047, 2, 'modules-payment', 'payment_authorizenet_echeck_org_type', '组织类型：'),
(3048, 2, 'modules-payment', 'payment_authorizenet_echeck_org_type_individual', '个人'),
(3049, 2, 'modules-payment', 'payment_authorizenet_echeck_org_type_business', '商业'),
(3050, 2, 'modules-payment', 'payment_authorizenet_echeck_js_owner', '* 请输入银行帐户的户主名称。'),
(3051, 2, 'modules-payment', 'payment_authorizenet_echeck_js_account_number', '* 请输入银行的帐户号码。'),
(3052, 2, 'modules-payment', 'payment_authorizenet_echeck_js_bank_name', '* 请输入银行帐户的银行名称。'),
(3053, 2, 'modules-payment', 'payment_authorizenet_echeck_js_routing_code', '* 银行国际电汇代码必须包含 %s 位数字。'),
(3054, 2, 'modules-payment', 'payment_authorizenet_echeck_js_tax_id', '* 税号或社保号必须包含 %s 位数字。'),
(3055, 2, 'modules-payment', 'payment_authorizenet_echeck_error_general', '处理此银行账号出错。请核对账户信息后再试。'),
(3056, 2, 'modules-payment', 'payment_authorizenet_echeck_error_routing_code', '银行国际电汇代码必须包含 %s 位数字。请核对帐户信息后再试。'),
(3057, 2, 'modules-payment', 'payment_authorizenet_echeck_error_invalid_routing_code', '处理银行国际电汇代码时出错。请核对帐户信息后再试。'),
(3058, 2, 'modules-payment', 'payment_authorizenet_echeck_error_invalid_account', '处理银行国际电汇代码时出错。请核对帐户信息后再试。'),
(3059, 2, 'modules-payment', 'payment_authorizenet_echeck_error_tax_id', '税号或社保号必须包含 %s 位数字。请核对帐户信息后再试。'),
(3060, 2, 'modules-payment', 'payment_authorizenet_echeck_error_invalid_tax_id', '处理税号或社保号时出错。请核对账户信息后再试。'),
(3061, 2, 'modules-payment', 'payment_authorizenet_echeck_confirmation_message', '浏览订单之后，我决定用 %s 替代 %s 帐户来支付本次订单的 %s 个 %s 商品。'),
(3062, 2, 'modules-payment', 'payment_bank_wire_title', '银行转帐'),
(3063, 2, 'modules-payment', 'payment_bank_wire_description', '银行转帐'),
(3064, 2, 'modules-payment', 'payment_bank_wire_method_title', '银行转帐'),
(3065, 2, 'modules-payment', 'payment_bank_wire_bank_account_owner', '开户人'),
(3066, 2, 'modules-payment', 'payment_bank_wire_bank_detail', '银行详细信息'),
(3067, 2, 'modules-payment', 'payment_bank_wire_bank_address', '银行地址'),
(3068, 2, 'modules-payment', 'payment_cc_title', '信用卡'),
(3069, 2, 'modules-payment', 'payment_cc_description', '信用卡测试信息:<br /><br />CC#: 4111111111111111<br />有效期: 任意'),
(3070, 2, 'modules-payment', 'payment_cc_method_title', '信用卡'),
(3071, 2, 'modules-payment', 'payment_cc_credit_card_owner', '持卡人:'),
(3072, 2, 'modules-payment', 'payment_cc_credit_card_number', '信用卡号:'),
(3073, 2, 'modules-payment', 'payment_cc_credit_card_expiry_date', '信用卡有效期:'),
(3074, 2, 'modules-payment', 'payment_cc_js_credit_card_owner', '* 持卡人名称至少包含 %s 个字符。'),
(3075, 2, 'modules-payment', 'payment_cc_js_credit_card_number', '* 信用卡号码至少包含 %s 个字符。'),
(3076, 2, 'modules-payment', 'payment_cc_js_credit_card_not_accepted', '* 此信用卡未被识别。请尝试其他信用卡或选用其他支付方式。'),
(3077, 2, 'modules-payment', 'payment_cc_error_general', '信用卡处理时出错，请核对后再试。'),
(3078, 2, 'modules-payment', 'payment_cc_error_not_accepted', '此信用卡类型未被识别，请尝试其他信用卡或选用其他支付方式。'),
(3079, 2, 'modules-payment', 'payment_cc_error_invalid_expiration_date', '信用卡有效期无效。请核对后再试。'),
(3080, 2, 'modules-payment', 'payment_cc_error_expired', '此信用卡已过期。请尝试其他信用卡或选用其他支付方式。'),
(3081, 2, 'modules-payment', 'payment_cc_error_unknown_card', '此信用卡未知，无法操作。请尝试其他信用卡或选用其他支付方式。'),
(3082, 2, 'modules-payment', 'payment_cheque_title', '支票'),
(3083, 2, 'modules-payment', 'payment_cheque_description', '支票'),
(3084, 2, 'modules-payment', 'payment_cheque_method_title', '支票'),
(3085, 2, 'modules-payment', 'payment_cheque_account_owner', '至订单'),
(3086, 2, 'modules-payment', 'payment_cheque_address', '地址'),
(3087, 2, 'modules-payment', 'payment_chinabank_title', '网银在线'),
(3088, 2, 'modules-payment', 'payment_chinabank_description', '网银在线'),
(3089, 2, 'modules-payment', 'payment_chinabank_method_title', '网银在线'),
(3090, 2, 'modules-payment', 'payment_chronopay_title', 'ChronoPay'),
(3091, 2, 'modules-payment', 'payment_chronopay_description', 'ChronoPay'),
(3092, 2, 'modules-payment', 'payment_chronopay_method_title', '信用卡'),
(3093, 2, 'modules-payment', 'payment_cod_title', '货到付款'),
(3094, 2, 'modules-payment', 'payment_cod_description', '货到付款'),
(3095, 2, 'modules-payment', 'payment_cod_method_title', '货到付款'),
(3096, 2, 'modules-payment', 'payment_eway_title', 'eWAY Payment Credit Card'),
(3097, 2, 'modules-payment', 'payment_eway_description', 'eWAY Payment Credit Card'),
(3098, 2, 'modules-payment', 'payment_eway_method_title', 'eWAY Payment Credit Card'),
(3099, 2, 'modules-payment', 'payment_eway_au_title', 'eWay支付方式'),
(3100, 2, 'modules-payment', 'payment_eway_au_description', 'eWay支付方式'),
(3101, 2, 'modules-payment', 'payment_eway_au_method_title', 'eWay支付方式'),
(3102, 2, 'modules-payment', 'payment_eway_au_credit_card_owner', '持卡人姓名：'),
(3103, 2, 'modules-payment', 'payment_eway_au_credit_card_number', '卡号：'),
(3104, 2, 'modules-payment', 'payment_eway_au_credit_card_expiry_date', '有效日期：'),
(3105, 2, 'modules-payment', 'payment_eway_au_credit_card_cvv', 'CVV号：'),
(3106, 2, 'modules-payment', 'payment_eway_eu_js_credit_card_owner', '* 该持卡人姓名必须大于%s个字符。'),
(3107, 2, 'modules-payment', 'payment_eway_eu_js_credit_card_number', '* 该信用卡好必须大于%s个字符。'),
(3108, 2, 'modules-payment', 'payment_eway_eu_cc_js_credit_card_cvc', '* 该CVC号必须大于3个字符。'),
(3109, 2, 'modules-payment', 'payment_gcheckout_title', 'Google支付方式'),
(3110, 2, 'modules-payment', 'payment_gcheckout_description', 'Google支付方式'),
(3111, 2, 'modules-payment', 'payment_gcheckout_method_title', 'Google支付方式'),
(3112, 2, 'modules-payment', 'payment_gcheckout_merchant_id', '商家ID'),
(3113, 2, 'modules-payment', 'payment_gcheckout_merchant_key', '厂家密钥'),
(3114, 2, 'modules-payment', 'payment_inpay_title', 'Inpay支付方式'),
(3115, 2, 'modules-payment', 'payment_inpay_method_title', 'Inpay支付方式'),
(3116, 2, 'modules-payment', 'payment_ipayment_title', 'iPayment'),
(3117, 2, 'modules-payment', 'payment_ipayment_description', '信用卡测试信息:<br /><br />CC#: 4111111111111111<br />有效期: 任意'),
(3118, 2, 'modules-payment', 'payment_ipayment_error_heading', '处理您的信用卡时出现了一个错误。'),
(3119, 2, 'modules-payment', 'payment_ipayment_error_message', '请仔细核对您的信用卡信息！'),
(3120, 2, 'modules-payment', 'payment_ipayment_credit_card_owner', '持卡人：'),
(3121, 2, 'modules-payment', 'payment_ipayment_credit_card_number', '信用卡卡号：'),
(3122, 2, 'modules-payment', 'payment_ipayment_credit_card_expiry_date', '信用卡有效期：'),
(3123, 2, 'modules-payment', 'payment_ipayment_credit_card_checknumber', '信用卡验证码：'),
(3124, 2, 'modules-payment', 'payment_ipayment_credit_card_checknumber_location', '(位于信用卡的背面)'),
(3125, 2, 'modules-payment', 'payment_ipayment_js_credit_card_owner', '* 持卡人名称至少包含%s 位字符。'),
(3126, 2, 'modules-payment', 'payment_ipayment_js_credit_card_number', '* 信用卡卡号至少包含%s位字符。'),
(3127, 2, 'modules-payment', 'payment_ipayment_credit_card_type', '信用卡类型：'),
(3128, 2, 'modules-payment', 'payment_moneybookers_title', 'Moneybookers支付方式'),
(3129, 2, 'modules-payment', 'payment_moneybookers_description', 'Moneybookers支付方式'),
(3130, 2, 'modules-payment', 'payment_moneybookers_method_title', 'Moneybookers支付方式'),
(3131, 2, 'modules-payment', 'payment_moneybookers_email', '邮件'),
(3132, 2, 'modules-payment', 'payment_moneyorder_title', '支票/银行转账'),
(3133, 2, 'modules-payment', 'payment_moneyorder_description', '请支付到:&nbsp;%s<br /><br />账户:<br />%s<br /><br />我们将在收到您的汇款后发送货物。'),
(3134, 2, 'modules-payment', 'payment_moneyorder_email_footer', '请支付到: %s\n\n账户:\n%\n\n我们将在收到您的汇款后发送货物。'),
(3135, 2, 'modules-payment', 'payment_nochex_title', 'NOCHEX'),
(3136, 2, 'modules-payment', 'payment_nochex_method_title', 'NoChex'),
(3137, 2, 'modules-payment', 'payment_nochex_description', 'NOCHEX<br />需要GBP作为货币。'),
(3138, 2, 'modules-payment', 'payment_ogone_directlink_cc_title', 'Ogone DirectLink 信用卡'),
(3139, 2, 'modules-payment', 'payment_ogone_directlink_cc_description', 'Ogone DirectLink 信用卡交易'),
(3140, 2, 'modules-payment', 'payment_ogone_directlink_cc_method_title', '信用卡'),
(3141, 2, 'modules-payment', 'payment_ogone_directlink_cc_credit_card_owner', '信用卡主人：'),
(3142, 2, 'modules-payment', 'payment_ogone_directlink_cc_credit_card_number', '信用卡号码：'),
(3143, 2, 'modules-payment', 'payment_ogone_directlink_cc_credit_card_expiry_date', '信用卡有效期：'),
(3144, 2, 'modules-payment', 'payment_ogone_directlink_cc_credit_card_cvc', '信用卡验证码 (CVC):'),
(3145, 2, 'modules-payment', 'payment_ogone_directlink_cc_js_credit_card_owner', '* 信用卡卡主的名称至少是 %s 位字符。'),
(3146, 2, 'modules-payment', 'payment_ogone_directlink_cc_js_credit_card_number', '* 信用卡号码必须是至少 %s 位字符。'),
(3147, 2, 'modules-payment', 'payment_ogone_directlink_cc_js_credit_card_not_accepted', '* 此信用卡类型是不被接受的。请您尝试使用其它的信用卡或其它的付款方式。'),
(3148, 2, 'modules-payment', 'payment_ogone_directlink_cc_js_credit_card_cvc', '* 信用卡验证码 (CVC) 必须至少有3位字符。'),
(3149, 2, 'modules-payment', 'payment_ogone_directlink_cc_error_general', '处理此信用卡时出现一些问题，请检查信用卡信息，然后再尝试一次。'),
(3150, 2, 'modules-payment', 'payment_ogone_directlink_cc_error_not_accepted', '此信用卡类型未被识别。请尝试其它信用卡或选用其它支付方式。'),
(3151, 2, 'modules-payment', 'payment_paypal_direct_title', 'PayPal Website Payments Pro (US) Direct Payments'),
(3152, 2, 'modules-payment', 'payment_paypal_direct_description', '<b>Note: PayPal requires the PayPal Express Checkout payment module to be enabled if this module is activated.</b><br /><br /><img src="images/icon_popup.gif" border="0">&nbsp;<a href="https://www.paypal.com/mrb/pal=PS2X9Q773CKG4" target="_blank" style="text-decoration: underline; font-weight: bold;">Visit PayPal Website</a>&nbsp;<a href="javascript:toggleDivBlock(''paypalDirectInfo'');">(info)</a><span id="paypalDirectInfo" style="display: none;"><br /><i>Using the above link to signup at PayPal grants osCommerce a small financial bonus for referring a customer.</i></span>'),
(3153, 2, 'modules-payment', 'payment_paypal_direct_method_title', 'Credit or Debit Card (Processed securely by PayPal)'),
(3154, 2, 'modules-payment', 'payment_paypal_direct_card_owner', '持卡人姓名：'),
(3155, 2, 'modules-payment', 'payment_paypal_direct_card_type', '信用卡类型：'),
(3156, 2, 'modules-payment', 'payment_paypal_direct_card_number', '卡号：'),
(3157, 2, 'modules-payment', 'payment_paypal_direct_card_valid_from', '信用卡起始日期：'),
(3158, 2, 'modules-payment', 'payment_paypal_direct_card_valid_from_info', '(如果有)'),
(3159, 2, 'modules-payment', 'payment_paypal_direct_card_expires', '信用卡截止日期：'),
(3160, 2, 'modules-payment', 'payment_paypal_direct_card_cvc', '安全代码（CVV2）：'),
(3161, 2, 'modules-payment', 'payment_paypal_direct_card_issue_number', '信用卡发卡号：'),
(3162, 2, 'modules-payment', 'payment_paypal_direct_card_issue_number_info', '（只适合Maestro和Solo类型信用卡）'),
(3163, 2, 'modules-payment', 'payment_paypal_direct_error_all_fields_required', '错误：请填写所有支付信息字段内容。'),
(3164, 2, 'modules-payment', 'payment_paypal_express_title', 'PayPal Express 支付方式'),
(3165, 2, 'modules-payment', 'payment_paypal_express_description', 'PayPal Express 支付方式'),
(3166, 2, 'modules-payment', 'payment_paypal_express_method_title', 'PayPal Express 支付方式（包括信用卡和借记卡）'),
(3167, 2, 'modules-payment', 'payment_paypal_express_button_title', '使用PayPal Express 支付方式支付'),
(3168, 2, 'modules-payment', 'payment_paypal_ipn_title', 'PayPal IPN'),
(3169, 2, 'modules-payment', 'payment_paypal_ipn_description', 'PayPal IPN'),
(3170, 2, 'modules-payment', 'payment_paypal_ipn_method_title', 'PayPal'),
(3171, 2, 'modules-payment', 'payment_paypal_standard_title', 'Paypal标准支付方式'),
(3172, 2, 'modules-payment', 'payment_paypal_standard_method_title', 'Paypal标准支付方式'),
(3173, 2, 'modules-payment', 'payment_paypal_uk_direct_title', 'PayPal Website Payments Pro (UK) Direct Payments'),
(3174, 2, 'modules-payment', 'payment_paypal_uk_direct_description', 'PayPal UK Direct'),
(3175, 2, 'modules-payment', 'payment_paypal_uk_direct_method_title', 'PayPal UK Direct (包括信用卡和借记卡)'),
(3176, 2, 'modules-payment', 'payment_paypal_uk_direct_card_owner', '持卡人：'),
(3177, 2, 'modules-payment', 'payment_paypal_uk_direct_card_type', '信用卡类型：'),
(3178, 2, 'modules-payment', 'payment_paypal_uk_direct_card_number', '卡号：'),
(3179, 2, 'modules-payment', 'payment_paypal_uk_direct_card_valid_from', '信用卡起始日期：'),
(3180, 2, 'modules-payment', 'payment_paypal_uk_direct_card_valid_from_info', '（如果有）'),
(3181, 2, 'modules-payment', 'payment_paypal_uk_direct_card_expires', '信用卡失效日期：'),
(3182, 2, 'modules-payment', 'payment_paypal_uk_direct_card_cvc', '安全代码（CVV2）：'),
(3183, 2, 'modules-payment', 'payment_paypal_uk_direct_card_issue_number', '信用卡发卡号：'),
(3184, 2, 'modules-payment', 'payment_paypal_uk_direct_card_issue_number_info', '（使用户Maestro和Solo信用卡）'),
(3185, 2, 'modules-payment', 'payment_paypal_uk_direct_error_general', '错误：在交易中出错。请重试。'),
(3186, 2, 'modules-payment', 'payment_paypal_uk_direct_error_cfg_error', '错误：信用可配置错误。请确认支付方式登陆信息。'),
(3187, 2, 'modules-payment', 'payment_paypal_uk_direct_error_address', '错误：运输城市，洲和邮编不对应。请重试。'),
(3188, 2, 'modules-payment', 'payment_paypal_uk_direct_error_all_fields_required', '错误：请输入所有支付信息字段内容。'),
(3189, 2, 'modules-payment', 'payment_paypal_uk_direct_error_declined', '错误：交易被拒绝。请重试。'),
(3190, 2, 'modules-payment', 'payment_paypal_uk_direct_error_invalid_credit_card', '错误：输入的信用卡信息无效。请重试。'),
(3191, 2, 'modules-payment', 'payment_paypal_uk_express_title', 'PayPal Website Payments Pro (UK) Express Checkout'),
(3192, 2, 'modules-payment', 'payment_paypal_uk_express_description', 'PayPal UK Express'),
(3193, 2, 'modules-payment', 'payment_paypal_uk_express_method_title', 'PayPal UK Express (包括信用卡和借记卡)'),
(3194, 2, 'modules-payment', 'payment_paypal_uk_express_error_cfg_error', '错误：支付方式配置错误。请确认账号信息。'),
(3195, 2, 'modules-payment', 'payment_paypal_uk_express_error_address', '错误：运输城市，州县和邮政编码无法对应。请重试。'),
(3196, 2, 'modules-payment', 'payment_paypal_uk_express_error_declined', '错误：交易被拒绝。请重试。'),
(3197, 2, 'modules-payment', 'payment_paypal_uk_express_error_express_disabled', '错误：该商家的PayPal Express支付账号被禁用了。请联系PayPal客户。'),
(3198, 2, 'modules-payment', 'payment_paypal_uk_express_error_general', '错误：交易出错。请重试。'),
(3199, 2, 'modules-payment', 'payment_payquake_cc_title', 'PayQuake 信用卡'),
(3200, 2, 'modules-payment', 'payment_payquake_cc_description', 'PayQuake 信用卡交易'),
(3201, 2, 'modules-payment', 'payment_payquake_cc_method_title', '信用卡'),
(3202, 2, 'modules-payment', 'payment_payquake_cc_credit_card_owner', '持卡人：'),
(3203, 2, 'modules-payment', 'payment_payquake_cc_credit_card_number', '信用卡卡号：'),
(3204, 2, 'modules-payment', 'payment_payquake_cc_credit_card_expiry_date', '信用卡有效期：'),
(3205, 2, 'modules-payment', 'payment_payquake_cc_credit_card_cvc', '信用卡校验码：'),
(3206, 2, 'modules-payment', 'payment_payquake_cc_js_credit_card_owner', '* 持卡人名称至少是 %s 位字符。'),
(3207, 2, 'modules-payment', 'payment_payquake_cc_js_credit_card_number', '* 信用卡卡号至少是 %s 位字符。'),
(3208, 2, 'modules-payment', 'payment_payquake_cc_js_credit_card_not_accepted', '* 此信用卡类型未被识别。请尝试其他信用卡或选用其它支付方式。'),
(3209, 2, 'modules-payment', 'payment_payquake_cc_js_credit_card_cvc', '* 信用卡校验码至少是3位字符。'),
(3210, 2, 'modules-payment', 'payment_payquake_cc_error_general', '处理此信用卡时出错。请核对信用卡信息后再试。'),
(3211, 2, 'modules-payment', 'payment_payquake_cc_error_not_accepted', '此信用卡类型未被识别。请使用其他信用卡或选用其它支付方式。'),
(3212, 2, 'modules-payment', 'payment_payquake_cc_error_invalid_expiry_date', '此信用卡有效期无效。请核对信用卡信息后再试。'),
(3213, 2, 'modules-payment', 'payment_payquake_cc_error_expired', '此信用卡已过期。请尝试其他信用卡或选用其它支付方式。'),
(3214, 2, 'modules-payment', 'payment_2checkout_title', '2CheckOut'),
(3215, 2, 'modules-payment', 'payment_2checkout_description', '信用卡测试信息：<br /><br />CC#: 4111111111111111<br />有效期: 无限'),
(3216, 2, 'modules-payment', 'payment_2checkout_credit_cart_type', '类型：'),
(3217, 2, 'modules-payment', 'payment_2checkout_credit_card_owner', '持卡人：'),
(3218, 2, 'modules-payment', 'payment_2checkout_credit_card_owner_first_name', '持卡人名称：'),
(3219, 2, 'modules-payment', 'payment_2checkout_credit_card_owner_last_name', '持卡人姓氏：'),
(3220, 2, 'modules-payment', 'payment_2checkout_credit_card_number', '信用卡卡号：'),
(3221, 2, 'modules-payment', 'payment_2checkout_credit_card_expiry_date', '信用卡有效期：'),
(3222, 2, 'modules-payment', 'payment_2checkout_credit_card_checknumber', '信用卡验证码：'),
(3223, 2, 'modules-payment', 'payment_2checkout_credit_card_checknumber_location', '(位于信用卡的背面)'),
(3224, 2, 'modules-payment', 'payment_2checkout_js_credit_card_number', '* 信用卡卡号至少包含 %s 位字符。'),
(3225, 2, 'modules-payment', 'payment_2checkout_error_message', '处理信用卡时出错。请重试。'),
(3226, 2, 'modules-payment', 'payment_psigate_title', 'PSiGate'),
(3227, 2, 'modules-payment', 'payment_psigate_description', '信用卡测试信息：<br /><br />CC#: 4111111111111111<br />有效期： 无限期'),
(3228, 2, 'modules-payment', 'payment_psigate_credit_card_owner', '持卡人：'),
(3229, 2, 'modules-payment', 'payment_psigate_credit_card_number', '信用卡卡号：'),
(3230, 2, 'modules-payment', 'payment_psigate_credit_card_expiry_date', '信用卡有效期：'),
(3231, 2, 'modules-payment', 'payment_psigate_credit_card_type', '类型：'),
(3232, 2, 'modules-payment', 'payment_psigate_js_credit_card_number', '* 信用卡号码至少是 '' . CC_NUMBER_MIN_LENGTH . '' 位字符.<br />'),
(3233, 2, 'modules-payment', 'payment_psigate_error_message', '处理信用卡时出错。请重试。'),
(3234, 2, 'modules-payment', 'payment_psigate_error', '信用卡出错！'),
(3235, 2, 'modules-payment', 'payment_saferpay_cc_title', 'Saferpay 信用卡'),
(3236, 2, 'modules-payment', 'payment_saferpay_cc_description', 'Saferpay 信用卡交易'),
(3237, 2, 'modules-payment', 'payment_saferpay_cc_method_title', '信用卡'),
(3238, 2, 'modules-payment', 'payment_saferpay_cc_credit_card_owner', '持卡人：'),
(3239, 2, 'modules-payment', 'payment_saferpay_cc_credit_card_number', '信用卡卡号：'),
(3240, 2, 'modules-payment', 'payment_saferpay_cc_credit_card_expiry_date', '信用卡有效期：'),
(3241, 2, 'modules-payment', 'payment_saferpay_cc_credit_card_cvc', '信用卡校验码:'),
(3242, 2, 'modules-payment', 'payment_saferpay_cc_js_credit_card_owner', '* 持卡人的名称至少包含 %s 个字符。'),
(3243, 2, 'modules-payment', 'payment_saferpay_cc_js_credit_card_number', '* 信用卡卡号至少包含 %s 个字符。'),
(3244, 2, 'modules-payment', 'payment_saferpay_cc_js_credit_card_not_accepted', '* 此信用卡类型未被识别，请尝试其他信用卡或选用其他支付方式。'),
(3245, 2, 'modules-payment', 'payment_saferpay_cc_js_credit_card_cvc', '* 信用卡校验码至少含有3个字符。'),
(3246, 2, 'modules-payment', 'payment_saferpay_cc_error_general', '处理信用卡时出错。请核对信用卡信息后再试。'),
(3247, 2, 'modules-payment', 'payment_saferpay_cc_error_not_accepted', '此信用卡类型未被识别。请使用其他信用卡或选用其他支付方式。'),
(3248, 2, 'modules-payment', 'payment_saferpay_cc_error_62', '此信用卡有效期无效。请核对信用卡信息后再试。'),
(3249, 2, 'modules-payment', 'payment_saferpay_cc_error_63', '此信用卡已经过期。请尝试其他信用卡或选用其他支付方式。'),
(3250, 2, 'modules-payment', 'payment_saferpay_cc_error_64', '此信用卡未知，不能操作。请尝试其他信用卡或选用其他支付方式。'),
(3251, 2, 'modules-payment', 'payment_saferpay_elv_title', 'Saferpay银行转账'),
(3252, 2, 'modules-payment', 'payment_saferpay_elv_description', 'Saferpay 银行转账交易'),
(3253, 2, 'modules-payment', 'payment_saferpay_elv_method_title', '银行转账'),
(3254, 2, 'modules-payment', 'payment_saferpay_elv_bank_owner', '户主名称：'),
(3255, 2, 'modules-payment', 'payment_saferpay_elv_bank_account_number', '帐户号码：'),
(3256, 2, 'modules-payment', 'payment_saferpay_elv_bank_code', '银行代码：'),
(3257, 2, 'modules-payment', 'payment_saferpay_elv_js_error', '*必填项。'),
(3258, 2, 'modules-payment', 'payment_saferpay_elv_error_general', '处理此银行帐户出错。请核对帐户信息后再试。'),
(3259, 2, 'modules-payment', 'payment_saferpay_vt_title', 'Saferpay 虚拟终端'),
(3260, 2, 'modules-payment', 'payment_saferpay_vt_description', 'Saferpay 虚拟终端交易'),
(3261, 2, 'modules-payment', 'payment_saferpay_vt_method_title', '信用卡'),
(3262, 2, 'modules-payment', 'payment_saferpay_vt_error_general', '处理此订单时出现问题。请核对账单信息后重试。'),
(3263, 2, 'modules-payment', 'payment_secpay_title', 'SECPay'),
(3264, 2, 'modules-payment', 'payment_secpay_description', '信用卡测试信息：<br /><br />CC#: 4444333322221111<br />有效期至： 无限期'),
(3265, 2, 'modules-payment', 'payment_secpay_error', '信用卡出错!'),
(3266, 2, 'modules-payment', 'payment_secpay_error_message', '处理信用卡时出错。请重试。'),
(3267, 2, 'modules-payment', 'payment_western_union_title', '西联汇款'),
(3268, 2, 'modules-payment', 'payment_western_union_description', '西联汇款'),
(3269, 2, 'modules-payment', 'payment_western_union_method_title', '西联汇款'),
(3270, 2, 'modules-payment', 'payment_western_union_owner_country', '国家：'),
(3271, 2, 'modules-payment', 'payment_western_union_owner_city', '城市：'),
(3272, 2, 'modules-payment', 'payment_western_union_owner_name', '姓名：'),
(3273, 2, 'modules-payment', 'payment_western_union_owner_email', '邮件：'),
(3274, 2, 'modules-payment', 'payment_western_union_owner_telephone', '电话号码：'),
(3275, 2, 'modules-payment', 'payment_wirecard_cc_title', 'Wire Card 信用卡'),
(3276, 2, 'modules-payment', 'payment_wirecard_cc_description', 'Wire Card 信用卡交易'),
(3277, 2, 'modules-payment', 'payment_wirecard_cc_method_title', '信用卡'),
(3278, 2, 'modules-payment', 'payment_wirecard_cc_credit_card_owner', '持卡人：'),
(3279, 2, 'modules-payment', 'payment_wirecard_cc_credit_card_number', '信用卡卡号：'),
(3280, 2, 'modules-payment', 'payment_wirecard_cc_credit_card_expiry_date', '信用卡有效期：'),
(3281, 2, 'modules-payment', 'payment_wirecard_cc_credit_card_cvc', '信用卡校验码：'),
(3282, 2, 'modules-payment', 'payment_wirecard_cc_js_credit_card_owner', '* 持卡人的名称至少包含 %s 位字符。'),
(3283, 2, 'modules-payment', 'payment_wirecard_cc_js_credit_card_number', '* 信用卡卡号至少包含 %s 位字符。'),
(3284, 2, 'modules-payment', 'payment_wirecard_cc_js_credit_card_not_accepted', '* 此信用卡类型未被识别。请尝试其他信用卡或选用其他支付方式。'),
(3285, 2, 'modules-payment', 'payment_wirecard_cc_js_credit_card_cvc', '* 信用卡校验码至少包含3位字符。'),
(3286, 2, 'modules-payment', 'payment_wirecard_cc_error_general', '处理此信用卡时出错。请核对信用卡信息后重试。'),
(3287, 2, 'modules-payment', 'payment_wirecard_cc_error_not_accepted', '此信用卡未被识别。请尝试其他信用卡或选用其他支付方式。'),
(3288, 2, 'modules-payment', 'payment_wirecard_cc_error_20071', '此信用卡有效期无效。请核对信用卡信息后重试。'),
(3289, 2, 'modules-payment', 'payment_wirecard_cc_error_33', '此信用卡已经过期。请尝试其他信用卡或选用其他支付方式。'),
(3290, 2, 'modules-payment', 'payment_wirecard_cc_error_unkown_card', '此信用卡未知，不能操作。请尝试其他信用卡或选用其他支付方式。'),
(3291, 2, 'modules-payment', 'payment_wirecard_eft_title', 'Wire Card EFT'),
(3292, 2, 'modules-payment', 'payment_wirecard_eft_description', 'Wire Card EFT 交易'),
(3293, 2, 'modules-payment', 'payment_wirecard_eft_method_title', '银行转账'),
(3294, 2, 'modules-payment', 'payment_wirecard_eft_bank_owner', '开户人：'),
(3295, 2, 'modules-payment', 'payment_wirecard_eft_bank_owner_firstname', '户主名称：'),
(3296, 2, 'modules-payment', 'payment_wirecard_eft_bank_owner_lastname', '户主姓氏：'),
(3297, 2, 'modules-payment', 'payment_wirecard_eft_account_type', '账户类型：'),
(3298, 2, 'modules-payment', 'payment_wirecard_eft_account_type_checking', '检测'),
(3299, 2, 'modules-payment', 'payment_wirecard_eft_account_type_savings', '储蓄'),
(3300, 2, 'modules-payment', 'payment_wirecard_eft_bank_account_number', '账号：'),
(3301, 2, 'modules-payment', 'payment_wirecard_eft_bank_code', '银行代码：'),
(3302, 2, 'modules-payment', 'payment_wirecard_eft_check_number', '验证码：'),
(3303, 2, 'modules-payment', 'payment_wirecard_eft_id_number', '身份证号码：'),
(3304, 2, 'modules-payment', 'payment_wirecard_eft_js_error', '* 必填项。'),
(3305, 2, 'modules-payment', 'payment_wirecard_eft_error_general', '处理银行账户出错。请核对账户信息后再试。'),
(3306, 2, 'modules-shipping', 'shipping_emsexpress_title', 'EMS 国内邮政特快专递'),
(3307, 2, 'modules-shipping', 'shipping_emsexpress_description', 'EMS 国内邮政特快专递'),
(3308, 2, 'modules-shipping', 'shipping_emsexpress_method', 'EMS 国内邮政特快专递'),
(3309, 2, 'modules-shipping', 'emsexpress_base_fee', '500克以内费用'),
(3310, 2, 'modules-shipping', 'emsexpress_step_fee', '续重每500克或其零数的费用'),
(3311, 2, 'modules-shipping', 'emsexpress_free_shipping', '免费额度'),
(3312, 2, 'modules-shipping', 'shipping_flat_title', '固定运费'),
(3313, 2, 'modules-shipping', 'shipping_flat_description', '固定运费'),
(3314, 2, 'modules-shipping', 'shipping_flat_method', '最佳方式'),
(3315, 2, 'modules-shipping', 'shipping_free_title', '免运费'),
(3316, 2, 'modules-shipping', 'shipping_free_description', '免运费'),
(3317, 2, 'modules-shipping', 'shipping_free_for_amount', '订单总价大于 %s'),
(3318, 2, 'modules-shipping', 'shipping_item_title', '按件计价'),
(3319, 2, 'modules-shipping', 'shipping_item_description', '按件计价'),
(3320, 2, 'modules-shipping', 'shipping_item_method', '最佳方式'),
(3321, 2, 'modules-shipping', 'shipping_pepexpress_title', '邮政快递包裹'),
(3322, 2, 'modules-shipping', 'shipping_pepexpress_description', '邮政快递包裹'),
(3323, 2, 'modules-shipping', 'shipping_pepexpress_method', '邮政快递包裹'),
(3324, 2, 'modules-shipping', 'pepexpress_base_fee', '1000克以内费用'),
(3325, 2, 'modules-shipping', 'pepexpress_step1_fee', '5000克以内续重每1000克费用'),
(3326, 2, 'modules-shipping', 'pepexpress_step2_fee', '5001克以上续重1000克费用'),
(3327, 2, 'modules-shipping', 'pepexpress_free_shipping', '免费额度'),
(3328, 2, 'modules-shipping', 'shipping_self_pickup_title', '上门取货'),
(3329, 2, 'modules-shipping', 'shipping_self_pickup_description', '上门取货'),
(3330, 2, 'modules-shipping', 'shipping_self_pickup_method', '最佳途径'),
(3331, 2, 'modules-shipping', 'shipping_self_pickup_title', '上门取货'),
(3332, 2, 'modules-shipping', 'shipping_self_pickup_description', '上门取货'),
(3333, 2, 'modules-shipping', 'shipping_self_pickup_method', '最佳途径'),
(3334, 2, 'modules-shipping', 'shipping_sfexpress_title', '顺丰速运'),
(3335, 2, 'modules-shipping', 'shipping_sfexpress_description', '顺丰速运'),
(3336, 2, 'modules-shipping', 'shipping_sfexpress_method', '顺丰速运'),
(3337, 2, 'modules-shipping', 'sfexpress_base_fee', '1000克以内费用'),
(3338, 2, 'modules-shipping', 'sfexpress_step_fee', '续重每1000克或其零数的费用'),
(3339, 2, 'modules-shipping', 'sfexpress_free_shipping', '免费额度'),
(3340, 2, 'modules-shipping', 'shipping_ytoexpress_title', '圆通速递'),
(3341, 2, 'modules-shipping', 'shipping_ytoexpress_description', '圆通速递'),
(3342, 2, 'modules-shipping', 'shipping_ytoexpress_method', '圆通速递'),
(3343, 2, 'modules-shipping', 'ytoexpress_base_fee', '首重费用'),
(3344, 2, 'modules-shipping', 'ytoexpress_step_fee', '续重费用'),
(3345, 2, 'modules-shipping', 'ytoexpress_free_shipping', '免费额度'),
(3346, 2, 'modules-shipping', 'ytoexpress_cod', '货到付款支付费用');

-- --------------------------------------------------------

--
-- 表的结构 `toc_manufacturers`
--

CREATE TABLE IF NOT EXISTS `toc_manufacturers` (
  `manufacturers_id` int(11) NOT NULL AUTO_INCREMENT,
  `manufacturers_name` varchar(32) NOT NULL,
  `manufacturers_image` varchar(64) DEFAULT NULL,
  `date_added` datetime DEFAULT NULL,
  `last_modified` datetime DEFAULT NULL,
  PRIMARY KEY (`manufacturers_id`),
  KEY `IDX_MANUFACTURERS_NAME` (`manufacturers_name`)
) ENGINE=MyISAM  DEFAULT CHARSET=utf8 AUTO_INCREMENT=6 ;

--
-- 转存表中的数据 `toc_manufacturers`
--

INSERT INTO `toc_manufacturers` (`manufacturers_id`, `manufacturers_name`, `manufacturers_image`, `date_added`, `last_modified`) VALUES
(1, 'Apple', 'apple.png', '2011-08-31 09:17:05', '2011-08-31 09:17:05'),
(2, 'Dell', 'dell.png', '2011-08-31 09:17:05', '2011-08-31 09:17:05'),
(3, 'HP', 'hp.png', '2011-08-31 09:17:05', '2011-08-31 09:17:05'),
(4, 'Lenovo', 'lenovo.png', '2011-08-31 09:17:05', '2011-08-31 09:17:05'),
(5, 'Sony', 'sony.png', '2011-08-31 09:17:05', '2011-08-31 09:17:05');

-- --------------------------------------------------------

--
-- 表的结构 `toc_manufacturers_info`
--

CREATE TABLE IF NOT EXISTS `toc_manufacturers_info` (
  `manufacturers_id` int(11) NOT NULL,
  `languages_id` int(11) NOT NULL,
  `manufacturers_url` varchar(255) NOT NULL,
  `manufacturers_friendly_url` varchar(64) NOT NULL,
  `manufacturers_page_title` varchar(255) NOT NULL,
  `manufacturers_meta_keywords` varchar(255) NOT NULL,
  `manufacturers_meta_description` varchar(255) NOT NULL,
  `url_clicked` int(5) NOT NULL DEFAULT '0',
  `date_last_click` datetime DEFAULT NULL,
  PRIMARY KEY (`manufacturers_id`,`languages_id`)
) ENGINE=MyISAM DEFAULT CHARSET=utf8;

--
-- 转存表中的数据 `toc_manufacturers_info`
--

INSERT INTO `toc_manufacturers_info` (`manufacturers_id`, `languages_id`, `manufacturers_url`, `manufacturers_friendly_url`, `manufacturers_page_title`, `manufacturers_meta_keywords`, `manufacturers_meta_description`, `url_clicked`, `date_last_click`) VALUES
(1, 1, 'http://www.apple.com', 'apple', '', '', '', 0, NULL),
(2, 1, 'http://www.dell.com', 'dell', '', '', '', 0, NULL),
(3, 1, 'http://www.hp.com', 'hp', '', '', '', 0, NULL),
(4, 1, 'http://www.lenovo.com', 'lenovo', '', '', '', 0, NULL),
(5, 1, 'http://www.sony.com', 'sony', '', '', '', 0, NULL),
(1, 2, 'http://www.apple.com', 'apple', '', '', '', 0, NULL),
(2, 2, 'http://www.dell.com', 'dell', '', '', '', 0, NULL),
(3, 2, 'http://www.hp.com', 'hp', '', '', '', 0, NULL),
(4, 2, 'http://www.lenovo.com', 'lenovo', '', '', '', 0, NULL),
(5, 2, 'http://www.sony.com', 'sony', '', '', '', 0, NULL);

-- --------------------------------------------------------

--
-- 表的结构 `toc_newsletters`
--

CREATE TABLE IF NOT EXISTS `toc_newsletters` (
  `newsletters_id` int(11) NOT NULL AUTO_INCREMENT,
  `title` varchar(255) NOT NULL,
  `content` text NOT NULL,
  `module` varchar(255) NOT NULL,
  `date_added` datetime NOT NULL,
  `date_sent` datetime DEFAULT NULL,
  `status` int(1) DEFAULT NULL,
  `locked` int(1) DEFAULT '0',
  PRIMARY KEY (`newsletters_id`)
) ENGINE=MyISAM DEFAULT CHARSET=utf8 AUTO_INCREMENT=1 ;

--
-- 转存表中的数据 `toc_newsletters`
--


-- --------------------------------------------------------

--
-- 表的结构 `toc_newsletters_log`
--

CREATE TABLE IF NOT EXISTS `toc_newsletters_log` (
  `newsletters_id` int(11) NOT NULL,
  `email_address` varchar(255) NOT NULL,
  `date_sent` datetime DEFAULT NULL,
  KEY `IDX_NEWSLETTERS_LOG_NEWSLETTERS_ID` (`newsletters_id`),
  KEY `IDX_NEWSLETTERS_LOG_EMAIL_ADDRESS` (`email_address`)
) ENGINE=MyISAM DEFAULT CHARSET=utf8;

--
-- 转存表中的数据 `toc_newsletters_log`
--


-- --------------------------------------------------------

--
-- 表的结构 `toc_orders`
--

CREATE TABLE IF NOT EXISTS `toc_orders` (
  `orders_id` int(11) NOT NULL AUTO_INCREMENT,
  `invoice_number` varchar(10) DEFAULT NULL,
  `customers_id` int(11) NOT NULL,
  `customers_name` varchar(64) NOT NULL,
  `customers_company` varchar(32) DEFAULT NULL,
  `customers_street_address` varchar(64) NOT NULL,
  `customers_suburb` varchar(32) DEFAULT NULL,
  `customers_city` varchar(32) NOT NULL,
  `customers_postcode` varchar(10) NOT NULL,
  `customers_state` varchar(32) DEFAULT NULL,
  `customers_state_code` varchar(32) DEFAULT NULL,
  `customers_country` varchar(64) NOT NULL,
  `customers_country_iso2` char(2) NOT NULL,
  `customers_country_iso3` char(3) NOT NULL,
  `customers_telephone` varchar(32) NOT NULL,
  `customers_email_address` varchar(96) NOT NULL,
  `customers_address_format` varchar(255) NOT NULL,
  `customers_ip_address` varchar(15) DEFAULT NULL,
  `delivery_name` varchar(64) NOT NULL,
  `delivery_company` varchar(32) DEFAULT NULL,
  `delivery_street_address` varchar(64) NOT NULL,
  `delivery_suburb` varchar(32) DEFAULT NULL,
  `delivery_city` varchar(32) NOT NULL,
  `delivery_postcode` varchar(10) NOT NULL,
  `delivery_state` varchar(32) DEFAULT NULL,
  `delivery_zone_id` int(11) NOT NULL,
  `delivery_state_code` varchar(32) DEFAULT NULL,
  `delivery_country_id` int(11) NOT NULL,
  `delivery_country` varchar(64) NOT NULL,
  `delivery_country_iso2` char(2) NOT NULL,
  `delivery_country_iso3` char(3) NOT NULL,
  `delivery_address_format` varchar(255) NOT NULL,
  `delivery_telephone` varchar(32) NOT NULL,
  `billing_name` varchar(64) NOT NULL,
  `billing_company` varchar(32) DEFAULT NULL,
  `billing_street_address` varchar(64) NOT NULL,
  `billing_suburb` varchar(32) DEFAULT NULL,
  `billing_city` varchar(32) NOT NULL,
  `billing_postcode` varchar(10) NOT NULL,
  `billing_state` varchar(32) DEFAULT NULL,
  `billing_zone_id` int(11) NOT NULL,
  `billing_state_code` varchar(32) DEFAULT NULL,
  `billing_country_id` int(11) NOT NULL,
  `billing_country` varchar(64) NOT NULL,
  `billing_country_iso2` char(2) NOT NULL,
  `billing_country_iso3` char(3) NOT NULL,
  `billing_address_format` varchar(255) NOT NULL,
  `billing_telephone` varchar(32) NOT NULL,
  `payment_method` varchar(255) NOT NULL,
  `payment_module` varchar(255) NOT NULL,
  `uses_store_credit` tinyint(1) NOT NULL,
  `store_credit_amount` decimal(15,4) NOT NULL,
  `last_modified` datetime DEFAULT NULL,
  `date_purchased` datetime DEFAULT NULL,
  `orders_status` int(5) NOT NULL,
  `customers_comment` text,
  `admin_comment` text,
  `orders_date_finished` datetime DEFAULT NULL,
  `currency` char(3) DEFAULT NULL,
  `currency_value` decimal(14,6) DEFAULT NULL,
  `invoice_date` datetime DEFAULT NULL,
  `tracking_no` varchar(64) DEFAULT NULL,
  `gift_wrapping` tinyint(1) NOT NULL,
  `wrapping_message` text NOT NULL,
  PRIMARY KEY (`orders_id`)
) ENGINE=MyISAM  DEFAULT CHARSET=utf8 AUTO_INCREMENT=27 ;

--
-- 转存表中的数据 `toc_orders`
--

INSERT INTO `toc_orders` (`orders_id`, `invoice_number`, `customers_id`, `customers_name`, `customers_company`, `customers_street_address`, `customers_suburb`, `customers_city`, `customers_postcode`, `customers_state`, `customers_state_code`, `customers_country`, `customers_country_iso2`, `customers_country_iso3`, `customers_telephone`, `customers_email_address`, `customers_address_format`, `customers_ip_address`, `delivery_name`, `delivery_company`, `delivery_street_address`, `delivery_suburb`, `delivery_city`, `delivery_postcode`, `delivery_state`, `delivery_zone_id`, `delivery_state_code`, `delivery_country_id`, `delivery_country`, `delivery_country_iso2`, `delivery_country_iso3`, `delivery_address_format`, `delivery_telephone`, `billing_name`, `billing_company`, `billing_street_address`, `billing_suburb`, `billing_city`, `billing_postcode`, `billing_state`, `billing_zone_id`, `billing_state_code`, `billing_country_id`, `billing_country`, `billing_country_iso2`, `billing_country_iso3`, `billing_address_format`, `billing_telephone`, `payment_method`, `payment_module`, `uses_store_credit`, `store_credit_amount`, `last_modified`, `date_purchased`, `orders_status`, `customers_comment`, `admin_comment`, `orders_date_finished`, `currency`, `currency_value`, `invoice_date`, `tracking_no`, `gift_wrapping`, `wrapping_message`) VALUES
(26, NULL, 18, 'jack yin', '', '', '', '', '', '', '', '', '', '', '', 'jack.yin@tomatocart.com', '', '127.0.0.1', 'jack yin', 'elootec', 'qingyang', '', 'wuxi', '215500', 'Cəlilabab', 4022, 'CAL', 223, 'United States of America', 'US', 'USA', ':name\n:street_address\n:city :state_code :postcode\n:country', '1212312321', 'jack yin', 'elootec', 'qingyang', '', 'wuxi', '215500', 'Cəlilabab', 4022, 'CAL', 223, 'United States of America', 'US', 'USA', ':name\n:street_address\n:city :state_code :postcode\n:country', '1212312321', 'Cash on Delivery', 'cod', 0, 0.0000, NULL, NULL, 1, NULL, NULL, NULL, 'USD', 1.000000, NULL, NULL, 0, '');

-- --------------------------------------------------------

--
-- 表的结构 `toc_orders_products`
--

CREATE TABLE IF NOT EXISTS `toc_orders_products` (
  `orders_products_id` int(11) NOT NULL AUTO_INCREMENT,
  `orders_id` int(11) NOT NULL,
  `products_id` int(11) NOT NULL,
  `products_type` int(4) NOT NULL DEFAULT '0',
  `products_sku` varchar(64) DEFAULT NULL,
  `products_name` varchar(255) NOT NULL,
  `products_price` decimal(15,4) NOT NULL,
  `final_price` decimal(15,4) NOT NULL,
  `products_tax` decimal(7,4) NOT NULL,
  `products_quantity` int(2) NOT NULL,
  `products_return_quantity` int(2) NOT NULL,
  PRIMARY KEY (`orders_products_id`)
) ENGINE=MyISAM  DEFAULT CHARSET=utf8 AUTO_INCREMENT=15 ;

--
-- 转存表中的数据 `toc_orders_products`
--

INSERT INTO `toc_orders_products` (`orders_products_id`, `orders_id`, `products_id`, `products_type`, `products_sku`, `products_name`, `products_price`, `final_price`, `products_tax`, `products_quantity`, `products_return_quantity`) VALUES
(14, 26, 1, 0, 'DELL-XPS-SKU', 'Dell XPS 630', 799.0000, 799.0000, 0.0000, 1, 0);

-- --------------------------------------------------------

--
-- 表的结构 `toc_orders_products_customizations`
--

CREATE TABLE IF NOT EXISTS `toc_orders_products_customizations` (
  `orders_products_customizations_id` int(11) NOT NULL AUTO_INCREMENT,
  `orders_id` int(11) NOT NULL,
  `orders_products_id` int(11) NOT NULL,
  `quantity` int(11) NOT NULL,
  PRIMARY KEY (`orders_products_customizations_id`)
) ENGINE=MyISAM DEFAULT CHARSET=utf8 AUTO_INCREMENT=1 ;

--
-- 转存表中的数据 `toc_orders_products_customizations`
--


-- --------------------------------------------------------

--
-- 表的结构 `toc_orders_products_customizations_values`
--

CREATE TABLE IF NOT EXISTS `toc_orders_products_customizations_values` (
  `orders_products_customizations_values_id` int(11) NOT NULL AUTO_INCREMENT,
  `orders_products_customizations_id` int(11) NOT NULL,
  `customization_fields_id` int(11) NOT NULL,
  `customization_fields_name` varchar(64) NOT NULL,
  `customization_fields_type` tinyint(1) NOT NULL,
  `customization_fields_value` varchar(255) NOT NULL,
  `cache_file_name` varchar(255) DEFAULT NULL,
  PRIMARY KEY (`orders_products_customizations_values_id`)
) ENGINE=MyISAM DEFAULT CHARSET=utf8 AUTO_INCREMENT=1 ;

--
-- 转存表中的数据 `toc_orders_products_customizations_values`
--


-- --------------------------------------------------------

--
-- 表的结构 `toc_orders_products_download`
--

CREATE TABLE IF NOT EXISTS `toc_orders_products_download` (
  `orders_products_download_id` int(11) NOT NULL AUTO_INCREMENT,
  `orders_id` int(11) NOT NULL,
  `orders_products_id` int(11) NOT NULL,
  `orders_products_filename` varchar(255) NOT NULL,
  `orders_products_cache_filename` varchar(255) NOT NULL,
  `download_maxdays` int(2) NOT NULL,
  `download_count` int(2) NOT NULL,
  `status` tinyint(1) NOT NULL,
  PRIMARY KEY (`orders_products_download_id`)
) ENGINE=MyISAM DEFAULT CHARSET=utf8 AUTO_INCREMENT=1 ;

--
-- 转存表中的数据 `toc_orders_products_download`
--


-- --------------------------------------------------------

--
-- 表的结构 `toc_orders_products_variants`
--

CREATE TABLE IF NOT EXISTS `toc_orders_products_variants` (
  `orders_products_variants_id` int(11) NOT NULL AUTO_INCREMENT,
  `orders_id` int(11) NOT NULL,
  `orders_products_id` int(11) NOT NULL,
  `products_variants_groups_id` int(11) NOT NULL,
  `products_variants_groups` varchar(32) NOT NULL,
  `products_variants_values_id` int(11) NOT NULL,
  `products_variants_values` varchar(32) NOT NULL,
  PRIMARY KEY (`orders_products_variants_id`)
) ENGINE=MyISAM  DEFAULT CHARSET=utf8 AUTO_INCREMENT=5 ;

--
-- 转存表中的数据 `toc_orders_products_variants`
--

INSERT INTO `toc_orders_products_variants` (`orders_products_variants_id`, `orders_id`, `orders_products_id`, `products_variants_groups_id`, `products_variants_groups`, `products_variants_values_id`, `products_variants_values`) VALUES
(1, 25, 12, 1, 'Color', 2, 'Yellow'),
(2, 25, 12, 2, 'Size', 5, 'L'),
(3, 25, 13, 1, 'Color', 1, 'Black'),
(4, 25, 13, 2, 'Size', 4, 'S');

-- --------------------------------------------------------

--
-- 表的结构 `toc_orders_refunds`
--

CREATE TABLE IF NOT EXISTS `toc_orders_refunds` (
  `orders_refunds_id` int(11) NOT NULL AUTO_INCREMENT,
  `orders_refunds_type` tinyint(1) NOT NULL,
  `orders_id` int(11) NOT NULL,
  `credit_slips_id` int(11) DEFAULT NULL,
  `sub_total` decimal(15,4) NOT NULL,
  `shipping` decimal(15,4) NOT NULL,
  `handling` decimal(15,4) NOT NULL,
  `refund_total` decimal(15,4) NOT NULL,
  `comments` text NOT NULL,
  `date_added` datetime NOT NULL,
  PRIMARY KEY (`orders_refunds_id`)
) ENGINE=MyISAM DEFAULT CHARSET=utf8 AUTO_INCREMENT=1 ;

--
-- 转存表中的数据 `toc_orders_refunds`
--


-- --------------------------------------------------------

--
-- 表的结构 `toc_orders_refunds_products`
--

CREATE TABLE IF NOT EXISTS `toc_orders_refunds_products` (
  `orders_refunds_products_id` int(11) NOT NULL AUTO_INCREMENT,
  `orders_refunds_id` int(11) NOT NULL,
  `orders_products_id` int(11) NOT NULL,
  `products_quantity` int(11) NOT NULL,
  PRIMARY KEY (`orders_refunds_products_id`)
) ENGINE=MyISAM DEFAULT CHARSET=utf8 AUTO_INCREMENT=1 ;

--
-- 转存表中的数据 `toc_orders_refunds_products`
--


-- --------------------------------------------------------

--
-- 表的结构 `toc_orders_returns`
--

CREATE TABLE IF NOT EXISTS `toc_orders_returns` (
  `orders_returns_id` int(11) NOT NULL AUTO_INCREMENT,
  `orders_id` int(11) NOT NULL,
  `orders_returns_status_id` int(5) NOT NULL,
  `customers_comments` text,
  `admin_comments` text,
  `date_added` datetime NOT NULL,
  `date_updated` datetime DEFAULT NULL,
  PRIMARY KEY (`orders_returns_id`)
) ENGINE=MyISAM DEFAULT CHARSET=utf8 AUTO_INCREMENT=1 ;

--
-- 转存表中的数据 `toc_orders_returns`
--


-- --------------------------------------------------------

--
-- 表的结构 `toc_orders_returns_products`
--

CREATE TABLE IF NOT EXISTS `toc_orders_returns_products` (
  `orders_returns_id` int(11) NOT NULL,
  `orders_products_id` int(11) NOT NULL,
  `products_quantity` int(11) NOT NULL,
  PRIMARY KEY (`orders_returns_id`,`orders_products_id`)
) ENGINE=MyISAM DEFAULT CHARSET=utf8;

--
-- 转存表中的数据 `toc_orders_returns_products`
--


-- --------------------------------------------------------

--
-- 表的结构 `toc_orders_returns_status`
--

CREATE TABLE IF NOT EXISTS `toc_orders_returns_status` (
  `orders_returns_status_id` int(11) NOT NULL AUTO_INCREMENT,
  `languages_id` int(11) NOT NULL,
  `orders_returns_status_name` varchar(100) NOT NULL,
  PRIMARY KEY (`orders_returns_status_id`,`languages_id`)
) ENGINE=MyISAM  DEFAULT CHARSET=utf8 AUTO_INCREMENT=8 ;

--
-- 转存表中的数据 `toc_orders_returns_status`
--

INSERT INTO `toc_orders_returns_status` (`orders_returns_status_id`, `languages_id`, `orders_returns_status_name`) VALUES
(1, 1, 'Pending'),
(2, 1, 'Confirmed'),
(3, 1, 'Received'),
(4, 1, 'Return Authorized'),
(5, 1, 'Return Refunded(Credit Slip)'),
(6, 1, 'Return Refunded(Store Credit)'),
(7, 1, 'Return Rejected');

-- --------------------------------------------------------

--
-- 表的结构 `toc_orders_status`
--

CREATE TABLE IF NOT EXISTS `toc_orders_status` (
  `orders_status_id` int(11) NOT NULL DEFAULT '0',
  `language_id` int(11) NOT NULL DEFAULT '1',
  `orders_status_name` varchar(32) NOT NULL,
  `public_flag` tinyint(1) NOT NULL DEFAULT '1',
  `downloads_flag` tinyint(1) NOT NULL DEFAULT '0',
  `returns_flag` tinyint(1) NOT NULL DEFAULT '0',
  `gift_certificates_flag` tinyint(1) NOT NULL DEFAULT '0',
  PRIMARY KEY (`orders_status_id`,`language_id`),
  KEY `idx_orders_status_name` (`orders_status_name`)
) ENGINE=MyISAM DEFAULT CHARSET=utf8;

--
-- 转存表中的数据 `toc_orders_status`
--

INSERT INTO `toc_orders_status` (`orders_status_id`, `language_id`, `orders_status_name`, `public_flag`, `downloads_flag`, `returns_flag`, `gift_certificates_flag`) VALUES
(1, 1, 'Pending', 1, 0, 0, 0),
(2, 1, 'Processing', 1, 0, 0, 0),
(3, 1, 'Preparing', 1, 0, 0, 0),
(4, 1, 'Partly Paid', 1, 0, 0, 0),
(5, 1, 'Paid', 1, 1, 0, 1),
(6, 1, 'Partly Delivered', 1, 1, 1, 1),
(7, 1, 'Delivered', 1, 1, 1, 1),
(8, 1, 'Cancelled', 1, 0, 0, 0);

-- --------------------------------------------------------

--
-- 表的结构 `toc_orders_status_history`
--

CREATE TABLE IF NOT EXISTS `toc_orders_status_history` (
  `orders_status_history_id` int(11) NOT NULL AUTO_INCREMENT,
  `orders_id` int(11) NOT NULL,
  `orders_status_id` int(5) NOT NULL,
  `date_added` datetime NOT NULL,
  `customer_notified` int(1) DEFAULT '0',
  `comments` text CHARACTER SET utf8 COLLATE utf8_unicode_ci,
  PRIMARY KEY (`orders_status_history_id`)
) ENGINE=MyISAM  DEFAULT CHARSET=utf8 AUTO_INCREMENT=19 ;

--
-- 转存表中的数据 `toc_orders_status_history`
--

INSERT INTO `toc_orders_status_history` (`orders_status_history_id`, `orders_id`, `orders_status_id`, `date_added`, `customer_notified`, `comments`) VALUES
(1, 3, 0, '0000-00-00 00:00:00', 0, '0'),
(2, 4, 0, '0000-00-00 00:00:00', 0, '0'),
(3, 5, 0, '0000-00-00 00:00:00', 0, '0'),
(4, 6, 0, '0000-00-00 00:00:00', 0, '0'),
(5, 14, 0, '0000-00-00 00:00:00', 0, '0'),
(6, 15, 0, '0000-00-00 00:00:00', 0, '0'),
(7, 16, 0, '0000-00-00 00:00:00', 0, '0'),
(8, 17, 0, '0000-00-00 00:00:00', 0, '0'),
(9, 18, 0, '0000-00-00 00:00:00', 0, '0'),
(10, 19, 0, '0000-00-00 00:00:00', 0, '0'),
(11, 20, 0, '0000-00-00 00:00:00', 0, '0'),
(12, 21, 0, '0000-00-00 00:00:00', 0, '0'),
(13, 22, 0, '0000-00-00 00:00:00', 0, '0'),
(14, 23, 0, '0000-00-00 00:00:00', 0, '0'),
(15, 24, 0, '0000-00-00 00:00:00', 0, NULL),
(16, 25, 0, '0000-00-00 00:00:00', 0, NULL),
(18, 26, 1, '0000-00-00 00:00:00', 0, NULL);

-- --------------------------------------------------------

--
-- 表的结构 `toc_orders_total`
--

CREATE TABLE IF NOT EXISTS `toc_orders_total` (
  `orders_total_id` int(10) unsigned NOT NULL AUTO_INCREMENT,
  `orders_id` int(11) NOT NULL,
  `title` varchar(255) NOT NULL,
  `text` varchar(255) NOT NULL,
  `value` decimal(15,4) NOT NULL,
  `class` varchar(32) NOT NULL,
  `sort_order` int(11) NOT NULL,
  PRIMARY KEY (`orders_total_id`),
  KEY `idx_orders_total_orders_id` (`orders_id`)
) ENGINE=MyISAM  DEFAULT CHARSET=utf8 AUTO_INCREMENT=43 ;

--
-- 转存表中的数据 `toc_orders_total`
--

INSERT INTO `toc_orders_total` (`orders_total_id`, `orders_id`, `title`, `text`, `value`, `class`, `sort_order`) VALUES
(41, 26, 'Per Item (Best Way):', '$2.50', 2.5000, 'shipping-item_item', 20),
(42, 26, 'Total:', '<b>$801.50</b>', 801.5000, 'total', 80),
(40, 26, 'Sub-Total:', '$799.00', 799.0000, 'sub_total', 10);

-- --------------------------------------------------------

--
-- 表的结构 `toc_orders_transactions_history`
--

CREATE TABLE IF NOT EXISTS `toc_orders_transactions_history` (
  `id` int(10) unsigned NOT NULL AUTO_INCREMENT,
  `orders_id` int(10) unsigned NOT NULL,
  `transaction_code` int(11) NOT NULL,
  `transaction_return_value` text NOT NULL,
  `transaction_return_status` int(11) NOT NULL,
  `date_added` datetime DEFAULT NULL,
  PRIMARY KEY (`id`),
  KEY `idx_orders_transactions_history_orders_id` (`orders_id`)
) ENGINE=MyISAM DEFAULT CHARSET=utf8 AUTO_INCREMENT=1 ;

--
-- 转存表中的数据 `toc_orders_transactions_history`
--


-- --------------------------------------------------------

--
-- 表的结构 `toc_orders_transactions_status`
--

CREATE TABLE IF NOT EXISTS `toc_orders_transactions_status` (
  `id` int(10) unsigned NOT NULL,
  `language_id` int(10) unsigned NOT NULL,
  `status_name` varchar(32) NOT NULL,
  PRIMARY KEY (`id`,`language_id`),
  KEY `idx_orders_transactions_status_name` (`status_name`)
) ENGINE=MyISAM DEFAULT CHARSET=utf8;

--
-- 转存表中的数据 `toc_orders_transactions_status`
--

INSERT INTO `toc_orders_transactions_status` (`id`, `language_id`, `status_name`) VALUES
(1, 1, 'Authorize'),
(2, 1, 'Cancel'),
(3, 1, 'Approve'),
(4, 1, 'Inquiry');

-- --------------------------------------------------------

--
-- 表的结构 `toc_piwik_access`
--

CREATE TABLE IF NOT EXISTS `toc_piwik_access` (
  `login` varchar(100) NOT NULL,
  `idsite` int(10) unsigned NOT NULL,
  `access` varchar(10) DEFAULT NULL,
  PRIMARY KEY (`login`,`idsite`)
) ENGINE=MyISAM DEFAULT CHARSET=utf8;

--
-- 转存表中的数据 `toc_piwik_access`
--

INSERT INTO `toc_piwik_access` (`login`, `idsite`, `access`) VALUES
('toc_piwik_view', 1, 'view');

-- --------------------------------------------------------

--
-- 表的结构 `toc_piwik_goal`
--

CREATE TABLE IF NOT EXISTS `toc_piwik_goal` (
  `idsite` int(11) NOT NULL,
  `idgoal` int(11) NOT NULL,
  `name` varchar(50) NOT NULL,
  `match_attribute` varchar(20) NOT NULL,
  `pattern` varchar(255) NOT NULL,
  `pattern_type` varchar(10) NOT NULL,
  `case_sensitive` tinyint(4) NOT NULL,
  `revenue` float NOT NULL,
  `deleted` tinyint(4) NOT NULL DEFAULT '0',
  PRIMARY KEY (`idsite`,`idgoal`)
) ENGINE=MyISAM DEFAULT CHARSET=utf8;

--
-- 转存表中的数据 `toc_piwik_goal`
--


-- --------------------------------------------------------

--
-- 表的结构 `toc_piwik_logger_api_call`
--

CREATE TABLE IF NOT EXISTS `toc_piwik_logger_api_call` (
  `idlogger_api_call` int(10) unsigned NOT NULL AUTO_INCREMENT,
  `class_name` varchar(255) DEFAULT NULL,
  `method_name` varchar(255) DEFAULT NULL,
  `parameter_names_default_values` text,
  `parameter_values` text,
  `execution_time` float DEFAULT NULL,
  `caller_ip` bigint(20) unsigned DEFAULT NULL,
  `timestamp` timestamp NULL DEFAULT NULL,
  `returned_value` text,
  PRIMARY KEY (`idlogger_api_call`)
) ENGINE=MyISAM DEFAULT CHARSET=utf8 AUTO_INCREMENT=1 ;

--
-- 转存表中的数据 `toc_piwik_logger_api_call`
--


-- --------------------------------------------------------

--
-- 表的结构 `toc_piwik_logger_error`
--

CREATE TABLE IF NOT EXISTS `toc_piwik_logger_error` (
  `idlogger_error` int(10) unsigned NOT NULL AUTO_INCREMENT,
  `timestamp` timestamp NULL DEFAULT NULL,
  `message` text,
  `errno` int(10) unsigned DEFAULT NULL,
  `errline` int(10) unsigned DEFAULT NULL,
  `errfile` varchar(255) DEFAULT NULL,
  `backtrace` text,
  PRIMARY KEY (`idlogger_error`)
) ENGINE=MyISAM DEFAULT CHARSET=utf8 AUTO_INCREMENT=1 ;

--
-- 转存表中的数据 `toc_piwik_logger_error`
--


-- --------------------------------------------------------

--
-- 表的结构 `toc_piwik_logger_exception`
--

CREATE TABLE IF NOT EXISTS `toc_piwik_logger_exception` (
  `idlogger_exception` int(10) unsigned NOT NULL AUTO_INCREMENT,
  `timestamp` timestamp NULL DEFAULT NULL,
  `message` text,
  `errno` int(10) unsigned DEFAULT NULL,
  `errline` int(10) unsigned DEFAULT NULL,
  `errfile` varchar(255) DEFAULT NULL,
  `backtrace` text,
  PRIMARY KEY (`idlogger_exception`)
) ENGINE=MyISAM DEFAULT CHARSET=utf8 AUTO_INCREMENT=1 ;

--
-- 转存表中的数据 `toc_piwik_logger_exception`
--


-- --------------------------------------------------------

--
-- 表的结构 `toc_piwik_logger_message`
--

CREATE TABLE IF NOT EXISTS `toc_piwik_logger_message` (
  `idlogger_message` int(10) unsigned NOT NULL AUTO_INCREMENT,
  `timestamp` timestamp NULL DEFAULT NULL,
  `message` text,
  PRIMARY KEY (`idlogger_message`)
) ENGINE=MyISAM DEFAULT CHARSET=utf8 AUTO_INCREMENT=1 ;

--
-- 转存表中的数据 `toc_piwik_logger_message`
--


-- --------------------------------------------------------

--
-- 表的结构 `toc_piwik_log_action`
--

CREATE TABLE IF NOT EXISTS `toc_piwik_log_action` (
  `idaction` int(10) unsigned NOT NULL AUTO_INCREMENT,
  `name` text,
  `hash` int(10) unsigned NOT NULL,
  `type` tinyint(3) unsigned DEFAULT NULL,
  PRIMARY KEY (`idaction`),
  KEY `index_type_hash` (`type`,`hash`)
) ENGINE=MyISAM DEFAULT CHARSET=utf8 AUTO_INCREMENT=1 ;

--
-- 转存表中的数据 `toc_piwik_log_action`
--


-- --------------------------------------------------------

--
-- 表的结构 `toc_piwik_log_conversion`
--

CREATE TABLE IF NOT EXISTS `toc_piwik_log_conversion` (
  `idvisit` int(10) unsigned NOT NULL,
  `idsite` int(10) unsigned NOT NULL,
  `visitor_idcookie` char(32) NOT NULL,
  `server_time` datetime NOT NULL,
  `visit_server_date` date NOT NULL,
  `idaction_url` int(11) DEFAULT NULL,
  `idlink_va` int(11) DEFAULT NULL,
  `referer_idvisit` int(10) unsigned DEFAULT NULL,
  `referer_visit_server_date` date DEFAULT NULL,
  `referer_type` int(10) unsigned DEFAULT NULL,
  `referer_name` varchar(70) DEFAULT NULL,
  `referer_keyword` varchar(255) DEFAULT NULL,
  `visitor_returning` tinyint(1) NOT NULL,
  `location_country` char(3) NOT NULL,
  `location_continent` char(3) NOT NULL,
  `url` text NOT NULL,
  `idgoal` int(10) unsigned NOT NULL,
  `revenue` float DEFAULT NULL,
  PRIMARY KEY (`idvisit`,`idgoal`),
  KEY `index_idsite_date` (`idsite`,`visit_server_date`)
) ENGINE=MyISAM DEFAULT CHARSET=utf8;

--
-- 转存表中的数据 `toc_piwik_log_conversion`
--


-- --------------------------------------------------------

--
-- 表的结构 `toc_piwik_log_link_visit_action`
--

CREATE TABLE IF NOT EXISTS `toc_piwik_log_link_visit_action` (
  `idlink_va` int(11) NOT NULL AUTO_INCREMENT,
  `idvisit` int(10) unsigned NOT NULL,
  `idaction_url` int(10) unsigned NOT NULL,
  `idaction_url_ref` int(10) unsigned NOT NULL,
  `idaction_name` int(10) unsigned DEFAULT NULL,
  `time_spent_ref_action` int(10) unsigned NOT NULL,
  PRIMARY KEY (`idlink_va`),
  KEY `index_idvisit` (`idvisit`)
) ENGINE=MyISAM DEFAULT CHARSET=utf8 AUTO_INCREMENT=1 ;

--
-- 转存表中的数据 `toc_piwik_log_link_visit_action`
--


-- --------------------------------------------------------

--
-- 表的结构 `toc_piwik_log_profiling`
--

CREATE TABLE IF NOT EXISTS `toc_piwik_log_profiling` (
  `query` text NOT NULL,
  `count` int(10) unsigned DEFAULT NULL,
  `sum_time_ms` float DEFAULT NULL,
  UNIQUE KEY `query` (`query`(100))
) ENGINE=MyISAM DEFAULT CHARSET=utf8;

--
-- 转存表中的数据 `toc_piwik_log_profiling`
--


-- --------------------------------------------------------

--
-- 表的结构 `toc_piwik_log_visit`
--

CREATE TABLE IF NOT EXISTS `toc_piwik_log_visit` (
  `idvisit` int(10) unsigned NOT NULL AUTO_INCREMENT,
  `idsite` int(10) unsigned NOT NULL,
  `visitor_localtime` time NOT NULL,
  `visitor_idcookie` char(32) NOT NULL,
  `visitor_returning` tinyint(1) NOT NULL,
  `visit_first_action_time` datetime NOT NULL,
  `visit_last_action_time` datetime NOT NULL,
  `visit_server_date` date NOT NULL,
  `visit_exit_idaction_url` int(11) NOT NULL,
  `visit_entry_idaction_url` int(11) NOT NULL,
  `visit_total_actions` smallint(5) unsigned NOT NULL,
  `visit_total_time` smallint(5) unsigned NOT NULL,
  `visit_goal_converted` tinyint(1) NOT NULL,
  `referer_type` int(10) unsigned DEFAULT NULL,
  `referer_name` varchar(70) DEFAULT NULL,
  `referer_url` text NOT NULL,
  `referer_keyword` varchar(255) DEFAULT NULL,
  `config_md5config` char(32) NOT NULL,
  `config_os` char(3) NOT NULL,
  `config_browser_name` varchar(10) NOT NULL,
  `config_browser_version` varchar(20) NOT NULL,
  `config_resolution` varchar(9) NOT NULL,
  `config_pdf` tinyint(1) NOT NULL,
  `config_flash` tinyint(1) NOT NULL,
  `config_java` tinyint(1) NOT NULL,
  `config_director` tinyint(1) NOT NULL,
  `config_quicktime` tinyint(1) NOT NULL,
  `config_realplayer` tinyint(1) NOT NULL,
  `config_windowsmedia` tinyint(1) NOT NULL,
  `config_gears` tinyint(1) NOT NULL,
  `config_silverlight` tinyint(1) NOT NULL,
  `config_cookie` tinyint(1) NOT NULL,
  `location_ip` bigint(20) unsigned NOT NULL,
  `location_browser_lang` varchar(20) NOT NULL,
  `location_country` char(3) NOT NULL,
  `location_continent` char(3) NOT NULL,
  `location_provider` varchar(100) DEFAULT NULL,
  PRIMARY KEY (`idvisit`),
  KEY `index_idsite_date_config` (`idsite`,`visit_server_date`,`config_md5config`(8))
) ENGINE=MyISAM DEFAULT CHARSET=utf8 AUTO_INCREMENT=1 ;

--
-- 转存表中的数据 `toc_piwik_log_visit`
--


-- --------------------------------------------------------

--
-- 表的结构 `toc_piwik_option`
--

CREATE TABLE IF NOT EXISTS `toc_piwik_option` (
  `option_name` varchar(64) NOT NULL,
  `option_value` longtext NOT NULL,
  `autoload` tinyint(4) NOT NULL DEFAULT '1',
  PRIMARY KEY (`option_name`)
) ENGINE=MyISAM DEFAULT CHARSET=utf8;

--
-- 转存表中的数据 `toc_piwik_option`
--

INSERT INTO `toc_piwik_option` (`option_name`, `option_value`, `autoload`) VALUES
('version_core', '0.5.5', 1),
('version_CoreAdminHome', '0.5.5', 1),
('version_Login', '0.5.5', 1),
('version_UsersManager', '0.5.5', 1),
('version_SitesManager', '0.5.5', 1),
('version_Installation', '0.5.5', 1),
('UpdateCheck_LatestVersion', '0.5.5', 0),
('UpdateCheck_LastTimeChecked', '1270923263', 1),
('version_CorePluginsAdmin', '0.5.5', 1),
('version_CoreHome', '0.5.5', 1),
('version_API', '0.5.5', 1),
('version_Widgetize', '0.5.5', 1),
('version_LanguagesManager', '0.5.5', 1),
('version_Actions', '0.5.5', 1),
('version_Dashboard', '0.5.5', 1),
('version_MultiSites', '0.5.5', 1),
('version_Referers', '0.5.5', 1),
('version_UserSettings', '0.5.5', 1),
('version_UserCountry', '0.5.5', 1),
('version_VisitsSummary', '0.5.5', 1),
('version_VisitFrequency', '0.5.5', 1),
('version_VisitTime', '0.5.5', 1),
('version_VisitorInterest', '0.5.5', 1),
('version_ExampleAPI', '0.1', 1),
('version_ExamplePlugin', '0.1', 1),
('version_ExampleRssWidget', '0.1', 1),
('version_ExampleFeedburner', '0.1', 1),
('version_Provider', '0.5.5', 1),
('version_Feedback', '0.5.5', 1),
('version_CoreUpdater', '0.5.5', 1);

-- --------------------------------------------------------

--
-- 表的结构 `toc_piwik_site`
--

CREATE TABLE IF NOT EXISTS `toc_piwik_site` (
  `idsite` int(10) unsigned NOT NULL AUTO_INCREMENT,
  `name` varchar(90) NOT NULL,
  `main_url` varchar(255) NOT NULL,
  `ts_created` timestamp NOT NULL DEFAULT CURRENT_TIMESTAMP,
  `feedburnerName` varchar(100) DEFAULT NULL,
  PRIMARY KEY (`idsite`)
) ENGINE=MyISAM  DEFAULT CHARSET=utf8 AUTO_INCREMENT=2 ;

--
-- 转存表中的数据 `toc_piwik_site`
--

INSERT INTO `toc_piwik_site` (`idsite`, `name`, `main_url`, `ts_created`, `feedburnerName`) VALUES
(1, 'TomatoCart Demo Store', 'http://toctnk.me', '2011-08-31 09:17:09', NULL);

-- --------------------------------------------------------

--
-- 表的结构 `toc_piwik_site_url`
--

CREATE TABLE IF NOT EXISTS `toc_piwik_site_url` (
  `idsite` int(10) unsigned NOT NULL,
  `url` varchar(255) NOT NULL,
  PRIMARY KEY (`idsite`,`url`)
) ENGINE=MyISAM DEFAULT CHARSET=utf8;

--
-- 转存表中的数据 `toc_piwik_site_url`
--


-- --------------------------------------------------------

--
-- 表的结构 `toc_piwik_user`
--

CREATE TABLE IF NOT EXISTS `toc_piwik_user` (
  `login` varchar(100) NOT NULL,
  `password` char(32) NOT NULL,
  `alias` varchar(45) NOT NULL,
  `email` varchar(100) NOT NULL,
  `token_auth` char(32) NOT NULL,
  `date_registered` timestamp NOT NULL DEFAULT CURRENT_TIMESTAMP,
  PRIMARY KEY (`login`),
  UNIQUE KEY `uniq_keytoken` (`token_auth`)
) ENGINE=MyISAM DEFAULT CHARSET=utf8;

--
-- 转存表中的数据 `toc_piwik_user`
--

INSERT INTO `toc_piwik_user` (`login`, `password`, `alias`, `email`, `token_auth`, `date_registered`) VALUES
('toc_piwik_view', '21232f297a57a5a743894a0e4a801fc3', 'toc_piwik_view', 'info@tomatocart.com', '9076020e6e77cec705c1375e6168724a', '2011-08-31 09:17:09');

-- --------------------------------------------------------

--
-- 表的结构 `toc_piwik_user_dashboard`
--

CREATE TABLE IF NOT EXISTS `toc_piwik_user_dashboard` (
  `login` varchar(100) NOT NULL,
  `iddashboard` int(11) NOT NULL,
  `layout` text NOT NULL,
  PRIMARY KEY (`login`,`iddashboard`)
) ENGINE=MyISAM DEFAULT CHARSET=utf8;

--
-- 转存表中的数据 `toc_piwik_user_dashboard`
--


-- --------------------------------------------------------

--
-- 表的结构 `toc_piwik_user_language`
--

CREATE TABLE IF NOT EXISTS `toc_piwik_user_language` (
  `login` varchar(100) NOT NULL,
  `language` varchar(10) NOT NULL,
  PRIMARY KEY (`login`)
) ENGINE=MyISAM DEFAULT CHARSET=utf8;

--
-- 转存表中的数据 `toc_piwik_user_language`
--


-- --------------------------------------------------------

--
-- 表的结构 `toc_polls`
--

CREATE TABLE IF NOT EXISTS `toc_polls` (
  `polls_id` int(11) NOT NULL AUTO_INCREMENT,
  `polls_type` tinyint(1) NOT NULL,
  `polls_status` tinyint(1) NOT NULL,
  `votes_count` int(11) NOT NULL DEFAULT '0',
  `date_added` datetime NOT NULL,
  PRIMARY KEY (`polls_id`)
) ENGINE=MyISAM DEFAULT CHARSET=utf8 AUTO_INCREMENT=1 ;

--
-- 转存表中的数据 `toc_polls`
--


-- --------------------------------------------------------

--
-- 表的结构 `toc_polls_answers`
--

CREATE TABLE IF NOT EXISTS `toc_polls_answers` (
  `polls_answers_id` int(11) NOT NULL AUTO_INCREMENT,
  `polls_id` int(10) NOT NULL,
  `votes_count` int(10) NOT NULL DEFAULT '0',
  `sort_order` int(11) NOT NULL,
  PRIMARY KEY (`polls_answers_id`)
) ENGINE=MyISAM DEFAULT CHARSET=utf8 AUTO_INCREMENT=1 ;

--
-- 转存表中的数据 `toc_polls_answers`
--


-- --------------------------------------------------------

--
-- 表的结构 `toc_polls_answers_description`
--

CREATE TABLE IF NOT EXISTS `toc_polls_answers_description` (
  `polls_answers_id` int(11) NOT NULL,
  `languages_id` int(11) NOT NULL,
  `answers_title` varchar(255) NOT NULL,
  PRIMARY KEY (`polls_answers_id`,`languages_id`)
) ENGINE=MyISAM DEFAULT CHARSET=utf8;

--
-- 转存表中的数据 `toc_polls_answers_description`
--


-- --------------------------------------------------------

--
-- 表的结构 `toc_polls_description`
--

CREATE TABLE IF NOT EXISTS `toc_polls_description` (
  `polls_id` int(11) NOT NULL,
  `polls_title` varchar(255) NOT NULL,
  `languages_id` int(11) NOT NULL,
  PRIMARY KEY (`polls_id`,`languages_id`)
) ENGINE=MyISAM DEFAULT CHARSET=utf8;

--
-- 转存表中的数据 `toc_polls_description`
--


-- --------------------------------------------------------

--
-- 表的结构 `toc_polls_votes`
--

CREATE TABLE IF NOT EXISTS `toc_polls_votes` (
  `polls_votes_id` int(11) NOT NULL AUTO_INCREMENT,
  `polls_id` int(11) NOT NULL,
  `polls_answers_id` int(11) NOT NULL,
  `customers_id` int(11) DEFAULT NULL,
  `date_voted` datetime NOT NULL,
  `customers_ip_address` varchar(32) NOT NULL,
  PRIMARY KEY (`polls_votes_id`)
) ENGINE=MyISAM DEFAULT CHARSET=utf8 AUTO_INCREMENT=1 ;

--
-- 转存表中的数据 `toc_polls_votes`
--


-- --------------------------------------------------------

--
-- 表的结构 `toc_products`
--

CREATE TABLE IF NOT EXISTS `toc_products` (
  `products_id` int(11) NOT NULL AUTO_INCREMENT,
  `products_type` int(4) NOT NULL DEFAULT '0',
  `products_quantity` int(4) NOT NULL DEFAULT '1',
  `products_moq` int(11) NOT NULL DEFAULT '1',
  `products_max_order_quantity` int(11) NOT NULL DEFAULT '-1',
  `products_price` decimal(15,4) NOT NULL,
  `products_sku` varchar(64) NOT NULL,
  `products_model` varchar(64) NOT NULL,
  `products_date_added` datetime NOT NULL,
  `products_last_modified` datetime DEFAULT NULL,
  `products_date_available` datetime DEFAULT NULL,
  `products_weight` decimal(5,2) NOT NULL,
  `products_weight_class` int(11) NOT NULL,
  `products_status` tinyint(1) NOT NULL,
  `products_tax_class_id` int(11) NOT NULL,
  `manufacturers_id` int(11) DEFAULT NULL,
  `products_ordered` int(11) NOT NULL DEFAULT '0',
  `quantity_discount_groups_id` int(11) DEFAULT NULL,
  `quantity_unit_class` int(11) NOT NULL,
  `order_increment` int(11) NOT NULL DEFAULT '1',
  `products_attributes_groups_id` int(11) DEFAULT NULL,
  PRIMARY KEY (`products_id`),
  KEY `idx_products_date_added` (`products_date_added`)
) ENGINE=MyISAM  DEFAULT CHARSET=utf8 AUTO_INCREMENT=20 ;

--
-- 转存表中的数据 `toc_products`
--

INSERT INTO `toc_products` (`products_id`, `products_type`, `products_quantity`, `products_moq`, `products_max_order_quantity`, `products_price`, `products_sku`, `products_model`, `products_date_added`, `products_last_modified`, `products_date_available`, `products_weight`, `products_weight_class`, `products_status`, `products_tax_class_id`, `manufacturers_id`, `products_ordered`, `quantity_discount_groups_id`, `quantity_unit_class`, `order_increment`, `products_attributes_groups_id`) VALUES
(1, 0, 10, 1, -1, 799.0000, 'DELL-XPS-SKU', 'DELL-XPS-MODEL', '2011-08-31 09:17:05', NULL, NULL, 10.00, 2, 1, 0, 2, 0, 0, 1, 1, 0),
(2, 0, 10, 1, -1, 599.0000, '', '', '2011-08-31 09:17:05', NULL, NULL, 10.00, 2, 1, 0, 3, 0, 0, 1, 1, NULL),
(3, 0, 10, 1, -1, 849.0000, '', '', '2011-08-31 09:17:05', NULL, NULL, 10.00, 2, 1, 0, 4, 0, 0, 1, 1, NULL),
(4, 0, 10, 1, -1, 1099.0000, '', '', '2011-08-31 09:17:05', NULL, NULL, 10.00, 2, 1, 0, 1, 0, 0, 1, 1, NULL),
(5, 0, 11, 1, -1, 1199.0000, '', '', '2011-08-31 09:17:05', NULL, NULL, 5.00, 2, 1, 0, 1, -1, 0, 1, 1, NULL),
(6, 0, 10, 1, -1, 1299.0000, '', '', '2011-08-31 09:17:05', NULL, NULL, 10.00, 2, 1, 0, 1, 0, 0, 1, 1, NULL),
(7, 0, 10, 1, -1, 1799.0000, '', '', '2011-08-31 09:17:05', NULL, NULL, 10.00, 2, 1, 0, 4, 0, 0, 1, 1, NULL),
(8, 0, 10, 1, -1, 999.0000, '', '', '2011-08-31 09:17:05', NULL, NULL, 10.00, 2, 1, 0, 4, 0, 0, 1, 1, NULL),
(9, 0, 10, 1, -1, 899.0000, '', '', '2011-08-31 09:17:05', NULL, NULL, 10.00, 2, 1, 0, 4, 0, 0, 1, 1, NULL),
(10, 0, 10, 1, -1, 499.0000, '', '', '2011-08-31 09:17:05', NULL, NULL, 10.00, 2, 1, 0, 3, 0, 0, 1, 1, NULL),
(11, 0, 10, 1, -1, 449.0000, '', '', '2011-08-31 09:17:05', NULL, NULL, 10.00, 2, 1, 0, 6, 0, 0, 1, 1, NULL),
(12, 0, 10, 1, -1, 479.0000, '', '', '2011-08-31 09:17:05', NULL, NULL, 10.00, 2, 1, 0, 3, 0, 0, 1, 1, NULL),
(13, 0, 10, 1, -1, 699.0000, '', '', '2011-08-31 09:17:05', NULL, NULL, 10.00, 2, 1, 0, 3, 0, 0, 1, 1, NULL),
(14, 0, 10, 1, -1, 599.0000, '', '', '2011-08-31 09:17:05', NULL, NULL, 10.00, 2, 1, 0, 6, 0, 0, 1, 1, NULL),
(15, 0, 2, 1, -1, 79.0000, '', '', '2011-08-31 09:17:05', '2012-08-26 00:00:00', NULL, 10.00, 2, 1, 0, 1, 0, 2, 1, 1, NULL),
(19, 0, 10, 1, -1, 199.0000, '', '', '2011-08-31 09:17:05', NULL, '2012-07-13 00:00:00', 10.00, 2, 1, 0, 5, 0, 0, 1, 1, NULL);

-- --------------------------------------------------------

--
-- 表的结构 `toc_products_accessories`
--

CREATE TABLE IF NOT EXISTS `toc_products_accessories` (
  `products_id` int(11) NOT NULL,
  `accessories_id` int(11) NOT NULL,
  PRIMARY KEY (`products_id`,`accessories_id`)
) ENGINE=MyISAM DEFAULT CHARSET=utf8;

--
-- 转存表中的数据 `toc_products_accessories`
--

INSERT INTO `toc_products_accessories` (`products_id`, `accessories_id`) VALUES
(15, 3);

-- --------------------------------------------------------

--
-- 表的结构 `toc_products_attachments`
--

CREATE TABLE IF NOT EXISTS `toc_products_attachments` (
  `attachments_id` int(11) NOT NULL AUTO_INCREMENT,
  `filename` varchar(128) NOT NULL,
  `cache_filename` varchar(128) NOT NULL,
  PRIMARY KEY (`attachments_id`)
) ENGINE=MyISAM DEFAULT CHARSET=utf8 AUTO_INCREMENT=1 ;

--
-- 转存表中的数据 `toc_products_attachments`
--


-- --------------------------------------------------------

--
-- 表的结构 `toc_products_attachments_description`
--

CREATE TABLE IF NOT EXISTS `toc_products_attachments_description` (
  `attachments_id` int(11) NOT NULL,
  `languages_id` int(11) NOT NULL DEFAULT '1',
  `attachments_name` varchar(128) NOT NULL,
  `attachments_description` text,
  PRIMARY KEY (`attachments_id`,`languages_id`)
) ENGINE=MyISAM DEFAULT CHARSET=utf8;

--
-- 转存表中的数据 `toc_products_attachments_description`
--


-- --------------------------------------------------------

--
-- 表的结构 `toc_products_attachments_to_products`
--

CREATE TABLE IF NOT EXISTS `toc_products_attachments_to_products` (
  `attachments_id` int(11) NOT NULL,
  `products_id` int(11) NOT NULL,
  PRIMARY KEY (`attachments_id`,`products_id`)
) ENGINE=MyISAM DEFAULT CHARSET=utf8;

--
-- 转存表中的数据 `toc_products_attachments_to_products`
--


-- --------------------------------------------------------

--
-- 表的结构 `toc_products_attributes`
--

CREATE TABLE IF NOT EXISTS `toc_products_attributes` (
  `products_id` int(11) NOT NULL,
  `products_attributes_values_id` int(11) NOT NULL,
  `language_id` int(11) NOT NULL,
  `value` varchar(255) NOT NULL,
  PRIMARY KEY (`products_id`,`products_attributes_values_id`,`language_id`)
) ENGINE=MyISAM DEFAULT CHARSET=utf8;

--
-- 转存表中的数据 `toc_products_attributes`
--


-- --------------------------------------------------------

--
-- 表的结构 `toc_products_attributes_groups`
--

CREATE TABLE IF NOT EXISTS `toc_products_attributes_groups` (
  `products_attributes_groups_id` int(11) NOT NULL AUTO_INCREMENT,
  `products_attributes_groups_name` varchar(100) NOT NULL,
  PRIMARY KEY (`products_attributes_groups_id`)
) ENGINE=MyISAM DEFAULT CHARSET=utf8 AUTO_INCREMENT=1 ;

--
-- 转存表中的数据 `toc_products_attributes_groups`
--


-- --------------------------------------------------------

--
-- 表的结构 `toc_products_attributes_values`
--

CREATE TABLE IF NOT EXISTS `toc_products_attributes_values` (
  `products_attributes_values_id` int(11) NOT NULL,
  `products_attributes_groups_id` int(11) NOT NULL,
  `language_id` int(11) NOT NULL,
  `status` int(4) NOT NULL,
  `module` varchar(255) NOT NULL,
  `name` varchar(100) NOT NULL,
  `value` varchar(100) NOT NULL,
  `sort_order` int(11) NOT NULL,
  PRIMARY KEY (`products_attributes_values_id`,`products_attributes_groups_id`,`language_id`)
) ENGINE=MyISAM DEFAULT CHARSET=utf8;

--
-- 转存表中的数据 `toc_products_attributes_values`
--


-- --------------------------------------------------------

--
-- 表的结构 `toc_products_description`
--

CREATE TABLE IF NOT EXISTS `toc_products_description` (
  `products_id` int(11) NOT NULL AUTO_INCREMENT,
  `language_id` int(11) NOT NULL DEFAULT '1',
  `products_name` varchar(255) NOT NULL DEFAULT '',
  `products_short_description` text,
  `products_description` text,
  `products_keyword` varchar(64) DEFAULT NULL,
  `products_tags` varchar(255) DEFAULT NULL,
  `products_url` varchar(255) DEFAULT NULL,
  `products_friendly_url` varchar(255) DEFAULT NULL,
  `products_page_title` varchar(255) NOT NULL,
  `products_meta_keywords` varchar(255) NOT NULL,
  `products_meta_description` varchar(255) NOT NULL,
  `products_viewed` int(5) DEFAULT '0',
  PRIMARY KEY (`products_id`,`language_id`),
  KEY `products_name` (`products_name`),
  KEY `products_description_keyword` (`products_keyword`)
) ENGINE=MyISAM  DEFAULT CHARSET=utf8 AUTO_INCREMENT=20 ;

--
-- 转存表中的数据 `toc_products_description`
--

INSERT INTO `toc_products_description` (`products_id`, `language_id`, `products_name`, `products_short_description`, `products_description`, `products_keyword`, `products_tags`, `products_url`, `products_friendly_url`, `products_page_title`, `products_meta_keywords`, `products_meta_description`, `products_viewed`) VALUES
(1, 1, 'Dell XPS 630', 'Experience the latest technology and innovative design with the XPS? 630 - a sleek, head turning warrior created for smashing game performance', '<h2>Features </h2><ul><li>Experience the latest technology and innovative design with the XPS? 630 - a sleek, head turning warrior created for smashing game performance </li><li>A supersonic gaming extravaganza ? the XPS? 630 offers full-on power with overclocking via BIOS or Nvidia?? nTune GeForce 9800GT, a Quad Intel?? Q9300 processor and a 750W power supply for an extreme experience </li><li>Front: USB 2.0 (2), 1394a, headphone jack, mic, optional 19-in-1 media card reader </li><li>Back (Audio): S/PDIF optical, line-in, line-out, microphone, surround, center/LFE; integrated HDA 7.1 channel sound </li><li>Back (Other): USB 2.0 (4), 1394a, PS/2 Mouse and Keyboard, Gigabit Ethernet8</li><li>Vista Premium 64bit SP1<br></li></ul><p><br></p>', NULL, '', NULL, 'dell-xps-630', '', '', '', 0),
(2, 1, 'HP Pavilion a6433w-b', 'HP w2207h 22" diagonal widescreen LCD monitor with built-in speakers', '<h2>Features\r\n\r\n</h2><ul><li>HP w2207h 22" diagonal widescreen LCD monitor with built-in speakers </li><li>Presents 1680 x 1050 resolution with 5 ms. response time and 1000:1 contrast ratio&nbsp; </li><li>2 GHz Intel Pentium dual-core desktop processor E2180 </li><li>Delivers the processing power required for true multitasking and multimedia&nbsp; </li><li>3 GB of DDR2 system memory </li><li>Offers improved performance for today''s demanding applications along with the option of expanding up to 8 GB&nbsp; </li><li>500 GB hard drive, 7200 rpm </li><li>Provides a tremendous amount of storage space for documents, games, music, photos and videos&nbsp; </li><li>SuperMulti DVD+/-RW drive with double-layer capability </li><li>Lets you burn and play DVDs and CDs for entertainment and data backup&nbsp; </li><li>10/100/1000 Base-T network interface and 56k modem </li><li>Connects to the Internet via DSL, cable or dial-up service&nbsp; </li><li>15-in-1 digital media card reader </li><li>Reads virtually all memory card formats so you can enjoy photos, music and other files&nbsp; </li><li>Vista Home Premium Edition with Windows Media Center and Service Pack 1 </li></ul><p>&nbsp;</p>', NULL, '', NULL, 'hp-pavilion-a6433w-b', '', '', '', 0),
(3, 1, 'ThinkCentre M57p', 'Intel? Core? 2 Duo E8200 Processor ( 2.66GHz 1GHz 6MB )', '<h2>Features</h2><ul><li>Intel? Core? 2 Duo E8200 Processor ( 2.66GHz 1GHz 6MB )</li><li>Genuine Windows Vista Business</li><li>Ultra Small Form Factor</li><li>1 GB DDR2 SDRAM 667MHz </li><li>160GB </li><li>CD-RW/DVD-ROM Combo 48X/32X/48X/16X Max </li></ul>', NULL, '', NULL, 'thinkcentre-m57p', '', '', '', 0),
(4, 1, '15.4" Macbook Pro MB134LL/A', '2.5 GHz Intel Core 2 Duo processor with 6 MB on-chip shared L2 cache, Mac OS X v10.5 Leopard', '<h2>Product Features</h2><p><br></p><ul><li>2.5 GHz Intel Core 2 Duo processor with 6 MB on-chip shared L2 cache, Mac OS X v10.5 Leopard</li><li>2 GB RAM (two SO-DIMM) 677 MHz DDR2 SD-RAM (PC2-5300), 250 GB 5400 rpm Serial ATA hard drive, slot load 8x Super Drive (DVD?±R DL/DVD?±RW/CD-RW)</li><li>One FireWire 400, one FireWire 800, two USB 2.0 ports, and ExpressCard/34 slot</li><li>Built-in 10/100/1000BASE-T (Gigabit); built-in 54 Mbps AirPort Extreme (802.11n); built-in Bluetooth 2.0+EDR</li><li>15.4-inch (diagonal), 1440 by 900 resolution, matte TFT LED widescreen display with NVIDIA GeForce 8600M GT with 512 MB of GDDR3 SDRAM and dual-link DVI</li></ul>', NULL, '', NULL, '15-4-macbook-pro-mb134ll-a', '', '', '', 0),
(5, 1, '17" MACBOOK PRO MB166LL/A', 'Processor Core2 Duo 2.5GHz&nbsp; , L2 cache 6MB', '<h2>Products Features</h2><br><ul><li>Processor Core2 Duo 2.5GHz&nbsp; , L2 cache 6MB &nbsp;</li><li>Hard Drive 250 GB </li><li>Optical drive 8X DVD+-RW/CD-RW </li><li>RAM standard 2GB DDR2 SDRAM </li><li>RAM maximum 4GB &nbsp;</li><li>Display 17 active-matrix/TFT/XGA , maximum resolution 1680 x 1050 &nbsp;</li><li>NIC type Gigabit Ethernet &nbsp;</li><li>Wireless NIC included Yes &nbsp;</li><li>Bluetooth capable Yes &nbsp;</li><li>OS Mac OS X v10.5 Leopard </li></ul><br>', NULL, '', NULL, '17-macbook-pro-mb166ll-a', '', '', '', 0),
(6, 1, '13.3" MACBOOK AIR APPLE Z0FS0LL/A', NULL, '<h2>Products Features</h2><br><ul><li>Processor Core2 Duo 1.8GHz&nbsp;&nbsp; , L2 cache 6MB &nbsp;</li><li>64GB solid-state drive</li><li>Optional external Apple MacBook Air SuperDrive available seperately </li><li>2GB of 667MHz DDR2 SDRAM onboard</li><li>Display 13.3 backlit LCD , maximum resolution 1280 x 800 </li><li>NIC type Gigabit Ethernet &nbsp;</li><li>Wireless NIC included Yes &nbsp;</li><li>Bluetooth capable Yes &nbsp;</li><li>Mac OS X v10.5 Leopard; iLife a€?08 (includes iTunes, iPhoto, iMovie, iDVD, iWeb, GarageBand)</li></ul>', NULL, '', NULL, '13-3-macbook-air-apple-z0fs0ll-a', '', '', '', 0),
(7, 1, 'LENOVO THINKPAD X301, SU9400 1.4GHZ CPU', NULL, '<h2>Products Features</h2><br><ul><li>Processor: Intel Core 2 Duo SU9400 Low-Voltage (1.4Ghz/800mhz/3MB) </li><li>Operating System: Genuine Windows XP Professional - 32 bit edition </li><li>LED Display: 13.3" WXGA+ TFT widescreen (1440 x 900 pixels)&nbsp; &nbsp;</li><li>Memory: 3GB PC3-8500 DDR3 SDRAM 1067MHz Memory </li><li>WWAN: Integrated Wireless Wide Area&nbsp; Network Upgradeable</li><li>Hard drive: 128GB Solid State Drive</li><li>Pointing Device: UltraNav TrackPoint &amp; Touchpad) with Fingerprint Reader </li><li>Graphics Card: Intel GMA 4500MHD Video Card</li><li>Optical Device: DVD/RW +/- Dual Layer (Burns CD &amp; DVD''s)</li><li>Integrated Wireless Card: Intel Pro Wireless WiFi link 5100 (AGN)</li></ul>', NULL, '', NULL, 'lenovo-thinkpad-x301-su9400-1-4ghz-cpu', '', '', '', 0),
(8, 1, 'Lenovo ThinkPad X200', NULL, '<h2>Products Features</h2><br><ul><li>Intel Core 2 Duo P8600 2.8 GHz Processor </li><li>3 MB L2 Cache, 1066 MHz Bus speed </li><li>2048 MB DDR2 (PC2-8500) RAM Max - 4GB </li><li>160 GB (5400RPM) SATA Hard Drive</li><li>6-Cell Lithium-ion Battery Pack, AC power adapter, Power Cord; </li><li>Software Bundle - Windows XP Professional, Microsoft Office 2007 60-Day Trial, McAfee VirusScan Plus 30-Day Subscription</li></ul><br>', NULL, '', NULL, 'lenovo-thinkpad-x200', '', '', '', 0),
(9, 1, 'Lenovo ThinkPad T400 2767', NULL, '<h2>Products Features</h2><br><ul><li>Core 2 Duo T9400 / 2.53 GHz - Centrino 2 with vPro - </li><li>RAM 2 GB - </li><li>HDD 160 GB - </li><li>DVD-RW (-R DL) / DVD-RAM - </li><li>Mobility Radeon HD 3470 / GMA 4500MHD - </li><li>cellular mdm / mdm ( CDMA 2000 1X EV-DO Rev. A, WCDMA, HSPA ) - </li><li>Verizon - </li><li>Gigabit Ethernet - </li><li>WLAN : 802.11 a/b/g/n (draft), Bluetooth 2.0 - </li><li>TPM - </li><li>fingerprint reader - </li><li>Vista Business -</li><li>14.1" Widescreen TFT 1440 x 900 ( WXGA+ )</li></ul><br>', NULL, '', NULL, 'lenovo-thinkpad-t400-2767', '', '', '', 0),
(10, 1, 'HP Pavilion DV7-1240US 17.0-Inch Laptop', NULL, '<h2>Products Features</h2><br><ul><li>Entertainment-centric notebook PC with fluid, modern lines in bronze and chrome with argyle-like patterning; widescreen 17-inch LCD </li><li>2.1 GHz AMD Turion X2 RM-72 dual-core processor, 320 GB hard drive, 4 GB RAM (8 GB max), LightScribe dual-layer DVD drive </li><li>Draft-N Wi-Fi (802.11a/b/g/n); Gigabit Ethernet; ATI Radeon HD 3200 graphics (up to 1918 MB total) </li><li>Connectivity: 4 USB (with 1 shared eSATA), 1 HDMI, 1 VGA, ExpressCard 54/34, 5-in-1 memory card reader </li><li>Pre-installed with Windows Vista Home Premium with SP1 (64-bit version); includes remote control</li></ul>', NULL, '', NULL, 'hp-pavilion-dv7-1240us-17-0-inch-laptop', '', '', '', 0),
(11, 1, 'Toshiba Satellite A355-S6921', NULL, '<h2>Products Features</h2><br><ul><li>Portable multimedia laptop with 16-inch screen for true 16:9 aspect ratio and native 720p high-def resolution </li><li>2.0 GHz AMD Turion X2 RM-72 dual-core processor, 250 GB hard drive, 3 GB RAM (4 GB max), Labelflash dual-layer DVD drive </li><li>Draft-N Wi-Fi (802.11b/g/n), Fast Ethernet, ATI Radeon 3100 graphics (up to 1919 MB total available memory) </li><li>Connectivity: 4 USB (with 1 shared eSATA), 1 FireWire, 1 VGA, ExpressCard 54/34, 5-in-1 memory card reader </li><li>Pre-installed with Windows Vista Home Premium with SP1 (64-bit version); Fusion finish with Horizon pattern</li></ul><br>', NULL, '', NULL, 'toshiba-satellite-a355-s6921', '', '', '', 2),
(12, 1, 'HP Compaq 6735s KS117UT 15.4-Inch Notebook', NULL, 'Products Features<br><br>Chipset AMD M780G <br>Processors:AMD Turion X2 Dual-Core Mobile Processor RM-70 (2.0 GHz, 2 x 512 KB L2 cache) <br>Memory Standard :667 MHz or 800 MHz DDR2 SDRAM, two slots supporting dual channel memory 1024 MB or 2048 MB <br>Maximum : Upgradeable to 8192 MB with 4096 MB SODIMMs in slots 1 and 2,<br>Maximum memory with AMD Sempron processor is 4096 MB.<br>Dual-channel : Maximized dual-channel performance requires SODIMMs of the same size and speed in both memory slots. <br>Graphics Integrated UMA Graphics ATI Mobility Radeon HD 3200 with shared system memory. Microsoft DirectX 10 capable <br>Display Internal :15.4 inches diagonal WXGA anti-glare (1280 x 800 resolution) 15.4 inches diagonal WXGA BrightView (1280 x 800 resolution) <br>External :Up to 32 bit per pixel color depthVGA port supports resolutions up to 2048 x 1536 at 75 Hz, and lower resolutions at up to 100 Hz. <br>', NULL, '', NULL, 'hp-compaq-6735s-ks117ut-15-4-inch-notebook', '', '', '', 0),
(13, 1, 'HP Pavilion TX2510US 12.1-inch Laptop', NULL, '<h2>Products Features</h2><br><ul><li>12.1-inch (Diagonal) Widescreen Integrated Touch Screen, Convertible Display 1280 x 800, Panel Rotates 180 Degrees and Folds Flat </li><li>2.10 GHz AMD Turion X2 ZM-80 Ultra Dual Core Mobile Processor with 2 MB L2 Cache </li><li>3072 MB DDR2 System Memory (2 Dimm), 250 GB (5400RPM) Hard Drive (SATA), ATI Radeon HD 3200 Graphics RS780M with 64 MB DDR2 (Sideport Memory) with up to 1470 MB Total Graphics Memory </li><li>LightScribe Super Multi 8X DVD?±R/RW with Double Layer Support, Wireless LAN 802.11a/b/g/n and Bluetooth </li><li>Windows Vista Home Premium, dims in inches: 8.82 (W) x 12.05 (L) x 1.52 (H) approx., 4.56 lbs.</li></ul><br>', NULL, '', NULL, 'hp-pavilion-tx2510us-12-1-inch-laptop', '', '', '', 0),
(14, 1, 'Toshiba Satellite L305D-S5904 15.4-Inch Laptop', NULL, '<h2>Products Features</h2><br><ul><li>15.4-Inch (Diagonal) Widescreen TruBrite TFT LCD Display at 1280 x 800 Resolution </li><li>2.0 GHz AMD Turion 64 X2 Dual Core Mobile Technology with 1MB L2 Cache </li><li>3072MB DDR2 SDRAM System Memory, 250GB (5400 RPM) Hard Drive (SATA), ATI Radeon X1250 Graphics with 128MB-831MB Dynamically Allocated Shared Graphics Memory </li><li>DVD SuperMulti (+/-R Double Layer) with Labelflash, Atheros 802.11 b/g Wireless LAN </li><li>Windows Vista Home Premium, dims in inches: 4.75 (W) x 14.3 (L) x 1.33 (H) approx., 5.49 lbs.</li></ul><br>', NULL, '', NULL, 'toshiba-satellite-l305d-s5904-15-4-inch-laptop', '', '', '', 0),
(15, 1, 'APPLE IPOD NANO 4GB SILVER 3RD GEN', 'An anodized aluminum top and polished stainless steel back. Five eye-catching colors. A larger, brighter display with the most pixels per inch of any Apple display, ever. iPod nano stirs up visual effects from the outside in.', 'An anodized aluminum top and polished stainless steel back. Five eye-catching colors. A larger, brighter display with the most pixels per inch of any Apple display, ever. iPod nano stirs up visual effects from the outside in.<br><br>And it''ll wow you for hours. Play up to 5 hours of video or up to 24 hours of audio on a single charge. All that staying power and a wafer-thin, 6.5-mm profile makes iPod nano one small big attraction.<br><br><b>Cover Flow</b><br>If a picture says a thousand words, think of what all the album art in your collection might say. With Cover Flow on iPod nano, you can flip through your music to find the album you want to hear. Use the Click Wheel to browse music by album cover, then select an album to flip it over and see the track list.<br><br><b>Music</b><br>Use the Click Wheel to adjust volume, navigate songs, browse in Cover Flow, or explore the Music menu by playlist, artist, album, song, genre, composer, and more. Want to mix things up? Click Shuffle Songs. iPod nano makes your music look as good as it sounds, thanks to its bright color display.<br><br><b>Movies</b><br>Buy movies from the iTunes Store and you can sync them to your iPod nano to watch anywhere, anytime. Up to 5 hours of video playback means you can watch two movies back to back. And for your viewing pleasure, the 320-by-240-pixel display--with a whopping 204 pixels per inch--is 65 percent brighter than before. <br>', NULL, '', '', 'apple-ipod-nano-4gb-silver-3rd-gen', '', '', '', 2),
(19, 1, 'SONY DSC-T700(g) DIGITAL VIDEO CAMERA', NULL, '<h2>Features</h2><ul><li>Slim, beautiful design.</li><li>10.1 effective megapixels</li><li>4GB internal memory, stores up to 40,000 photos</li><li>Powerful album functions to store, organize and share your photos</li><li>Smile Shutter automatically captures smiling faces</li><li>Beautiful portraits with Face Detection and Anti-blink technology</li><li>Enjoy your images on the Extra-large 3.5a€? touchscreen LCD</li><li>Easy web upload for sharing images on social networking sites</li><li>Double Anti-blur Solution</li><li>Portable Photo Album</li><li>Face Detection</li><li>Intelligent Scene Recognition</li><li>In Camera Retouch</li><li>Share HD-Quality Images </li></ul>', NULL, '', NULL, 'sony-dsc-t700-g-digital-video-camera', '', '', '', 0),
(1, 2, '中文Dell XPS 630', 'Experience the latest technology and innovative design with the XPS? 630 - a sleek, head turning warrior created for smashing game performance', '<h2>Features </h2><ul><li>Experience the latest technology and innovative design with the XPS? 630 - a sleek, head turning warrior created for smashing game performance </li><li>A supersonic gaming extravaganza ? the XPS? 630 offers full-on power with overclocking via BIOS or Nvidia?? nTune GeForce 9800GT, a Quad Intel?? Q9300 processor and a 750W power supply for an extreme experience </li><li>Front: USB 2.0 (2), 1394a, headphone jack, mic, optional 19-in-1 media card reader </li><li>Back (Audio): S/PDIF optical, line-in, line-out, microphone, surround, center/LFE; integrated HDA 7.1 channel sound </li><li>Back (Other): USB 2.0 (4), 1394a, PS/2 Mouse and Keyboard, Gigabit Ethernet8</li><li>Vista Premium 64bit SP1<br></li></ul><p><br></p>', NULL, '', NULL, 'dell-xps-630', '', '', '', 0),
(2, 2, '中文HP Pavilion a6433w-b', 'HP w2207h 22" diagonal widescreen LCD monitor with built-in speakers', '<h2>Features\r\n\r\n</h2><ul><li>HP w2207h 22" diagonal widescreen LCD monitor with built-in speakers </li><li>Presents 1680 x 1050 resolution with 5 ms. response time and 1000:1 contrast ratio&nbsp; </li><li>2 GHz Intel Pentium dual-core desktop processor E2180 </li><li>Delivers the processing power required for true multitasking and multimedia&nbsp; </li><li>3 GB of DDR2 system memory </li><li>Offers improved performance for today''s demanding applications along with the option of expanding up to 8 GB&nbsp; </li><li>500 GB hard drive, 7200 rpm </li><li>Provides a tremendous amount of storage space for documents, games, music, photos and videos&nbsp; </li><li>SuperMulti DVD+/-RW drive with double-layer capability </li><li>Lets you burn and play DVDs and CDs for entertainment and data backup&nbsp; </li><li>10/100/1000 Base-T network interface and 56k modem </li><li>Connects to the Internet via DSL, cable or dial-up service&nbsp; </li><li>15-in-1 digital media card reader </li><li>Reads virtually all memory card formats so you can enjoy photos, music and other files&nbsp; </li><li>Vista Home Premium Edition with Windows Media Center and Service Pack 1 </li></ul><p>&nbsp;</p>', NULL, '', NULL, 'hp-pavilion-a6433w-b', '', '', '', 0),
(3, 2, '中文ThinkCentre M57p', 'Intel? Core? 2 Duo E8200 Processor ( 2.66GHz 1GHz 6MB )', '<h2>Features</h2><ul><li>Intel? Core? 2 Duo E8200 Processor ( 2.66GHz 1GHz 6MB )</li><li>Genuine Windows Vista Business</li><li>Ultra Small Form Factor</li><li>1 GB DDR2 SDRAM 667MHz </li><li>160GB </li><li>CD-RW/DVD-ROM Combo 48X/32X/48X/16X Max </li></ul>', NULL, '', NULL, 'thinkcentre-m57p', '', '', '', 0),
(4, 2, '中文15.4" Macbook Pro MB134LL/A', '2.5 GHz Intel Core 2 Duo processor with 6 MB on-chip shared L2 cache, Mac OS X v10.5 Leopard', '<h2>Product Features</h2><p><br></p><ul><li>2.5 GHz Intel Core 2 Duo processor with 6 MB on-chip shared L2 cache, Mac OS X v10.5 Leopard</li><li>2 GB RAM (two SO-DIMM) 677 MHz DDR2 SD-RAM (PC2-5300), 250 GB 5400 rpm Serial ATA hard drive, slot load 8x Super Drive (DVD?±R DL/DVD?±RW/CD-RW)</li><li>One FireWire 400, one FireWire 800, two USB 2.0 ports, and ExpressCard/34 slot</li><li>Built-in 10/100/1000BASE-T (Gigabit); built-in 54 Mbps AirPort Extreme (802.11n); built-in Bluetooth 2.0+EDR</li><li>15.4-inch (diagonal), 1440 by 900 resolution, matte TFT LED widescreen display with NVIDIA GeForce 8600M GT with 512 MB of GDDR3 SDRAM and dual-link DVI</li></ul>', NULL, '', NULL, '15-4-macbook-pro-mb134ll-a', '', '', '', 0),
(5, 2, '中文17" MACBOOK PRO MB166LL/A', 'Processor Core2 Duo 2.5GHz&nbsp; , L2 cache 6MB', '<h2>Products Features</h2><br><ul><li>Processor Core2 Duo 2.5GHz&nbsp; , L2 cache 6MB &nbsp;</li><li>Hard Drive 250 GB </li><li>Optical drive 8X DVD+-RW/CD-RW </li><li>RAM standard 2GB DDR2 SDRAM </li><li>RAM maximum 4GB &nbsp;</li><li>Display 17 active-matrix/TFT/XGA , maximum resolution 1680 x 1050 &nbsp;</li><li>NIC type Gigabit Ethernet &nbsp;</li><li>Wireless NIC included Yes &nbsp;</li><li>Bluetooth capable Yes &nbsp;</li><li>OS Mac OS X v10.5 Leopard </li></ul><br>', NULL, '', NULL, '17-macbook-pro-mb166ll-a', '', '', '', 0),
(6, 2, '中文13.3" MACBOOK AIR APPLE Z0FS0LL/A', NULL, '<h2>Products Features</h2><br><ul><li>Processor Core2 Duo 1.8GHz&nbsp;&nbsp; , L2 cache 6MB &nbsp;</li><li>64GB solid-state drive</li><li>Optional external Apple MacBook Air SuperDrive available seperately </li><li>2GB of 667MHz DDR2 SDRAM onboard</li><li>Display 13.3 backlit LCD , maximum resolution 1280 x 800 </li><li>NIC type Gigabit Ethernet &nbsp;</li><li>Wireless NIC included Yes &nbsp;</li><li>Bluetooth capable Yes &nbsp;</li><li>Mac OS X v10.5 Leopard; iLife a€?08 (includes iTunes, iPhoto, iMovie, iDVD, iWeb, GarageBand)</li></ul>', NULL, '', NULL, '13-3-macbook-air-apple-z0fs0ll-a', '', '', '', 0),
(7, 2, '中文LENOVO THINKPAD X301, SU9400 1.4GHZ CPU', NULL, '<h2>Products Features</h2><br><ul><li>Processor: Intel Core 2 Duo SU9400 Low-Voltage (1.4Ghz/800mhz/3MB) </li><li>Operating System: Genuine Windows XP Professional - 32 bit edition </li><li>LED Display: 13.3" WXGA+ TFT widescreen (1440 x 900 pixels)&nbsp; &nbsp;</li><li>Memory: 3GB PC3-8500 DDR3 SDRAM 1067MHz Memory </li><li>WWAN: Integrated Wireless Wide Area&nbsp; Network Upgradeable</li><li>Hard drive: 128GB Solid State Drive</li><li>Pointing Device: UltraNav TrackPoint &amp; Touchpad) with Fingerprint Reader </li><li>Graphics Card: Intel GMA 4500MHD Video Card</li><li>Optical Device: DVD/RW +/- Dual Layer (Burns CD &amp; DVD''s)</li><li>Integrated Wireless Card: Intel Pro Wireless WiFi link 5100 (AGN)</li></ul>', NULL, '', NULL, 'lenovo-thinkpad-x301-su9400-1-4ghz-cpu', '', '', '', 0),
(8, 2, '中文Lenovo ThinkPad X200', NULL, '<h2>Products Features</h2><br><ul><li>Intel Core 2 Duo P8600 2.8 GHz Processor </li><li>3 MB L2 Cache, 1066 MHz Bus speed </li><li>2048 MB DDR2 (PC2-8500) RAM Max - 4GB </li><li>160 GB (5400RPM) SATA Hard Drive</li><li>6-Cell Lithium-ion Battery Pack, AC power adapter, Power Cord; </li><li>Software Bundle - Windows XP Professional, Microsoft Office 2007 60-Day Trial, McAfee VirusScan Plus 30-Day Subscription</li></ul><br>', NULL, '', NULL, 'lenovo-thinkpad-x200', '', '', '', 0),
(9, 2, '中文Lenovo ThinkPad T400 2767', NULL, '<h2>Products Features</h2><br><ul><li>Core 2 Duo T9400 / 2.53 GHz - Centrino 2 with vPro - </li><li>RAM 2 GB - </li><li>HDD 160 GB - </li><li>DVD-RW (-R DL) / DVD-RAM - </li><li>Mobility Radeon HD 3470 / GMA 4500MHD - </li><li>cellular mdm / mdm ( CDMA 2000 1X EV-DO Rev. A, WCDMA, HSPA ) - </li><li>Verizon - </li><li>Gigabit Ethernet - </li><li>WLAN : 802.11 a/b/g/n (draft), Bluetooth 2.0 - </li><li>TPM - </li><li>fingerprint reader - </li><li>Vista Business -</li><li>14.1" Widescreen TFT 1440 x 900 ( WXGA+ )</li></ul><br>', NULL, '', NULL, 'lenovo-thinkpad-t400-2767', '', '', '', 0),
(10, 2, '中文HP Pavilion DV7-1240US 17.0-Inch Laptop', NULL, '<h2>Products Features</h2><br><ul><li>Entertainment-centric notebook PC with fluid, modern lines in bronze and chrome with argyle-like patterning; widescreen 17-inch LCD </li><li>2.1 GHz AMD Turion X2 RM-72 dual-core processor, 320 GB hard drive, 4 GB RAM (8 GB max), LightScribe dual-layer DVD drive </li><li>Draft-N Wi-Fi (802.11a/b/g/n); Gigabit Ethernet; ATI Radeon HD 3200 graphics (up to 1918 MB total) </li><li>Connectivity: 4 USB (with 1 shared eSATA), 1 HDMI, 1 VGA, ExpressCard 54/34, 5-in-1 memory card reader </li><li>Pre-installed with Windows Vista Home Premium with SP1 (64-bit version); includes remote control</li></ul>', NULL, '', NULL, 'hp-pavilion-dv7-1240us-17-0-inch-laptop', '', '', '', 0),
(11, 2, '中文Toshiba Satellite A355-S6921', NULL, '<h2>Products Features</h2><br><ul><li>Portable multimedia laptop with 16-inch screen for true 16:9 aspect ratio and native 720p high-def resolution </li><li>2.0 GHz AMD Turion X2 RM-72 dual-core processor, 250 GB hard drive, 3 GB RAM (4 GB max), Labelflash dual-layer DVD drive </li><li>Draft-N Wi-Fi (802.11b/g/n), Fast Ethernet, ATI Radeon 3100 graphics (up to 1919 MB total available memory) </li><li>Connectivity: 4 USB (with 1 shared eSATA), 1 FireWire, 1 VGA, ExpressCard 54/34, 5-in-1 memory card reader </li><li>Pre-installed with Windows Vista Home Premium with SP1 (64-bit version); Fusion finish with Horizon pattern</li></ul><br>', NULL, '', NULL, 'toshiba-satellite-a355-s6921', '', '', '', 2),
(12, 2, '中文HP Compaq 6735s KS117UT 15.4-Inch Notebook', NULL, 'Products Features<br><br>Chipset AMD M780G <br>Processors:AMD Turion X2 Dual-Core Mobile Processor RM-70 (2.0 GHz, 2 x 512 KB L2 cache) <br>Memory Standard :667 MHz or 800 MHz DDR2 SDRAM, two slots supporting dual channel memory 1024 MB or 2048 MB <br>Maximum : Upgradeable to 8192 MB with 4096 MB SODIMMs in slots 1 and 2,<br>Maximum memory with AMD Sempron processor is 4096 MB.<br>Dual-channel : Maximized dual-channel performance requires SODIMMs of the same size and speed in both memory slots. <br>Graphics Integrated UMA Graphics ATI Mobility Radeon HD 3200 with shared system memory. Microsoft DirectX 10 capable <br>Display Internal :15.4 inches diagonal WXGA anti-glare (1280 x 800 resolution) 15.4 inches diagonal WXGA BrightView (1280 x 800 resolution) <br>External :Up to 32 bit per pixel color depthVGA port supports resolutions up to 2048 x 1536 at 75 Hz, and lower resolutions at up to 100 Hz. <br>', NULL, '', NULL, 'hp-compaq-6735s-ks117ut-15-4-inch-notebook', '', '', '', 0),
(13, 2, '中文HP Pavilion TX2510US 12.1-inch Laptop', NULL, '<h2>Products Features</h2><br><ul><li>12.1-inch (Diagonal) Widescreen Integrated Touch Screen, Convertible Display 1280 x 800, Panel Rotates 180 Degrees and Folds Flat </li><li>2.10 GHz AMD Turion X2 ZM-80 Ultra Dual Core Mobile Processor with 2 MB L2 Cache </li><li>3072 MB DDR2 System Memory (2 Dimm), 250 GB (5400RPM) Hard Drive (SATA), ATI Radeon HD 3200 Graphics RS780M with 64 MB DDR2 (Sideport Memory) with up to 1470 MB Total Graphics Memory </li><li>LightScribe Super Multi 8X DVD?±R/RW with Double Layer Support, Wireless LAN 802.11a/b/g/n and Bluetooth </li><li>Windows Vista Home Premium, dims in inches: 8.82 (W) x 12.05 (L) x 1.52 (H) approx., 4.56 lbs.</li></ul><br>', NULL, '', NULL, 'hp-pavilion-tx2510us-12-1-inch-laptop', '', '', '', 0),
(14, 2, '中文Toshiba Satellite L305D-S5904 15.4-Inch Laptop', NULL, '<h2>Products Features</h2><br><ul><li>15.4-Inch (Diagonal) Widescreen TruBrite TFT LCD Display at 1280 x 800 Resolution </li><li>2.0 GHz AMD Turion 64 X2 Dual Core Mobile Technology with 1MB L2 Cache </li><li>3072MB DDR2 SDRAM System Memory, 250GB (5400 RPM) Hard Drive (SATA), ATI Radeon X1250 Graphics with 128MB-831MB Dynamically Allocated Shared Graphics Memory </li><li>DVD SuperMulti (+/-R Double Layer) with Labelflash, Atheros 802.11 b/g Wireless LAN </li><li>Windows Vista Home Premium, dims in inches: 4.75 (W) x 14.3 (L) x 1.33 (H) approx., 5.49 lbs.</li></ul><br>', NULL, '', NULL, 'toshiba-satellite-l305d-s5904-15-4-inch-laptop', '', '', '', 0),
(15, 2, '中文APPLE IPOD NANO 4GB SILVER 3RD GEN', '', 'An anodized aluminum top and polished stainless steel back. Five eye-catching colors. A larger, brighter display with the most pixels per inch of any Apple display, ever. iPod nano stirs up visual effects from the outside in.<br><br>And it''ll wow you for hours. Play up to 5 hours of video or up to 24 hours of audio on a single charge. All that staying power and a wafer-thin, 6.5-mm profile makes iPod nano one small big attraction.<br><br><b>Cover Flow</b><br>If a picture says a thousand words, think of what all the album art in your collection might say. With Cover Flow on iPod nano, you can flip through your music to find the album you want to hear. Use the Click Wheel to browse music by album cover, then select an album to flip it over and see the track list.<br><br><b>Music</b><br>Use the Click Wheel to adjust volume, navigate songs, browse in Cover Flow, or explore the Music menu by playlist, artist, album, song, genre, composer, and more. Want to mix things up? Click Shuffle Songs. iPod nano makes your music look as good as it sounds, thanks to its bright color display.<br><br><b>Movies</b><br>Buy movies from the iTunes Store and you can sync them to your iPod nano to watch anywhere, anytime. Up to 5 hours of video playback means you can watch two movies back to back. And for your viewing pleasure, the 320-by-240-pixel display--with a whopping 204 pixels per inch--is 65 percent brighter than before. <br>', NULL, '', '', 'apple-ipod-nano-4gb-silver-3rd-gen', '', '', '', 2),
(19, 2, '中文SONY DSC-T700(g) DIGITAL VIDEO CAMERA', NULL, '<h2>Features</h2><ul><li>Slim, beautiful design.</li><li>10.1 effective megapixels</li><li>4GB internal memory, stores up to 40,000 photos</li><li>Powerful album functions to store, organize and share your photos</li><li>Smile Shutter automatically captures smiling faces</li><li>Beautiful portraits with Face Detection and Anti-blink technology</li><li>Enjoy your images on the Extra-large 3.5a€? touchscreen LCD</li><li>Easy web upload for sharing images on social networking sites</li><li>Double Anti-blur Solution</li><li>Portable Photo Album</li><li>Face Detection</li><li>Intelligent Scene Recognition</li><li>In Camera Retouch</li><li>Share HD-Quality Images </li></ul>', NULL, '', NULL, 'sony-dsc-t700-g-digital-video-camera', '', '', '', 0);

-- --------------------------------------------------------

--
-- 表的结构 `toc_products_downloadables`
--

CREATE TABLE IF NOT EXISTS `toc_products_downloadables` (
  `products_id` int(11) NOT NULL,
  `filename` varchar(100) NOT NULL,
  `cache_filename` varchar(100) NOT NULL,
  `sample_filename` varchar(100) NOT NULL,
  `cache_sample_filename` varchar(100) NOT NULL,
  `number_of_downloads` int(11) NOT NULL,
  `number_of_accessible_days` int(11) NOT NULL
) ENGINE=MyISAM DEFAULT CHARSET=utf8;

--
-- 转存表中的数据 `toc_products_downloadables`
--


-- --------------------------------------------------------

--
-- 表的结构 `toc_products_download_history`
--

CREATE TABLE IF NOT EXISTS `toc_products_download_history` (
  `products_download_history_id` int(11) NOT NULL AUTO_INCREMENT,
  `orders_products_download_id` int(11) NOT NULL,
  `download_date` datetime NOT NULL,
  `download_ip_address` varchar(15) NOT NULL,
  PRIMARY KEY (`products_download_history_id`)
) ENGINE=MyISAM DEFAULT CHARSET=utf8 AUTO_INCREMENT=1 ;

--
-- 转存表中的数据 `toc_products_download_history`
--


-- --------------------------------------------------------

--
-- 表的结构 `toc_products_frontpage`
--

CREATE TABLE IF NOT EXISTS `toc_products_frontpage` (
  `products_id` int(11) NOT NULL,
  `sort_order` int(3) DEFAULT NULL,
  PRIMARY KEY (`products_id`)
) ENGINE=MyISAM DEFAULT CHARSET=utf8;

--
-- 转存表中的数据 `toc_products_frontpage`
--

INSERT INTO `toc_products_frontpage` (`products_id`, `sort_order`) VALUES
(6, 1),
(5, 2),
(17, 3),
(19, 4),
(3, 5),
(9, 6),
(16, 7);

-- --------------------------------------------------------

--
-- 表的结构 `toc_products_gift_certificates`
--

CREATE TABLE IF NOT EXISTS `toc_products_gift_certificates` (
  `products_id` int(11) NOT NULL,
  `gift_certificates_type` int(5) NOT NULL,
  `gift_certificates_amount_type` int(5) NOT NULL,
  `open_amount_min_value` decimal(15,4) NOT NULL,
  `open_amount_max_value` decimal(15,4) NOT NULL,
  PRIMARY KEY (`products_id`)
) ENGINE=MyISAM DEFAULT CHARSET=utf8;

--
-- 转存表中的数据 `toc_products_gift_certificates`
--


-- --------------------------------------------------------

--
-- 表的结构 `toc_products_images`
--

CREATE TABLE IF NOT EXISTS `toc_products_images` (
  `id` int(11) NOT NULL AUTO_INCREMENT,
  `products_id` int(11) NOT NULL,
  `image` varchar(255) NOT NULL,
  `default_flag` tinyint(1) NOT NULL,
  `sort_order` int(11) NOT NULL,
  `date_added` datetime NOT NULL,
  PRIMARY KEY (`id`),
  KEY `products_images_products_id` (`products_id`)
) ENGINE=MyISAM  DEFAULT CHARSET=utf8 AUTO_INCREMENT=52 ;

--
-- 转存表中的数据 `toc_products_images`
--

INSERT INTO `toc_products_images` (`id`, `products_id`, `image`, `default_flag`, `sort_order`, `date_added`) VALUES
(1, 1, '4589430859034895043.jpg', 1, 0, '2009-01-26 17:32:02'),
(2, 2, '5443523452354.jpg', 1, 0, '2009-01-26 17:45:14'),
(3, 3, '437893748943838943.jpg', 1, 0, '2009-01-26 17:56:27'),
(4, 4, '54892437589237584.jpg', 1, 0, '2009-01-26 18:12:38'),
(5, 2, '0904856904586475689.jpg', 0, 0, '2009-01-26 18:12:57'),
(6, 2, '098489508435893845.jpg', 0, 0, '2009-01-26 18:13:09'),
(7, 5, '0904856904586475689.jpg', 0, 0, '2009-01-26 18:56:24'),
(8, 5, '54892437589237584.jpg', 1, 0, '2009-01-26 18:56:31'),
(9, 5, '098489508435893845.jpg', 0, 0, '2009-01-26 18:56:39'),
(10, 6, '54892437589237584.jpg', 1, 0, '2009-01-26 19:03:33'),
(11, 1, '098489508435893845.jpg', 0, 0, '2009-01-26 19:03:42'),
(12, 1, '0904856904586475689.jpg', 0, 0, '2009-01-26 19:03:50'),
(18, 7, 'h45435345345345.jpg', 0, 0, '2009-01-26 19:18:13'),
(19, 7, 'v34234234234234.jpg', 1, 0, '2009-01-26 19:18:16'),
(22, 8, '56435345345345345.jpg', 1, 0, '2009-01-26 19:23:50'),
(26, 9, 't400-ds798348923482.jpg', 1, 0, '2009-01-26 19:33:59'),
(24, 8, '67567567567567.jpg', 0, 0, '2009-01-26 19:23:57'),
(27, 10, 'dv70-1240-34823489234.jpg', 1, 0, '2009-01-26 19:36:59'),
(28, 10, 'dv70-1240-34823484349234.jpg', 0, 0, '2009-01-26 19:37:18'),
(30, 11, 'a355-349234-23489234.jpg', 1, 0, '2009-01-26 19:45:27'),
(31, 11, 'a355-349234-33489234.jpg', 0, 0, '2009-01-26 19:46:15'),
(32, 12, '6735s-ks117ut-334839234.jpg', 1, 0, '2009-01-26 19:56:00'),
(33, 13, 'tx2510us-39293843.jpg', 1, 0, '2009-01-26 19:59:08'),
(34, 13, 'tx2510us-39293845.jpg', 0, 0, '2009-01-26 19:59:36'),
(35, 13, 'tx2510us-39493845.jpg', 0, 0, '2009-01-26 20:00:00'),
(36, 14, 'l305d-s5904-39293323.jpg', 1, 0, '2009-01-26 20:04:36'),
(37, 14, 'l305d-s5904-39245323.jpg', 0, 0, '2009-01-26 20:04:57'),
(38, 14, 'l305d-s5904-55593323.jpg', 0, 0, '2009-01-26 20:05:04'),
(39, 15, 'ipod-nano3-392339239.jpg', 1, 0, '2009-01-26 21:51:24'),
(44, 18, 'cinema-3923823.jpg', 1, 0, '2009-01-26 22:34:17'),
(45, 19, 'dsc-t700-38324.jpg', 1, 0, '2009-01-26 22:38:18'),
(46, 19, 'dsc-t700-38434.jpg', 0, 0, '2009-01-26 22:38:39'),
(47, 19, 'dsc-t700-42434.jpg', 0, 0, '2009-01-26 22:38:44'),
(48, 15, '15_48_hp.png', 0, 0, '2012-08-26 07:29:12'),
(49, 15, '15_49_dell.png', 0, 0, '2012-08-26 07:29:29'),
(50, 15, '15_50_lenovo.png', 0, 0, '2012-08-26 07:29:30'),
(51, 15, '15_51_apple.png', 0, 0, '2012-08-26 07:29:30');

-- --------------------------------------------------------

--
-- 表的结构 `toc_products_images_groups`
--

CREATE TABLE IF NOT EXISTS `toc_products_images_groups` (
  `id` int(11) NOT NULL,
  `language_id` int(11) NOT NULL,
  `title` varchar(255) NOT NULL,
  `code` varchar(32) NOT NULL,
  `size_width` int(11) DEFAULT NULL,
  `size_height` int(11) DEFAULT NULL,
  `force_size` tinyint(1) DEFAULT '0',
  PRIMARY KEY (`id`,`language_id`)
) ENGINE=MyISAM DEFAULT CHARSET=utf8;

--
-- 转存表中的数据 `toc_products_images_groups`
--

INSERT INTO `toc_products_images_groups` (`id`, `language_id`, `title`, `code`, `size_width`, `size_height`, `force_size`) VALUES
(1, 1, 'Originals', 'originals', 0, 0, 0),
(2, 1, 'Thumbnails', 'thumbnails', 100, 80, 0),
(3, 1, 'Product Information Page', 'product_info', 240, 180, 0),
(4, 1, 'Large', 'large', 480, 360, 0),
(5, 1, 'Mini', 'mini', 55, 45, 0);

-- --------------------------------------------------------

--
-- 表的结构 `toc_products_notifications`
--

CREATE TABLE IF NOT EXISTS `toc_products_notifications` (
  `products_id` int(11) NOT NULL,
  `customers_id` int(11) NOT NULL,
  `date_added` datetime NOT NULL,
  PRIMARY KEY (`products_id`,`customers_id`)
) ENGINE=MyISAM DEFAULT CHARSET=utf8;

--
-- 转存表中的数据 `toc_products_notifications`
--


-- --------------------------------------------------------

--
-- 表的结构 `toc_products_to_categories`
--

CREATE TABLE IF NOT EXISTS `toc_products_to_categories` (
  `products_id` int(11) NOT NULL,
  `categories_id` int(11) NOT NULL,
  PRIMARY KEY (`products_id`,`categories_id`)
) ENGINE=MyISAM DEFAULT CHARSET=utf8;

--
-- 转存表中的数据 `toc_products_to_categories`
--

INSERT INTO `toc_products_to_categories` (`products_id`, `categories_id`) VALUES
(1, 2),
(2, 2),
(3, 2),
(4, 1),
(5, 1),
(6, 1),
(7, 1),
(8, 1),
(9, 1),
(10, 1),
(11, 1),
(12, 1),
(13, 1),
(14, 1),
(15, 5),
(19, 5);

-- --------------------------------------------------------

--
-- 表的结构 `toc_products_variants`
--

CREATE TABLE IF NOT EXISTS `toc_products_variants` (
  `products_variants_id` int(11) NOT NULL AUTO_INCREMENT,
  `is_default` tinyint(1) NOT NULL DEFAULT '0',
  `products_id` int(11) NOT NULL DEFAULT '0',
  `products_images_id` int(11) DEFAULT NULL,
  `products_status` tinyint(1) NOT NULL,
  `products_price` decimal(15,4) NOT NULL,
  `products_sku` varchar(64) NOT NULL,
  `products_model` varchar(255) NOT NULL,
  `products_quantity` int(4) NOT NULL,
  `products_weight` decimal(5,2) NOT NULL,
  `filename` varchar(100) NOT NULL,
  `cache_filename` varchar(100) NOT NULL,
  PRIMARY KEY (`products_variants_id`),
  KEY `idx_products_variants_products_id` (`products_id`)
) ENGINE=MyISAM  DEFAULT CHARSET=utf8 AUTO_INCREMENT=7 ;

--
-- 转存表中的数据 `toc_products_variants`
--

INSERT INTO `toc_products_variants` (`products_variants_id`, `is_default`, `products_id`, `products_images_id`, `products_status`, `products_price`, `products_sku`, `products_model`, `products_quantity`, `products_weight`, `filename`, `cache_filename`) VALUES
(1, 0, 19, NULL, 1, 189.0000, '', '', 10, 10.00, '', ''),
(2, 1, 19, NULL, 1, 179.0000, '', '', 11, 0.00, '', ''),
(3, 0, 19, NULL, 1, 169.0000, '', '', 20, 0.00, '', ''),
(6, 1, 15, 39, 1, 22.0000, '', '', 2, 22.00, '', '');

-- --------------------------------------------------------

--
-- 表的结构 `toc_products_variants_entries`
--

CREATE TABLE IF NOT EXISTS `toc_products_variants_entries` (
  `products_variants_entries_id` int(11) NOT NULL AUTO_INCREMENT,
  `products_variants_id` int(11) NOT NULL,
  `products_variants_groups_id` int(11) NOT NULL,
  `products_variants_values_id` int(11) NOT NULL,
  PRIMARY KEY (`products_variants_entries_id`),
  KEY `idx_products_variants_groups_values_id` (`products_variants_id`,`products_variants_groups_id`,`products_variants_values_id`)
) ENGINE=MyISAM  DEFAULT CHARSET=utf8 AUTO_INCREMENT=9 ;

--
-- 转存表中的数据 `toc_products_variants_entries`
--

INSERT INTO `toc_products_variants_entries` (`products_variants_entries_id`, `products_variants_id`, `products_variants_groups_id`, `products_variants_values_id`) VALUES
(1, 1, 1, 1),
(2, 2, 1, 2),
(3, 3, 1, 3),
(4, 1, 2, 4),
(5, 2, 2, 5),
(6, 3, 2, 4),
(7, 6, 1, 1),
(8, 6, 2, 4);

-- --------------------------------------------------------

--
-- 表的结构 `toc_products_variants_groups`
--

CREATE TABLE IF NOT EXISTS `toc_products_variants_groups` (
  `products_variants_groups_id` int(11) NOT NULL DEFAULT '0',
  `language_id` int(11) NOT NULL DEFAULT '1',
  `products_variants_groups_name` varchar(32) NOT NULL DEFAULT '',
  PRIMARY KEY (`products_variants_groups_id`,`language_id`)
) ENGINE=MyISAM DEFAULT CHARSET=utf8;

--
-- 转存表中的数据 `toc_products_variants_groups`
--

INSERT INTO `toc_products_variants_groups` (`products_variants_groups_id`, `language_id`, `products_variants_groups_name`) VALUES
(1, 1, 'Color'),
(2, 1, 'Size'),
(1, 2, '颜色'),
(2, 2, '尺寸');

-- --------------------------------------------------------

--
-- 表的结构 `toc_products_variants_values`
--

CREATE TABLE IF NOT EXISTS `toc_products_variants_values` (
  `products_variants_values_id` int(11) NOT NULL DEFAULT '0',
  `language_id` int(11) NOT NULL DEFAULT '1',
  `products_variants_values_name` varchar(64) NOT NULL DEFAULT '',
  PRIMARY KEY (`products_variants_values_id`,`language_id`)
) ENGINE=MyISAM DEFAULT CHARSET=utf8;

--
-- 转存表中的数据 `toc_products_variants_values`
--

INSERT INTO `toc_products_variants_values` (`products_variants_values_id`, `language_id`, `products_variants_values_name`) VALUES
(1, 1, 'Black'),
(2, 1, 'Yellow'),
(3, 1, 'Blue'),
(4, 1, 'S'),
(5, 1, 'L'),
(1, 2, '黑色'),
(2, 2, '黄色'),
(3, 2, '蓝色'),
(4, 2, 'S'),
(5, 2, 'L');

-- --------------------------------------------------------

--
-- 表的结构 `toc_products_variants_values_to_products_variants_groups`
--

CREATE TABLE IF NOT EXISTS `toc_products_variants_values_to_products_variants_groups` (
  `products_variants_values_to_products_variants_groups_id` int(11) NOT NULL AUTO_INCREMENT,
  `products_variants_groups_id` int(11) NOT NULL,
  `products_variants_values_id` int(11) NOT NULL,
  PRIMARY KEY (`products_variants_values_to_products_variants_groups_id`)
) ENGINE=MyISAM  DEFAULT CHARSET=utf8 AUTO_INCREMENT=6 ;

--
-- 转存表中的数据 `toc_products_variants_values_to_products_variants_groups`
--

INSERT INTO `toc_products_variants_values_to_products_variants_groups` (`products_variants_values_to_products_variants_groups_id`, `products_variants_groups_id`, `products_variants_values_id`) VALUES
(1, 1, 1),
(2, 1, 2),
(3, 1, 3),
(4, 2, 4),
(5, 2, 5);

-- --------------------------------------------------------

--
-- 表的结构 `toc_products_xsell`
--

CREATE TABLE IF NOT EXISTS `toc_products_xsell` (
  `products_id` int(10) unsigned NOT NULL DEFAULT '1',
  `xsell_products_id` int(10) unsigned NOT NULL DEFAULT '1',
  PRIMARY KEY (`products_id`,`xsell_products_id`)
) ENGINE=MyISAM DEFAULT CHARSET=utf8;

--
-- 转存表中的数据 `toc_products_xsell`
--

INSERT INTO `toc_products_xsell` (`products_id`, `xsell_products_id`) VALUES
(15, 3);

-- --------------------------------------------------------

--
-- 表的结构 `toc_quantity_discount_groups`
--

CREATE TABLE IF NOT EXISTS `toc_quantity_discount_groups` (
  `quantity_discount_groups_id` int(11) NOT NULL AUTO_INCREMENT,
  `quantity_discount_groups_name` varchar(128) NOT NULL,
  PRIMARY KEY (`quantity_discount_groups_id`)
) ENGINE=MyISAM DEFAULT CHARSET=utf8 AUTO_INCREMENT=1 ;

--
-- 转存表中的数据 `toc_quantity_discount_groups`
--


-- --------------------------------------------------------

--
-- 表的结构 `toc_quantity_discount_groups_values`
--

CREATE TABLE IF NOT EXISTS `toc_quantity_discount_groups_values` (
  `quantity_discount_groups_values_id` int(11) NOT NULL AUTO_INCREMENT,
  `quantity_discount_groups_id` int(11) NOT NULL,
  `customers_groups_id` int(11) NOT NULL,
  `quantity` int(11) NOT NULL,
  `discount` int(11) NOT NULL,
  PRIMARY KEY (`quantity_discount_groups_values_id`),
  KEY `quantity_discount_groups_id` (`quantity_discount_groups_id`),
  KEY `customers_groups_id` (`customers_groups_id`)
) ENGINE=MyISAM DEFAULT CHARSET=utf8 AUTO_INCREMENT=1 ;

--
-- 转存表中的数据 `toc_quantity_discount_groups_values`
--


-- --------------------------------------------------------

--
-- 表的结构 `toc_quantity_unit_classes`
--

CREATE TABLE IF NOT EXISTS `toc_quantity_unit_classes` (
  `quantity_unit_class_id` int(11) NOT NULL,
  `language_id` int(11) NOT NULL,
  `quantity_unit_class_title` varchar(32) NOT NULL,
  PRIMARY KEY (`quantity_unit_class_id`,`language_id`)
) ENGINE=MyISAM DEFAULT CHARSET=utf8;

--
-- 转存表中的数据 `toc_quantity_unit_classes`
--

INSERT INTO `toc_quantity_unit_classes` (`quantity_unit_class_id`, `language_id`, `quantity_unit_class_title`) VALUES
(1, 1, 'pcs'),
(2, 1, 'kg'),
(3, 1, 'liter'),
(4, 1, 'dozen'),
(1, 2, '个'),
(2, 2, '公斤'),
(3, 2, '升'),
(4, 2, '打');

-- --------------------------------------------------------

--
-- 表的结构 `toc_ratings`
--

CREATE TABLE IF NOT EXISTS `toc_ratings` (
  `ratings_id` int(11) NOT NULL AUTO_INCREMENT,
  `status` tinyint(1) NOT NULL,
  PRIMARY KEY (`ratings_id`)
) ENGINE=MyISAM  DEFAULT CHARSET=utf8 AUTO_INCREMENT=3 ;

--
-- 转存表中的数据 `toc_ratings`
--

INSERT INTO `toc_ratings` (`ratings_id`, `status`) VALUES
(1, 1),
(2, 1);

-- --------------------------------------------------------

--
-- 表的结构 `toc_ratings_description`
--

CREATE TABLE IF NOT EXISTS `toc_ratings_description` (
  `ratings_id` int(11) NOT NULL,
  `languages_id` int(11) NOT NULL,
  `ratings_text` varchar(64) NOT NULL,
  PRIMARY KEY (`ratings_id`,`languages_id`)
) ENGINE=MyISAM DEFAULT CHARSET=utf8;

--
-- 转存表中的数据 `toc_ratings_description`
--

INSERT INTO `toc_ratings_description` (`ratings_id`, `languages_id`, `ratings_text`) VALUES
(1, 1, 'Quality'),
(2, 1, 'Price');

-- --------------------------------------------------------

--
-- 表的结构 `toc_reviews`
--

CREATE TABLE IF NOT EXISTS `toc_reviews` (
  `reviews_id` int(11) NOT NULL AUTO_INCREMENT,
  `products_id` int(11) NOT NULL,
  `customers_id` int(11) DEFAULT NULL,
  `customers_name` varchar(64) NOT NULL,
  `reviews_rating` int(1) DEFAULT NULL,
  `languages_id` int(11) NOT NULL,
  `reviews_text` text NOT NULL,
  `date_added` datetime DEFAULT NULL,
  `last_modified` datetime DEFAULT NULL,
  `reviews_read` int(5) NOT NULL DEFAULT '0',
  `reviews_status` tinyint(1) NOT NULL,
  PRIMARY KEY (`reviews_id`)
) ENGINE=MyISAM  DEFAULT CHARSET=utf8 AUTO_INCREMENT=25 ;

--
-- 转存表中的数据 `toc_reviews`
--

INSERT INTO `toc_reviews` (`reviews_id`, `products_id`, `customers_id`, `customers_name`, `reviews_rating`, `languages_id`, `reviews_text`, `date_added`, `last_modified`, `reviews_read`, `reviews_status`) VALUES
(1, 1, 1, 'lei zheng', 3, 1, 'this is a good review text this is a good review text this is a good review text', '2011-12-06 17:53:11', NULL, 0, 1),
(2, 1, 1, 'lei zheng', 2, 1, 'this is a good review text this is a good review text this is a good review text', '2011-12-07 17:53:21', NULL, 0, 1),
(3, 1, 1, 'lei zheng', 3, 1, 'this is a good review text this is a good review text this is a good review text', '2011-12-03 17:53:29', NULL, 0, 1),
(4, 1, 1, 'lei zheng', 2, 1, 'this is a good review text this is a good review text this is a good review text', '2011-12-13 17:53:34', NULL, 0, 1);

-- --------------------------------------------------------

--
-- 表的结构 `toc_search_terms`
--

CREATE TABLE IF NOT EXISTS `toc_search_terms` (
  `search_terms_id` int(10) NOT NULL AUTO_INCREMENT,
  `text` varchar(128) NOT NULL,
  `products_count` int(10) NOT NULL,
  `search_count` int(10) NOT NULL,
  `synonym` varchar(128) NOT NULL,
  `show_in_terms` tinyint(1) NOT NULL,
  `date_updated` datetime NOT NULL,
  PRIMARY KEY (`search_terms_id`)
) ENGINE=MyISAM  DEFAULT CHARSET=utf8 AUTO_INCREMENT=11 ;

--
-- 转存表中的数据 `toc_search_terms`
--

INSERT INTO `toc_search_terms` (`search_terms_id`, `text`, `products_count`, `search_count`, `synonym`, `show_in_terms`, `date_updated`) VALUES
(1, 'apple', 2, 30, '', 1, '2011-08-31 09:17:05'),
(2, 'asus', 0, 7, '', 0, '2011-08-31 09:17:05'),
(3, 'ibm', 0, 16, '', 0, '2011-08-31 09:17:05'),
(4, 'sony', 0, 27, '', 1, '2011-08-31 09:17:05'),
(5, 'acer', 0, 95, '', 1, '2011-08-31 09:17:05'),
(6, 'benq', 0, 46, '', 1, '2011-08-31 09:17:05'),
(7, 'lenovo', 0, 55, '', 1, '2011-08-31 09:17:05'),
(8, 'nokia', 0, 74, '', 1, '2011-08-31 09:17:05'),
(9, 'LG', 0, 75, '', 1, '2011-08-31 09:17:05'),
(10, 'Samsung', 0, 42, '', 1, '2011-08-31 09:17:05');

-- --------------------------------------------------------

--
-- 表的结构 `toc_sessions`
--

CREATE TABLE IF NOT EXISTS `toc_sessions` (
  `session_id` varchar(40) CHARACTER SET utf8 NOT NULL DEFAULT '0',
  `ip_address` varchar(16) CHARACTER SET utf8 NOT NULL DEFAULT '0',
  `user_agent` varchar(120) CHARACTER SET utf8 NOT NULL,
  `last_activity` int(10) unsigned NOT NULL DEFAULT '0',
  `user_data` text CHARACTER SET utf8,
  PRIMARY KEY (`session_id`),
  KEY `last_activity_idx` (`last_activity`)
) ENGINE=MyISAM DEFAULT CHARSET=latin1;

--
-- 转存表中的数据 `toc_sessions`
--

INSERT INTO `toc_sessions` (`session_id`, `ip_address`, `user_agent`, `last_activity`, `user_data`) VALUES
('92b63ea14e89df7f170f45c04b645bae', '127.0.0.1', 'Mozilla/5.0 (Windows NT 6.1; rv:12.0) Gecko/20100101 Firefox/12.0', 1346069624, 'a:3:{s:9:"user_data";s:0:"";s:14:"admin_language";s:5:"en_US";s:8:"template";a:2:{s:2:"id";i:1;s:4:"code";s:7:"default";}}'),
('02f5a9998c88b22ebf081f0f690a62a2', '127.0.0.1', 'Mozilla/5.0 (Windows NT 6.1; rv:12.0) Gecko/20100101 Firefox/12.0', 1346068454, 'a:4:{s:9:"user_data";s:0:"";s:14:"admin_language";s:5:"en_US";s:8:"template";a:2:{s:2:"id";i:1;s:4:"code";s:7:"default";}s:10:"admin_data";a:4:{s:2:"id";s:1:"1";s:4:"name";s:5:"admin";s:8:"settings";s:1047:"a:1:{s:7:"desktop";a:17:{s:5:"theme";s:0:"";s:12:"transparency";s:3:"100";s:15:"backgroundcolor";s:6:"3A6EA5";s:9:"fontcolor";s:6:"FFFFFF";s:9:"wallpaper";s:5:"blank";s:17:"wallpaperposition";s:4:"tile";s:7:"autorun";s:17:"["dashboard-win"]";s:11:"contextmenu";s:18:"["categories-win"]";s:10:"quickstart";s:202:"["articles_categories-win","articles-win","faqs-win","slide_images-win","products-win","customers-win","orders-win","invoices-win","coupons-win","gift_certificates-win","dashboard-win","categories-win"]";s:8:"shortcut";s:185:"["articles_categories-win","articles-win","faqs-win","slide_images-win","products-win","customers-win","orders-win","invoices-win","coupons-win","gift_certificates-win","dashboard-win"]";s:15:"wizard_complete";b:1;s:10:"dashboards";s:87:"overview:0,new_orders:1,new_customers:2,new_reviews:0,orders_statistics:1,last_visits:2";s:7:"gadgets";s:38:"["clock","new_customers","new_orders"]";s:19:"sidebartransparency";s:1:"5";s:22:"sidebarbackgroundcolor";s:6:"FFFFFF";s:11:"sidebaropen";b:1;s:8:"livefeed";i:0;}}";s:13:"email_address";s:19:"info@tomatocart.com";}}'),
('19b802b28eafc038cb7c202a6a128e36', '127.0.0.1', 'Mozilla/5.0 (Windows NT 6.1; rv:12.0) Gecko/20100101 Firefox/12.0', 1346069629, 'a:6:{s:9:"user_data";s:0:"";s:13:"cart_contents";a:14:{s:8:"contents";a:0:{}s:8:"subtotal";i:0;s:5:"total";i:0;s:6:"weight";i:0;s:3:"tax";i:0;s:10:"tax_groups";a:0:{}s:21:"shipping_boxes_weight";i:0;s:14:"shipping_boxes";i:0;s:16:"shipping_address";a:2:{s:7:"zone_id";s:4:"4026";s:10:"country_id";s:3:"223";}s:15:"shipping_method";a:5:{s:2:"id";s:9:"flat_flat";s:5:"title";s:20:"Flat Rate (Best Way)";s:4:"cost";s:4:"5.00";s:12:"tax_class_id";s:1:"0";s:11:"is_cheapest";N;}s:15:"billing_address";a:2:{s:7:"zone_id";s:4:"4026";s:10:"country_id";s:3:"223";}s:14:"billing_method";a:0:{}s:15:"shipping_quotes";a:0:{}s:12:"order_totals";a:0:{}}s:8:"currency";s:3:"USD";s:8:"language";s:5:"en_US";s:8:"template";a:2:{s:2:"id";s:1:"1";s:4:"code";s:7:"default";}s:8:"comments";N;}'),
('8d3f8d4d724951a2f5a5959d0cbf7975', '127.0.0.1', 'Mozilla/5.0 (Windows NT 6.1; rv:12.0) Gecko/20100101 Firefox/12.0', 1346069666, 'a:3:{s:9:"user_data";s:0:"";s:14:"admin_language";s:5:"en_US";s:8:"template";a:2:{s:2:"id";i:1;s:4:"code";s:7:"default";}}'),
('5ba183ded5ae2a402998275615017dc9', '127.0.0.1', 'Mozilla/5.0 (Windows NT 6.1; rv:12.0) Gecko/20100101 Firefox/12.0', 1346069674, 'a:6:{s:9:"user_data";s:0:"";s:13:"cart_contents";a:14:{s:8:"contents";a:1:{s:10:"19#1:2;2:5";a:16:{s:2:"id";s:10:"19#1:2;2:5";s:4:"name";s:37:"SONY DSC-T700(g) DIGITAL VIDEO CAMERA";s:4:"type";s:1:"0";s:7:"keyword";N;s:3:"sku";s:0:"";s:5:"image";s:18:"dsc-t700-38324.jpg";s:5:"price";s:8:"179.0000";s:11:"final_price";s:8:"179.0000";s:8:"quantity";i:1;s:6:"weight";s:4:"0.00";s:12:"tax_class_id";s:1:"0";s:10:"date_added";s:10:"08/27/2012";s:15:"weight_class_id";s:1:"2";s:8:"in_stock";i:10;s:20:"products_variants_id";s:1:"2";s:8:"variants";a:2:{i:1;a:4:{s:9:"groups_id";i:1;s:18:"variants_values_id";s:1:"2";s:11:"groups_name";s:5:"Color";s:11:"values_name";s:6:"Yellow";}i:2;a:4:{s:9:"groups_id";i:2;s:18:"variants_values_id";s:1:"5";s:11:"groups_name";s:4:"Size";s:11:"values_name";s:1:"L";}}}}s:8:"subtotal";i:0;s:5:"total";d:181.5;s:6:"weight";d:0;s:3:"tax";d:0;s:10:"tax_groups";a:1:{s:16:"Tax rate unknown";d:0;}s:21:"shipping_boxes_weight";d:3;s:14:"shipping_boxes";i:1;s:16:"shipping_address";a:20:{s:2:"id";i:-1;s:6:"gender";s:1:"m";s:9:"firstname";s:4:"jack";s:8:"lastname";s:3:"yin";s:7:"company";s:7:"elootec";s:14:"street_address";s:8:"qingyang";s:6:"suburb";s:0:"";s:4:"city";s:4:"wuxi";s:8:"postcode";s:6:"215500";s:5:"state";s:10:"Cəlilabab";s:7:"zone_id";s:4:"4022";s:9:"zone_code";s:3:"CAL";s:10:"country_id";s:3:"223";s:13:"country_title";s:24:"United States of America";s:18:"country_iso_code_2";s:2:"US";s:18:"country_iso_code_3";s:3:"USA";s:6:"format";s:58:":name\n:street_address\n:city :state_code :postcode\n:country";s:16:"telephone_number";s:11:"12312312312";s:3:"fax";s:0:"";s:23:"create_shipping_address";i:1;}s:15:"shipping_method";a:5:{s:2:"id";s:9:"item_item";s:5:"title";s:19:"Per Item (Best Way)";s:4:"cost";d:2.5;s:12:"tax_class_id";s:1:"0";s:11:"is_cheapest";b:1;}s:15:"billing_address";a:24:{s:2:"id";i:-1;s:13:"email_address";s:23:"jack.yin@tomatocart.com";s:15:"checkout_method";N;s:8:"password";s:0:"";s:6:"gender";s:1:"m";s:9:"firstname";s:4:"jack";s:8:"lastname";s:3:"yin";s:7:"company";s:7:"elootec";s:14:"street_address";s:8:"qingyang";s:6:"suburb";s:0:"";s:4:"city";s:4:"wuxi";s:8:"postcode";s:6:"215500";s:5:"state";s:10:"Cəlilabab";s:7:"zone_id";s:4:"4022";s:9:"zone_code";s:3:"CAL";s:10:"country_id";s:3:"223";s:13:"country_title";s:24:"United States of America";s:18:"country_iso_code_2";s:2:"US";s:18:"country_iso_code_3";s:3:"USA";s:6:"format";s:58:":name\n:street_address\n:city :state_code :postcode\n:country";s:16:"telephone_number";s:11:"12312312312";s:3:"fax";s:0:"";s:20:"ship_to_this_address";s:2:"on";s:22:"create_billing_address";s:2:"on";}s:14:"billing_method";a:0:{}s:15:"shipping_quotes";a:0:{}s:12:"order_totals";a:3:{i:0;a:6:{s:4:"code";s:9:"sub_total";s:5:"title";s:10:"Sub-Total:";s:4:"text";s:7:"$179.00";s:5:"value";d:179;s:3:"tax";d:-179;s:10:"sort_order";s:2:"10";}i:1;a:6:{s:4:"code";s:18:"shipping-item_item";s:5:"title";s:20:"Per Item (Best Way):";s:4:"text";s:5:"$2.50";s:5:"value";d:2.5;s:3:"tax";d:0;s:10:"sort_order";s:2:"20";}i:2;a:6:{s:4:"code";s:5:"total";s:5:"title";s:6:"Total:";s:4:"text";s:14:"<b>$181.50</b>";s:5:"value";d:181.5;s:3:"tax";d:-181.5;s:10:"sort_order";s:2:"80";}}}s:8:"currency";s:3:"USD";s:8:"language";s:5:"en_US";s:8:"template";a:2:{s:2:"id";s:1:"1";s:4:"code";s:7:"default";}s:13:"customer_data";a:11:{s:2:"id";s:2:"18";s:6:"gender";s:1:"m";s:9:"firstname";s:4:"jack";s:8:"lastname";s:3:"yin";s:13:"email_address";s:23:"jack.yin@tomatocart.com";s:18:"default_address_id";N;s:19:"customers_groups_id";N;s:7:"credits";s:6:"0.0000";s:25:"customers_groups_discount";N;s:10:"country_id";N;s:7:"zone_id";N;}}'),
('3c49035aff8aef6d7f01058b33c11430', '127.0.0.1', 'Mozilla/5.0 (Windows NT 6.1; rv:12.0) Gecko/20100101 Firefox/12.0', 1346068791, 'a:6:{s:9:"user_data";s:0:"";s:13:"cart_contents";a:14:{s:8:"contents";a:1:{i:1;a:14:{s:2:"id";i:1;s:4:"name";s:12:"Dell XPS 630";s:4:"type";s:1:"0";s:7:"keyword";N;s:3:"sku";s:12:"DELL-XPS-SKU";s:5:"image";s:23:"4589430859034895043.jpg";s:5:"price";s:8:"799.0000";s:11:"final_price";s:8:"799.0000";s:8:"quantity";i:1;s:6:"weight";s:5:"10.00";s:12:"tax_class_id";s:1:"0";s:10:"date_added";s:10:"08/27/2012";s:15:"weight_class_id";s:1:"2";s:8:"in_stock";i:9;}}s:8:"subtotal";i:0;s:5:"total";d:804;s:6:"weight";d:10;s:3:"tax";d:0;s:10:"tax_groups";a:1:{s:16:"Tax rate unknown";d:0;}s:21:"shipping_boxes_weight";d:13;s:14:"shipping_boxes";i:1;s:16:"shipping_address";a:20:{s:2:"id";i:-1;s:6:"gender";s:1:"m";s:9:"firstname";s:4:"jack";s:8:"lastname";s:3:"yin";s:7:"company";s:7:"elootec";s:14:"street_address";s:8:"qingyang";s:6:"suburb";s:0:"";s:4:"city";s:4:"wuxi";s:8:"postcode";s:6:"215500";s:5:"state";s:10:"Cəlilabab";s:7:"zone_id";s:4:"4022";s:9:"zone_code";s:3:"CAL";s:10:"country_id";s:3:"223";s:13:"country_title";s:24:"United States of America";s:18:"country_iso_code_2";s:2:"US";s:18:"country_iso_code_3";s:3:"USA";s:6:"format";s:58:":name\n:street_address\n:city :state_code :postcode\n:country";s:16:"telephone_number";s:8:"12312312";s:3:"fax";s:0:"";s:23:"create_shipping_address";i:1;}s:15:"shipping_method";a:5:{s:2:"id";s:9:"flat_flat";s:5:"title";s:20:"Flat Rate (Best Way)";s:4:"cost";s:4:"5.00";s:12:"tax_class_id";s:1:"0";s:11:"is_cheapest";b:1;}s:15:"billing_address";a:24:{s:2:"id";i:-1;s:13:"email_address";s:23:"jack.yin@tomatocart.com";s:15:"checkout_method";N;s:8:"password";s:0:"";s:6:"gender";s:1:"m";s:9:"firstname";s:4:"jack";s:8:"lastname";s:3:"yin";s:7:"company";s:7:"elootec";s:14:"street_address";s:8:"qingyang";s:6:"suburb";s:0:"";s:4:"city";s:4:"wuxi";s:8:"postcode";s:6:"215500";s:5:"state";s:10:"Cəlilabab";s:7:"zone_id";s:4:"4022";s:9:"zone_code";s:3:"CAL";s:10:"country_id";s:3:"223";s:13:"country_title";s:24:"United States of America";s:18:"country_iso_code_2";s:2:"US";s:18:"country_iso_code_3";s:3:"USA";s:6:"format";s:58:":name\n:street_address\n:city :state_code :postcode\n:country";s:16:"telephone_number";s:8:"12312312";s:3:"fax";s:0:"";s:20:"ship_to_this_address";s:2:"on";s:22:"create_billing_address";s:2:"on";}s:14:"billing_method";a:0:{}s:15:"shipping_quotes";a:0:{}s:12:"order_totals";a:3:{i:0;a:6:{s:4:"code";s:9:"sub_total";s:5:"title";s:10:"Sub-Total:";s:4:"text";s:7:"$799.00";s:5:"value";d:799;s:3:"tax";d:-799;s:10:"sort_order";s:2:"10";}i:1;a:6:{s:4:"code";s:18:"shipping-flat_flat";s:5:"title";s:21:"Flat Rate (Best Way):";s:4:"text";s:5:"$5.00";s:5:"value";s:4:"5.00";s:3:"tax";d:0;s:10:"sort_order";s:2:"20";}i:2;a:6:{s:4:"code";s:5:"total";s:5:"title";s:6:"Total:";s:4:"text";s:14:"<b>$804.00</b>";s:5:"value";d:804;s:3:"tax";d:-804;s:10:"sort_order";s:2:"80";}}}s:8:"currency";s:3:"USD";s:8:"language";s:5:"en_US";s:8:"template";a:2:{s:2:"id";s:1:"1";s:4:"code";s:7:"default";}s:13:"customer_data";a:11:{s:2:"id";s:2:"18";s:6:"gender";s:1:"m";s:9:"firstname";s:4:"jack";s:8:"lastname";s:3:"yin";s:13:"email_address";s:23:"jack.yin@tomatocart.com";s:18:"default_address_id";N;s:19:"customers_groups_id";N;s:7:"credits";s:6:"0.0000";s:25:"customers_groups_discount";N;s:10:"country_id";N;s:7:"zone_id";N;}}'),
('44ab7c7e5aeae307584b3e9b71a518cc', '127.0.0.1', 'Mozilla/5.0 (compatible; MSIE 9.0; Windows NT 6.1; Trident/5.0)', 1346068797, 'a:5:{s:9:"user_data";s:0:"";s:13:"cart_contents";a:14:{s:8:"contents";a:0:{}s:8:"subtotal";i:0;s:5:"total";i:0;s:6:"weight";i:0;s:3:"tax";i:0;s:10:"tax_groups";a:0:{}s:21:"shipping_boxes_weight";i:0;s:14:"shipping_boxes";i:0;s:16:"shipping_address";a:2:{s:7:"zone_id";s:4:"4026";s:10:"country_id";s:3:"223";}s:15:"shipping_method";a:0:{}s:15:"billing_address";a:2:{s:7:"zone_id";s:4:"4026";s:10:"country_id";s:3:"223";}s:14:"billing_method";a:0:{}s:15:"shipping_quotes";a:0:{}s:12:"order_totals";a:0:{}}s:8:"currency";s:3:"USD";s:8:"language";s:5:"en_US";s:8:"template";a:2:{s:2:"id";s:1:"1";s:4:"code";s:7:"default";}}'),
('7a80a3e4a0237c83fa79f87ff00c2873', '127.0.0.1', 'Mozilla/5.0 (Windows NT 6.1; rv:12.0) Gecko/20100101 Firefox/12.0', 1346068900, 'a:3:{s:9:"user_data";s:0:"";s:14:"admin_language";s:5:"en_US";s:8:"template";a:2:{s:2:"id";i:1;s:4:"code";s:7:"default";}}'),
('81e72e1acd1f23043467cdd7c7160a22', '127.0.0.1', 'Mozilla/5.0 (Windows NT 6.1; rv:12.0) Gecko/20100101 Firefox/12.0', 1346069584, 'a:6:{s:9:"user_data";s:0:"";s:13:"cart_contents";a:14:{s:8:"contents";a:0:{}s:8:"subtotal";i:0;s:5:"total";i:0;s:6:"weight";i:0;s:3:"tax";i:0;s:10:"tax_groups";a:0:{}s:21:"shipping_boxes_weight";i:0;s:14:"shipping_boxes";i:0;s:16:"shipping_address";a:2:{s:7:"zone_id";s:4:"4026";s:10:"country_id";s:3:"223";}s:15:"shipping_method";a:0:{}s:15:"billing_address";a:2:{s:7:"zone_id";s:4:"4026";s:10:"country_id";s:3:"223";}s:14:"billing_method";a:0:{}s:15:"shipping_quotes";a:0:{}s:12:"order_totals";a:0:{}}s:8:"currency";s:3:"USD";s:8:"language";s:5:"en_US";s:8:"template";a:2:{s:2:"id";s:1:"1";s:4:"code";s:7:"default";}s:13:"customer_data";a:11:{s:2:"id";s:2:"18";s:6:"gender";s:1:"m";s:9:"firstname";s:4:"jack";s:8:"lastname";s:3:"yin";s:13:"email_address";s:23:"jack.yin@tomatocart.com";s:18:"default_address_id";N;s:19:"customers_groups_id";N;s:7:"credits";s:6:"0.0000";s:25:"customers_groups_discount";N;s:10:"country_id";N;s:7:"zone_id";N;}}'),
('1651a91edc8c2b953a9b2e5f2c6277ca', '127.0.0.1', 'Mozilla/5.0 (Windows NT 6.1; rv:12.0) Gecko/20100101 Firefox/12.0', 1346069753, 'a:3:{s:9:"user_data";s:0:"";s:14:"admin_language";s:5:"en_US";s:8:"template";a:2:{s:2:"id";i:1;s:4:"code";s:7:"default";}}'),
('79d96112e9f8348000b20fa973bd0638', '127.0.0.1', 'Mozilla/5.0 (Windows NT 6.1; rv:12.0) Gecko/20100101 Firefox/12.0', 1346070872, 'a:8:{s:9:"user_data";s:0:"";s:13:"cart_contents";a:14:{s:8:"contents";a:0:{}s:8:"subtotal";i:0;s:5:"total";i:0;s:6:"weight";i:0;s:3:"tax";i:0;s:10:"tax_groups";a:0:{}s:21:"shipping_boxes_weight";i:0;s:14:"shipping_boxes";i:0;s:16:"shipping_address";a:2:{s:7:"zone_id";s:4:"4026";s:10:"country_id";s:3:"223";}s:15:"shipping_method";a:0:{}s:15:"billing_address";a:2:{s:7:"zone_id";s:4:"4026";s:10:"country_id";s:3:"223";}s:14:"billing_method";a:0:{}s:15:"shipping_quotes";a:0:{}s:12:"order_totals";a:0:{}}s:8:"currency";s:3:"USD";s:8:"language";s:5:"en_US";s:8:"template";a:2:{s:2:"id";s:1:"1";s:4:"code";s:7:"default";}s:13:"customer_data";a:11:{s:2:"id";s:2:"18";s:6:"gender";s:1:"m";s:9:"firstname";s:4:"jack";s:8:"lastname";s:3:"yin";s:13:"email_address";s:23:"jack.yin@tomatocart.com";s:18:"default_address_id";N;s:19:"customers_groups_id";N;s:7:"credits";s:6:"0.0000";s:25:"customers_groups_discount";N;s:10:"country_id";N;s:7:"zone_id";N;}s:8:"comments";N;s:16:"payment_comments";s:0:"";}'),
('3d4e7aa72c23840c79f782b14a179e60', '127.0.0.1', 'Mozilla/5.0 (Windows NT 6.1; rv:12.0) Gecko/20100101 Firefox/12.0', 1346071324, 'a:4:{s:9:"user_data";s:0:"";s:14:"admin_language";s:5:"en_US";s:8:"template";a:2:{s:2:"id";i:1;s:4:"code";s:7:"default";}s:10:"admin_data";a:4:{s:2:"id";s:1:"1";s:4:"name";s:5:"admin";s:8:"settings";s:1047:"a:1:{s:7:"desktop";a:17:{s:5:"theme";s:0:"";s:12:"transparency";s:3:"100";s:15:"backgroundcolor";s:6:"3A6EA5";s:9:"fontcolor";s:6:"FFFFFF";s:9:"wallpaper";s:5:"blank";s:17:"wallpaperposition";s:4:"tile";s:7:"autorun";s:17:"["dashboard-win"]";s:11:"contextmenu";s:18:"["categories-win"]";s:10:"quickstart";s:202:"["articles_categories-win","articles-win","faqs-win","slide_images-win","products-win","customers-win","orders-win","invoices-win","coupons-win","gift_certificates-win","dashboard-win","categories-win"]";s:8:"shortcut";s:185:"["articles_categories-win","articles-win","faqs-win","slide_images-win","products-win","customers-win","orders-win","invoices-win","coupons-win","gift_certificates-win","dashboard-win"]";s:15:"wizard_complete";b:1;s:10:"dashboards";s:87:"overview:0,new_orders:1,new_customers:2,new_reviews:0,orders_statistics:1,last_visits:2";s:7:"gadgets";s:38:"["clock","new_customers","new_orders"]";s:19:"sidebartransparency";s:1:"5";s:22:"sidebarbackgroundcolor";s:6:"FFFFFF";s:11:"sidebaropen";b:1;s:8:"livefeed";i:0;}}";s:13:"email_address";s:19:"info@tomatocart.com";}}'),
('65ad57a953f60eff860e003fb51407b2', '127.0.0.1', 'Mozilla/5.0 (Windows NT 6.1; rv:12.0) Gecko/20100101 Firefox/12.0', 1346074744, 'a:3:{s:9:"user_data";s:0:"";s:14:"admin_language";s:5:"en_US";s:8:"template";a:2:{s:2:"id";i:1;s:4:"code";s:7:"default";}}');

-- --------------------------------------------------------

--
-- 表的结构 `toc_slide_images`
--

CREATE TABLE IF NOT EXISTS `toc_slide_images` (
  `image_id` int(11) NOT NULL,
  `language_id` int(11) NOT NULL,
  `group` varchar(32) NOT NULL,
  `description` varchar(255) NOT NULL,
  `image` varchar(255) NOT NULL,
  `image_url` char(255) NOT NULL,
  `sort_order` int(5) NOT NULL,
  `status` tinyint(1) NOT NULL,
  PRIMARY KEY (`image_id`,`language_id`)
) ENGINE=MyISAM DEFAULT CHARSET=utf8;

--
-- 转存表中的数据 `toc_slide_images`
--

INSERT INTO `toc_slide_images` (`image_id`, `language_id`, `group`, `description`, `image`, `image_url`, `sort_order`, `status`) VALUES
(2, 1, 'asdfasdfasdf', 'Put here the required information.', 'apple_23_cinema_en.png', 'products.php?18', 0, 1),
(3, 1, 'home_slide', 'Put here the required information.', 'thinkcentre_m57p_en.png', 'products.php?3', 0, 1),
(4, 1, 'home_slide', 'Put here the required information.', 'apple_iphone_3g_en.png', 'products.php?17', 0, 1),
(6, 1, 'pad_home_slide', 'pad_home_slide', 'dell_xps630_en_pad.png', '#', 1, 1),
(7, 1, 'pad_home_slide', 'pad_home_slide', 'apple_23_cinema_en_pad.png', '#', 1, 1),
(2, 2, 'asdfasdfasdf', '请输入需要的信息。', 'apple_23_cinema_en.png', 'products.php?18', 0, 1),
(3, 2, 'home_slide', '请输入需要的信息。', 'thinkcentre_m57p_en.png', 'products.php?3', 0, 1),
(4, 2, 'home_slide', '请输入需要的信息。', 'apple_iphone_3g_en.png', 'products.php?17', 0, 1),
(6, 2, 'pad_home_slide', '请输入需要的信息。', 'dell_xps630_en_pad.png', '#', 1, 1),
(7, 2, 'pad_home_slide', '请输入需要的信息。', 'apple_23_cinema_en_pad.png', '#', 1, 1);

-- --------------------------------------------------------

--
-- 表的结构 `toc_slide_images_bak`
--

CREATE TABLE IF NOT EXISTS `toc_slide_images_bak` (
  `image_id` int(11) NOT NULL,
  `language_id` int(11) NOT NULL,
  `group` varchar(32) NOT NULL,
  `description` varchar(255) NOT NULL,
  `image` varchar(255) NOT NULL,
  `image_url` char(255) NOT NULL,
  `sort_order` int(5) NOT NULL,
  `status` tinyint(1) NOT NULL,
  PRIMARY KEY (`image_id`,`language_id`)
) ENGINE=MyISAM DEFAULT CHARSET=utf8;

--
-- 转存表中的数据 `toc_slide_images_bak`
--

INSERT INTO `toc_slide_images_bak` (`image_id`, `language_id`, `group`, `description`, `image`, `image_url`, `sort_order`, `status`) VALUES
(1, 1, 'home_slide', 'Put here the required information.', 'dell_xps630_en.png', 'products.php?1', 6, 1),
(2, 1, 'asdfasdfasdf', 'Put here the required information.', 'apple_23_cinema_en.png', 'products.php?18', 0, 1),
(3, 1, 'home_slide', 'Put here the required information.', 'thinkcentre_m57p_en.png', 'products.php?3', 0, 1),
(4, 1, 'home_slide', 'Put here the required information.', 'apple_iphone_3g_en.png', 'products.php?17', 0, 1),
(5, 1, 'home_slide', 'Put here the required information.', 'hp_tx2510us_en.png', 'products.php?13', 0, 1),
(6, 1, 'pad_home_slide', 'pad_home_slide', 'dell_xps630_en_pad.png', '#', 1, 1),
(7, 1, 'pad_home_slide', 'pad_home_slide', 'apple_23_cinema_en_pad.png', '#', 1, 1),
(1, 2, 'home_slide', '请输入需要的信息。', 'dell_xps630_en.png', 'products.php?1', 6, 1),
(2, 2, 'asdfasdfasdf', '请输入需要的信息。', 'apple_23_cinema_en.png', 'products.php?18', 0, 1),
(3, 2, 'home_slide', '请输入需要的信息。', 'thinkcentre_m57p_en.png', 'products.php?3', 0, 1),
(4, 2, 'home_slide', '请输入需要的信息。', 'apple_iphone_3g_en.png', 'products.php?17', 0, 1),
(5, 2, 'home_slide', '请输入需要的信息。', 'hp_tx2510us_en.png', 'products.php?13', 0, 1),
(6, 2, 'pad_home_slide', '请输入需要的信息。', 'dell_xps630_en_pad.png', '#', 1, 1),
(7, 2, 'pad_home_slide', '请输入需要的信息。', 'apple_23_cinema_en_pad.png', '#', 1, 1);

-- --------------------------------------------------------

--
-- 表的结构 `toc_specials`
--

CREATE TABLE IF NOT EXISTS `toc_specials` (
  `specials_id` int(11) NOT NULL AUTO_INCREMENT,
  `products_id` int(11) NOT NULL,
  `specials_new_products_price` decimal(15,4) NOT NULL,
  `specials_date_added` datetime DEFAULT NULL,
  `specials_last_modified` datetime DEFAULT NULL,
  `start_date` datetime DEFAULT NULL,
  `expires_date` datetime DEFAULT NULL,
  `date_status_change` datetime DEFAULT NULL,
  `status` int(1) NOT NULL DEFAULT '1',
  PRIMARY KEY (`specials_id`)
) ENGINE=MyISAM  DEFAULT CHARSET=utf8 AUTO_INCREMENT=11 ;

--
-- 转存表中的数据 `toc_specials`
--

INSERT INTO `toc_specials` (`specials_id`, `products_id`, `specials_new_products_price`, `specials_date_added`, `specials_last_modified`, `start_date`, `expires_date`, `date_status_change`, `status`) VALUES
(1, 1, 22.0000, '2011-11-16 20:37:25', '2011-11-25 20:37:31', '2011-11-27 20:37:34', '2011-11-29 20:37:38', '2011-11-26 20:37:44', 1),
(2, 3, 33.0000, '2011-11-16 20:37:25', '2011-11-25 20:37:31', '2011-11-27 20:37:34', '2011-11-29 20:37:38', '2011-11-26 20:37:44', 1),
(3, 2, 323.0000, '2011-11-16 20:37:25', '2011-11-25 20:37:31', '2011-11-27 20:37:34', '2011-11-29 20:37:38', '2011-11-26 20:37:44', 1),
(4, 4, 323.0000, '2011-11-16 20:37:25', '2011-11-25 20:37:31', '2011-11-27 20:37:34', '2011-11-29 20:37:38', '2011-11-26 20:37:44', 1),
(5, 5, 323.0000, '2011-11-16 20:37:25', '2011-11-25 20:37:31', '2011-11-27 20:37:34', '2011-11-29 20:37:38', '2011-11-26 20:37:44', 1),
(6, 6, 22.0000, '2011-11-16 20:37:25', '2011-11-25 20:37:31', '2011-11-27 20:37:34', '2011-11-29 20:37:38', '2011-11-26 20:37:44', 1),
(7, 7, 22.0000, '2011-11-16 20:37:25', '2011-11-25 20:37:31', '2011-11-27 20:37:34', '2011-11-29 20:37:38', '2011-11-26 20:37:44', 1),
(8, 8, 22.0000, '2011-11-16 20:37:25', '2011-11-25 20:37:31', '2011-11-27 20:37:34', '2011-11-29 20:37:38', '2011-11-26 20:37:44', 1),
(9, 9, 22.0000, '2011-11-16 20:37:25', '2011-11-25 20:37:31', '2011-11-27 20:37:34', '2011-11-29 20:37:38', '2011-11-26 20:37:44', 1),
(10, 10, 22.0000, '2011-11-16 20:37:25', '2011-11-25 20:37:31', '2011-11-27 20:37:34', '2011-11-29 20:37:38', '2011-11-26 20:37:44', 1);

-- --------------------------------------------------------

--
-- 表的结构 `toc_tax_class`
--

CREATE TABLE IF NOT EXISTS `toc_tax_class` (
  `tax_class_id` int(11) NOT NULL AUTO_INCREMENT,
  `tax_class_title` varchar(32) NOT NULL,
  `tax_class_description` varchar(255) NOT NULL,
  `last_modified` datetime DEFAULT NULL,
  `date_added` datetime NOT NULL,
  PRIMARY KEY (`tax_class_id`)
) ENGINE=MyISAM  DEFAULT CHARSET=utf8 AUTO_INCREMENT=2 ;

--
-- 转存表中的数据 `toc_tax_class`
--

INSERT INTO `toc_tax_class` (`tax_class_id`, `tax_class_title`, `tax_class_description`, `last_modified`, `date_added`) VALUES
(1, 'Taxable Goods', 'The following types of products are included non-food, services, etc', '2011-08-31 09:16:25', '2011-08-31 09:16:25');

-- --------------------------------------------------------

--
-- 表的结构 `toc_tax_rates`
--

CREATE TABLE IF NOT EXISTS `toc_tax_rates` (
  `tax_rates_id` int(11) NOT NULL AUTO_INCREMENT,
  `tax_zone_id` int(11) NOT NULL,
  `tax_class_id` int(11) NOT NULL,
  `tax_priority` int(5) DEFAULT '1',
  `tax_rate` decimal(7,4) NOT NULL,
  `tax_description` varchar(255) NOT NULL,
  `last_modified` datetime DEFAULT NULL,
  `date_added` datetime NOT NULL,
  PRIMARY KEY (`tax_rates_id`)
) ENGINE=MyISAM  DEFAULT CHARSET=utf8 AUTO_INCREMENT=2 ;

--
-- 转存表中的数据 `toc_tax_rates`
--

INSERT INTO `toc_tax_rates` (`tax_rates_id`, `tax_zone_id`, `tax_class_id`, `tax_priority`, `tax_rate`, `tax_description`, `last_modified`, `date_added`) VALUES
(1, 1, 1, 1, 8.0000, 'FL TAX 7.0%', '2012-08-27 08:04:54', '2011-08-31 09:16:25');

-- --------------------------------------------------------

--
-- 表的结构 `toc_templates`
--

CREATE TABLE IF NOT EXISTS `toc_templates` (
  `id` int(11) NOT NULL AUTO_INCREMENT,
  `title` varchar(64) NOT NULL,
  `code` varchar(32) NOT NULL,
  `author_name` varchar(64) NOT NULL,
  `author_www` varchar(255) DEFAULT NULL,
  `markup_version` varchar(32) DEFAULT NULL,
  `css_based` tinyint(4) DEFAULT NULL,
  `medium` varchar(32) DEFAULT NULL,
  `params` text NOT NULL,
  PRIMARY KEY (`id`)
) ENGINE=MyISAM  DEFAULT CHARSET=utf8 AUTO_INCREMENT=37 ;

--
-- 转存表中的数据 `toc_templates`
--

INSERT INTO `toc_templates` (`id`, `title`, `code`, `author_name`, `author_www`, `markup_version`, `css_based`, `medium`, `params`) VALUES
(1, 'TomatoCart Glass Gray', 'default', 'TomatoCart', 'http://www.tomatocart.com', 'XHTML 1.0 Transitional', 1, 'Screen', '{"template_scheme":"green","logo_slogan":"gr1ay345"}');

-- --------------------------------------------------------

--
-- 表的结构 `toc_templates_boxes`
--

CREATE TABLE IF NOT EXISTS `toc_templates_boxes` (
  `id` int(11) NOT NULL AUTO_INCREMENT,
  `title` varchar(64) NOT NULL,
  `code` varchar(32) NOT NULL,
  `author_name` varchar(64) NOT NULL,
  `author_www` varchar(255) DEFAULT NULL,
  `modules_group` varchar(32) NOT NULL,
  PRIMARY KEY (`id`)
) ENGINE=MyISAM  DEFAULT CHARSET=utf8 AUTO_INCREMENT=106 ;

--
-- 转存表中的数据 `toc_templates_boxes`
--

INSERT INTO `toc_templates_boxes` (`id`, `title`, `code`, `author_name`, `author_www`, `modules_group`) VALUES
(1, 'Best Sellers', 'best_sellers', 'osCommerce', 'http://www.oscommerce.com', 'boxes'),
(2, 'Categories', 'categories', 'osCommerce', 'http://www.oscommerce.com', 'boxes'),
(3, 'Currencies', 'currencies', 'osCommerce', 'http://www.oscommerce.com', 'boxes'),
(4, 'Information', 'information', 'osCommerce', 'http://www.oscommerce.com', 'boxes'),
(5, 'Manufacturer Info', 'manufacturer_info', 'osCommerce', 'http://www.oscommerce.com', 'boxes'),
(6, 'Manufacturers', 'manufacturers', 'osCommerce', 'http://www.oscommerce.com', 'boxes'),
(7, 'Order History', 'order_history', 'osCommerce', 'http://www.oscommerce.com', 'boxes'),
(8, 'Product Notifications', 'product_notifications', 'osCommerce', 'http://www.oscommerce.com', 'boxes'),
(9, 'Reviews', 'reviews', 'osCommerce', 'http://www.oscommerce.com', 'boxes'),
(10, 'Specials', 'specials', 'osCommerce', 'http://www.oscommerce.com', 'boxes'),
(11, 'Tell a Friend', 'tell_a_friend', 'osCommerce', 'http://www.oscommerce.com', 'boxes'),
(12, 'What''s New', 'whats_new', 'osCommerce', 'http://www.oscommerce.com', 'boxes'),
(13, 'New Products', 'new_products', 'osCommerce', 'http://www.oscommerce.com', 'content'),
(14, 'Upcoming Products', 'upcoming_products', 'osCommerce', 'http://www.oscommerce.com', 'content'),
(15, 'Recently Visited', 'recently_visited', 'osCommerce', 'http://www.oscommerce.com', 'content'),
(16, 'Also Purchased Products', 'also_purchased_products', 'osCommerce', 'http://www.oscommerce.com', 'content'),
(17, 'Cross Sell Products', 'xsell_products', 'TomatoCart', 'http://www.tomatocart.com', 'content'),
(18, 'Compare Products', 'compare_products', 'TomatoCart', 'http://www.tomatocart.com', 'boxes'),
(19, 'Popular Search Term', 'popular_search_terms_tag_cloud', 'TomatoCart', 'http://www.tomatocart.com', 'boxes'),
(20, 'Feature Products', 'feature_products', 'TomatoCart', 'http://www.tomatocart.com', 'content'),
(21, 'Shopping Cart', 'shopping_cart', 'TomatoCart', 'http://www.tomatocart.com', 'boxes'),
(22, 'payment_cod_title', 'cod', 'osCommerce', 'http://www.oscommerce.com', 'payment'),
(23, 'shipping_flat_title', 'flat', 'osCommerce', 'http://www.oscommerce.com', 'shipping'),
(24, 'order_total_subtotal_title', 'sub_total', 'osCommerce', 'http://www.oscommerce.com', 'order_total'),
(25, 'order_total_shipping_title', 'shipping', 'osCommerce', 'http://www.oscommerce.com', 'order_total'),
(26, 'order_total_tax_title', 'tax', 'osCommerce', 'http://www.oscommerce.com', 'order_total'),
(27, 'order_total_total_title', 'total', 'osCommerce', 'http://www.oscommerce.com', 'order_total'),
(28, 'order_total_coupon_title', 'coupon', 'TomatoCart', 'http://www.tomatocart.com', 'order_total'),
(29, 'order_total_gift_certificate_title', 'gift_certificate', 'TomatoCart', 'http://www.tomatocart.com', 'order_total'),
(30, 'order_total_store_credit_title', 'store_credit', 'TomatoCart', 'http://www.tomatocart.com', 'order_total'),
(31, 'order_total_gift_wrapping_title', 'gift_wrapping', 'TomatoCart', 'http://www.tomatocart.com', 'order_total'),
(100, 'Slideshow', 'slide_show', 'TomatoCart', 'http://www.tomatocart.com', 'content'),
(101, 'Article Categories', 'articles_categories', 'TomatoCart', 'http://www.tomatocart.com', 'boxes'),
(102, 'Shop By Price', 'shop_by_price', 'TomatoCart', 'http://www.tomatocart.com', 'boxes'),
(103, 'Per Item', 'item', 'osCommerce', 'http://www.oscommerce.com', 'shipping'),
(104, 'Free Shipping', 'free', 'osCommerce', 'http://www.oscommerce.com', 'shipping'),
(105, 'shipping_self_pickup_title', 'selfpickup', 'TomatoCart', 'http://www.tomartocart.com', 'shipping');

-- --------------------------------------------------------

--
-- 表的结构 `toc_templates_boxes_to_pages`
--

CREATE TABLE IF NOT EXISTS `toc_templates_boxes_to_pages` (
  `id` int(11) NOT NULL AUTO_INCREMENT,
  `templates_boxes_id` int(11) NOT NULL,
  `templates_id` int(11) NOT NULL,
  `content_page` varchar(255) NOT NULL,
  `boxes_group` varchar(32) NOT NULL,
  `sort_order` int(11) DEFAULT '0',
  `page_specific` int(11) DEFAULT '0',
  PRIMARY KEY (`id`),
  KEY `templates_boxes_id` (`templates_boxes_id`,`templates_id`,`content_page`,`boxes_group`)
) ENGINE=MyISAM  DEFAULT CHARSET=utf8 AUTO_INCREMENT=26 ;

--
-- 转存表中的数据 `toc_templates_boxes_to_pages`
--

INSERT INTO `toc_templates_boxes_to_pages` (`id`, `templates_boxes_id`, `templates_id`, `content_page`, `boxes_group`, `sort_order`, `page_specific`) VALUES
(1, 2, 1, '*', 'left', 100, 0),
(2, 6, 1, '*', 'left', 200, 0),
(3, 12, 1, '*', 'right', 100, 0),
(4, 4, 1, '*', 'left', 300, 0),
(5, 5, 1, 'products/info', 'right', 200, 0),
(6, 7, 1, '*', 'right', 300, 0),
(7, 1, 1, '*', 'right', 400, 0),
(8, 8, 1, 'products/info', 'right', 500, 0),
(9, 11, 1, 'products/info', 'right', 600, 0),
(10, 10, 1, '*', 'right', 700, 0),
(11, 9, 1, '*', 'right', 800, 0),
(12, 3, 1, '*', 'right', 1000, 0),
(13, 13, 1, 'index/category_listing', 'after', 400, 0),
(14, 13, 1, 'index/index', 'after', 400, 0),
(15, 14, 1, 'index/index', 'after', 450, 0),
(16, 15, 1, '*', 'after', 500, 0),
(17, 16, 1, 'products/info', 'after', 100, 0),
(18, 17, 1, 'products/info', 'after', 200, 0),
(19, 18, 1, '*', 'right', 10, 0),
(20, 19, 1, '*', 'right', 1200, 0),
(21, 20, 1, 'index/index', 'after', 100, 0),
(22, 21, 1, '*', 'right', 50, 0),
(23, 100, 1, 'index/index', 'slideshow', 0, 0),
(24, 101, 1, '*', 'right', 70, 0),
(25, 102, 1, '*', 'right', 50, 0);

-- --------------------------------------------------------

--
-- 表的结构 `toc_templates_modules`
--

CREATE TABLE IF NOT EXISTS `toc_templates_modules` (
  `id` int(11) NOT NULL AUTO_INCREMENT,
  `templates_id` int(11) NOT NULL,
  `medium` varchar(45) NOT NULL,
  `module` varchar(45) NOT NULL,
  `status` tinyint(4) NOT NULL,
  `content_page` varchar(255) NOT NULL,
  `content_group` varchar(32) NOT NULL,
  `sort_order` int(11) NOT NULL,
  `page_specific` tinyint(4) NOT NULL,
  `params` text NOT NULL,
  PRIMARY KEY (`id`)
) ENGINE=MyISAM  DEFAULT CHARSET=utf8 AUTO_INCREMENT=725 ;

--
-- 转存表中的数据 `toc_templates_modules`
--

INSERT INTO `toc_templates_modules` (`id`, `templates_id`, `medium`, `module`, `status`, `content_page`, `content_group`, `sort_order`, `page_specific`, `params`) VALUES
(515, 1, 'mobile', 'categories', 1, '*', 'after', 0, 0, '{"MODULE_CATEGORIES_SHOW_PRODUCT_COUNT":"1"}'),
(529, 1, 'pad', 'categories', 1, '*', 'left', 0, 0, '{"MODULE_CATEGORIES_SHOW_PRODUCT_COUNT":"1"}'),
(531, 1, 'pad', 'information', 1, '*', 'left', 30, 0, 'false'),
(532, 1, 'pad', 'new_products_content', 1, 'index/index', 'after', 0, 0, '{"MODULE_CONTENT_NEW_PRODUCTS_MAX_DISPLAY":"9","MODULE_NEW_PRODUCTS_CACHE":"60"}'),
(533, 1, 'pad', 'special_products_content', 1, 'index/index', 'after', 1, 0, '{"MODULE_SPECIAL_MAX_DISPLAY":"9","MODULE_SPECIAL_CACHE":"60"}'),
(542, 1, 'mobile', 'slideshows', 1, 'index/index', 'before', 0, 0, '{"MODULE_SLIDESHOW_IMAGE_GROUPS":"pad_home_slide","MODULE_SLIDESHOW_SLIDE_WIDTH":"480","MODULE_SLIDESHOW_SLIDE_HEIGHT":"210","MODULE_SLIDESHOW_PLAY_INTERVAL":"3000","MODULE_SLIDESHOW_PAUSE_INTERVAL":"2000","MODULE_SLIDESHOW_HOVER_PAUSE":"true"}'),
(543, 1, 'pad', 'slideshows', 1, 'index/index', 'slideshow', 0, 0, '{"MODULE_SLIDESHOW_IMAGE_GROUPS":"pad_home_slide","MODULE_SLIDESHOW_SLIDE_WIDTH":"1024","MODULE_SLIDESHOW_SLIDE_HEIGHT":"224","MODULE_SLIDESHOW_PLAY_INTERVAL":"3000","MODULE_SLIDESHOW_PAUSE_INTERVAL":"2000","MODULE_SLIDESHOW_HOVER_PAUSE":"true"}'),
(714, 1, 'web', 'header', 1, '*', 'header', 0, 0, ''),
(715, 1, 'web', 'footer', 1, '*', 'footer', 0, 0, ''),
(716, 1, 'web', 'categories', 1, '*', 'left', 0, 0, '{"MODULE_CATEGORIES_SHOW_PRODUCT_COUNT":"-1"}'),
(717, 1, 'web', 'currencies', 1, '*', 'right', 0, 0, 'null'),
(718, 1, 'web', 'slideshows', 1, '*', 'slideshow', 0, 0, '{"MODULE_SLIDESHOW_IMAGE_GROUPS":"home_slide","MODULE_SLIDESHOW_SLIDE_WIDTH":"960","MODULE_SLIDESHOW_SLIDE_HEIGHT":"210","MODULE_SLIDESHOW_PLAY_INTERVAL":"3000","MODULE_SLIDESHOW_PAUSE_INTERVAL":"2000","MODULE_SLIDESHOW_HOVER_PAUSE":"true"}'),
(719, 1, 'web', 'slideshows', 1, '*', 'left', 2, 0, '{"MODULE_SLIDESHOW_IMAGE_GROUPS":"asdfasdfasdf","MODULE_SLIDESHOW_SLIDE_WIDTH":"360","MODULE_SLIDESHOW_SLIDE_HEIGHT":"210","MODULE_SLIDESHOW_PLAY_INTERVAL":"3000","MODULE_SLIDESHOW_PAUSE_INTERVAL":"2000","MODULE_SLIDESHOW_HOVER_PAUSE":"false"}'),
(720, 1, 'web', 'popular_search_terms', 1, '*', 'left', 3, 0, '{"MODULE_POPULAR_SEARCH_TERM_CACHE":"60"}'),
(721, 1, 'web', 'popular_search_terms', 1, '*', 'right', 3, 0, '{"MODULE_POPULAR_SEARCH_TERM_CACHE":"60"}'),
(722, 1, 'web', 'manufacturers', 1, '*', 'left', 0, 0, 'null'),
(723, 1, 'web', 'manufacturers', 1, '*', 'right', 0, 0, 'null'),
(724, 1, 'web', 'slideshows', 1, '*', 'right', 0, 0, '{"MODULE_SLIDESHOW_IMAGE_GROUPS":"pad_home_slide","MODULE_SLIDESHOW_SLIDE_WIDTH":"210","MODULE_SLIDESHOW_SLIDE_HEIGHT":"210","MODULE_SLIDESHOW_PLAY_INTERVAL":"3000","MODULE_SLIDESHOW_PAUSE_INTERVAL":"2000","MODULE_SLIDESHOW_HOVER_PAUSE":"false"}');

-- --------------------------------------------------------

--
-- 表的结构 `toc_weight_classes`
--

CREATE TABLE IF NOT EXISTS `toc_weight_classes` (
  `weight_class_id` int(11) NOT NULL DEFAULT '0',
  `weight_class_key` varchar(4) NOT NULL DEFAULT '',
  `language_id` int(11) NOT NULL DEFAULT '0',
  `weight_class_title` varchar(32) NOT NULL DEFAULT '',
  PRIMARY KEY (`weight_class_id`,`language_id`)
) ENGINE=MyISAM DEFAULT CHARSET=utf8;

--
-- 转存表中的数据 `toc_weight_classes`
--

INSERT INTO `toc_weight_classes` (`weight_class_id`, `weight_class_key`, `language_id`, `weight_class_title`) VALUES
(1, 'g', 1, 'Gram(s)'),
(2, 'kg', 1, 'Kilogram(s)'),
(3, 'oz', 1, 'Ounce(s)'),
(4, 'lb', 1, 'Pound(s)');

-- --------------------------------------------------------

--
-- 表的结构 `toc_weight_classes_rules`
--

CREATE TABLE IF NOT EXISTS `toc_weight_classes_rules` (
  `weight_class_from_id` int(11) NOT NULL DEFAULT '0',
  `weight_class_to_id` int(11) NOT NULL DEFAULT '0',
  `weight_class_rule` decimal(15,4) NOT NULL DEFAULT '0.0000'
) ENGINE=MyISAM DEFAULT CHARSET=utf8;

--
-- 转存表中的数据 `toc_weight_classes_rules`
--

INSERT INTO `toc_weight_classes_rules` (`weight_class_from_id`, `weight_class_to_id`, `weight_class_rule`) VALUES
(1, 2, 0.0010),
(1, 3, 0.0352),
(1, 4, 0.0022),
(2, 1, 1000.0000),
(2, 3, 35.2739),
(2, 4, 2.2046),
(3, 1, 28.3495),
(3, 2, 0.0283),
(3, 4, 0.0625),
(4, 1, 453.5923),
(4, 2, 0.4535),
(4, 3, 16.0000);

-- --------------------------------------------------------

--
-- 表的结构 `toc_whos_online`
--

CREATE TABLE IF NOT EXISTS `toc_whos_online` (
  `customer_id` int(11) DEFAULT NULL,
  `full_name` varchar(64) NOT NULL,
  `session_id` varchar(128) NOT NULL,
  `ip_address` varchar(15) NOT NULL,
  `time_entry` varchar(14) NOT NULL,
  `time_last_click` varchar(14) NOT NULL,
  `last_page_url` varchar(255) NOT NULL,
  `referrer_url` varchar(255) NOT NULL
) ENGINE=MyISAM DEFAULT CHARSET=utf8;

--
-- 转存表中的数据 `toc_whos_online`
--

INSERT INTO `toc_whos_online` (`customer_id`, `full_name`, `session_id`, `ip_address`, `time_entry`, `time_last_click`, `last_page_url`, `referrer_url`) VALUES
(0, 'Guest', 't1l8bumjao64f69688p8u906f4', '127.0.0.1', '1315050931', '1315050942', '/json.php', '');

-- --------------------------------------------------------

--
-- 表的结构 `toc_wishlists`
--

CREATE TABLE IF NOT EXISTS `toc_wishlists` (
  `wishlists_id` int(11) NOT NULL AUTO_INCREMENT,
  `customers_id` int(11) DEFAULT NULL,
  `wishlists_token` varchar(32) NOT NULL,
  PRIMARY KEY (`wishlists_id`)
) ENGINE=MyISAM DEFAULT CHARSET=utf8 AUTO_INCREMENT=1 ;

--
-- 转存表中的数据 `toc_wishlists`
--


-- --------------------------------------------------------

--
-- 表的结构 `toc_wishlists_products`
--

CREATE TABLE IF NOT EXISTS `toc_wishlists_products` (
  `wishlists_products_id` int(11) NOT NULL AUTO_INCREMENT,
  `wishlists_id` int(11) NOT NULL,
  `products_id` int(11) NOT NULL,
  `date_added` datetime NOT NULL,
  `comments` text NOT NULL,
  PRIMARY KEY (`wishlists_products_id`)
) ENGINE=MyISAM DEFAULT CHARSET=utf8 AUTO_INCREMENT=1 ;

--
-- 转存表中的数据 `toc_wishlists_products`
--


-- --------------------------------------------------------

--
-- 表的结构 `toc_zones`
--

CREATE TABLE IF NOT EXISTS `toc_zones` (
  `zone_id` int(11) NOT NULL AUTO_INCREMENT,
  `zone_country_id` int(11) NOT NULL,
  `zone_code` varchar(32) NOT NULL,
  `zone_name` varchar(64) NOT NULL,
  PRIMARY KEY (`zone_id`)
) ENGINE=MyISAM  DEFAULT CHARSET=utf8 AUTO_INCREMENT=4257 ;

--
-- 转存表中的数据 `toc_zones`
--

INSERT INTO `toc_zones` (`zone_id`, `zone_country_id`, `zone_code`, `zone_name`) VALUES
(1, 1, 'BDS', 'بد خشان'),
(2, 1, 'BDG', 'بادغیس'),
(3, 1, 'BGL', 'بغلان'),
(4, 1, 'BAL', 'بلخ'),
(5, 1, 'BAM', 'بامیان'),
(6, 1, 'DAY', 'دایکندی'),
(7, 1, 'FRA', 'فراه'),
(8, 1, 'FYB', 'فارياب'),
(9, 1, 'GHA', 'غزنى'),
(10, 1, 'GHO', 'غور'),
(11, 1, 'HEL', 'هلمند'),
(12, 1, 'HER', 'هرات'),
(13, 1, 'JOW', 'جوزجان'),
(14, 1, 'KAB', 'کابل'),
(15, 1, 'KAN', 'قندھار'),
(16, 1, 'KAP', 'کاپيسا'),
(17, 1, 'KHO', 'خوست'),
(18, 1, 'KNR', 'کُنَر'),
(19, 1, 'KDZ', 'كندوز'),
(20, 1, 'LAG', 'لغمان'),
(21, 1, 'LOW', 'لوګر'),
(22, 1, 'NAN', 'ننگرهار'),
(23, 1, 'NIM', 'نیمروز'),
(24, 1, 'NUR', 'نورستان'),
(25, 1, 'ORU', 'ؤروزگان'),
(26, 1, 'PIA', 'پکتیا'),
(27, 1, 'PKA', 'پکتيکا'),
(28, 1, 'PAN', 'پنج شیر'),
(29, 1, 'PAR', 'پروان'),
(30, 1, 'SAM', 'سمنگان'),
(31, 1, 'SAR', 'سر پل'),
(32, 1, 'TAK', 'تخار'),
(33, 1, 'WAR', 'وردک'),
(34, 1, 'ZAB', 'زابل'),
(35, 2, 'BR', 'Beratit'),
(36, 2, 'BU', 'Bulqizës'),
(37, 2, 'DI', 'Dibrës'),
(38, 2, 'DL', 'Delvinës'),
(39, 2, 'DR', 'Durrësit'),
(40, 2, 'DV', 'Devollit'),
(41, 2, 'EL', 'Elbasanit'),
(42, 2, 'ER', 'Kolonjës'),
(43, 2, 'FR', 'Fierit'),
(44, 2, 'GJ', 'Gjirokastrës'),
(45, 2, 'GR', 'Gramshit'),
(46, 2, 'HA', 'Hasit'),
(47, 2, 'KA', 'Kavajës'),
(48, 2, 'KB', 'Kurbinit'),
(49, 2, 'KC', 'Kuçovës'),
(50, 2, 'KO', 'Korçës'),
(51, 2, 'KR', 'Krujës'),
(52, 2, 'KU', 'Kukësit'),
(53, 2, 'LB', 'Librazhdit'),
(54, 2, 'LE', 'Lezhës'),
(55, 2, 'LU', 'Lushnjës'),
(56, 2, 'MK', 'Mallakastrës'),
(57, 2, 'MM', 'Malësisë së Madhe'),
(58, 2, 'MR', 'Mirditës'),
(59, 2, 'MT', 'Matit'),
(60, 2, 'PG', 'Pogradecit'),
(61, 2, 'PQ', 'Peqinit'),
(62, 2, 'PR', 'Përmetit'),
(63, 2, 'PU', 'Pukës'),
(64, 2, 'SH', 'Shkodrës'),
(65, 2, 'SK', 'Skraparit'),
(66, 2, 'SR', 'Sarandës'),
(67, 2, 'TE', 'Tepelenës'),
(68, 2, 'TP', 'Tropojës'),
(69, 2, 'TR', 'Tiranës'),
(70, 2, 'VL', 'Vlorës'),
(71, 3, '01', 'ولاية أدرار'),
(72, 3, '02', 'ولاية الشلف'),
(73, 3, '03', 'ولاية الأغواط'),
(74, 3, '04', 'ولاية أم البواقي'),
(75, 3, '05', 'ولاية باتنة'),
(76, 3, '06', 'ولاية بجاية'),
(77, 3, '07', 'ولاية بسكرة'),
(78, 3, '08', 'ولاية بشار'),
(79, 3, '09', 'البليدة‎'),
(80, 3, '10', 'ولاية البويرة'),
(81, 3, '11', 'ولاية تمنراست'),
(82, 3, '12', 'ولاية تبسة'),
(83, 3, '13', 'تلمسان'),
(84, 3, '14', 'ولاية تيارت'),
(85, 3, '15', 'تيزي وزو'),
(86, 3, '16', 'ولاية الجزائر'),
(87, 3, '17', 'ولاية عين الدفلى'),
(88, 3, '18', 'ولاية جيجل'),
(89, 3, '19', 'ولاية سطيف'),
(90, 3, '20', 'ولاية سعيدة'),
(91, 3, '21', 'السكيكدة'),
(92, 3, '22', 'ولاية سيدي بلعباس'),
(93, 3, '23', 'ولاية عنابة'),
(94, 3, '24', 'ولاية قالمة'),
(95, 3, '25', 'قسنطينة'),
(96, 3, '26', 'ولاية المدية'),
(97, 3, '27', 'ولاية مستغانم'),
(98, 3, '28', 'ولاية المسيلة'),
(99, 3, '29', 'ولاية معسكر'),
(100, 3, '30', 'ورقلة'),
(101, 3, '31', 'وهران'),
(102, 3, '32', 'ولاية البيض'),
(103, 3, '33', 'ولاية اليزي'),
(104, 3, '34', 'ولاية برج بوعريريج'),
(105, 3, '35', 'ولاية بومرداس'),
(106, 3, '36', 'ولاية الطارف'),
(107, 3, '37', 'تندوف'),
(108, 3, '38', 'ولاية تسمسيلت'),
(109, 3, '39', 'ولاية الوادي'),
(110, 3, '40', 'ولاية خنشلة'),
(111, 3, '41', 'ولاية سوق أهراس'),
(112, 3, '42', 'ولاية تيبازة'),
(113, 3, '43', 'ولاية ميلة'),
(114, 3, '44', 'ولاية عين الدفلى'),
(115, 3, '45', 'ولاية النعامة'),
(116, 3, '46', 'ولاية عين تموشنت'),
(117, 3, '47', 'ولاية غرداية'),
(118, 3, '48', 'ولاية غليزان'),
(119, 4, 'EA', 'Eastern'),
(120, 4, 'MA', 'Manu''a'),
(121, 4, 'RI', 'Rose Island'),
(122, 4, 'SI', 'Swains Island'),
(123, 4, 'WE', 'Western'),
(124, 5, 'AN', 'Andorra la Vella'),
(125, 5, 'CA', 'Canillo'),
(126, 5, 'EN', 'Encamp'),
(127, 5, 'LE', 'Escaldes-Engordany'),
(128, 5, 'LM', 'La Massana'),
(129, 5, 'OR', 'Ordino'),
(130, 5, 'SJ', 'Sant Juliá de Lória'),
(131, 6, 'BGO', 'Bengo'),
(132, 6, 'BGU', 'Benguela'),
(133, 6, 'BIE', 'Bié'),
(134, 6, 'CAB', 'Cabinda'),
(135, 6, 'CCU', 'Cuando Cubango'),
(136, 6, 'CNO', 'Cuanza Norte'),
(137, 6, 'CUS', 'Cuanza Sul'),
(138, 6, 'CNN', 'Cunene'),
(139, 6, 'HUA', 'Huambo'),
(140, 6, 'HUI', 'Huíla'),
(141, 6, 'LUA', 'Luanda'),
(142, 6, 'LNO', 'Lunda Norte'),
(143, 6, 'LSU', 'Lunda Sul'),
(144, 6, 'MAL', 'Malanje'),
(145, 6, 'MOX', 'Moxico'),
(146, 6, 'NAM', 'Namibe'),
(147, 6, 'UIG', 'Uíge'),
(148, 6, 'ZAI', 'Zaire'),
(149, 9, 'BAR', 'Barbuda'),
(150, 9, 'SGE', 'Saint George'),
(151, 9, 'SJO', 'Saint John'),
(152, 9, 'SMA', 'Saint Mary'),
(153, 9, 'SPA', 'Saint Paul'),
(154, 9, 'SPE', 'Saint Peter'),
(155, 9, 'SPH', 'Saint Philip'),
(156, 10, 'A', 'Salta'),
(157, 10, 'B', 'Buenos Aires Province'),
(158, 10, 'C', 'Capital Federal'),
(159, 10, 'D', 'San Luis'),
(160, 10, 'E', 'Entre Ríos'),
(161, 10, 'F', 'La Rioja'),
(162, 10, 'G', 'Santiago del Estero'),
(163, 10, 'H', 'Chaco'),
(164, 10, 'J', 'San Juan'),
(165, 10, 'K', 'Catamarca'),
(166, 10, 'L', 'La Pampa'),
(167, 10, 'M', 'Mendoza'),
(168, 10, 'N', 'Misiones'),
(169, 10, 'P', 'Formosa'),
(170, 10, 'Q', 'Neuquén'),
(171, 10, 'R', 'Río Negro'),
(172, 10, 'S', 'Santa Fe'),
(173, 10, 'T', 'Tucumán'),
(174, 10, 'U', 'Chubut'),
(175, 10, 'V', 'Tierra del Fuego'),
(176, 10, 'W', 'Corrientes'),
(177, 10, 'X', 'Córdoba'),
(178, 10, 'Y', 'Jujuy'),
(179, 10, 'Z', 'Santa Cruz'),
(180, 11, 'AG', 'Արագածոտն'),
(181, 11, 'AR', 'Արարատ'),
(182, 11, 'AV', 'Արմավիր'),
(183, 11, 'ER', 'Երևան'),
(184, 11, 'GR', 'Գեղարքունիք'),
(185, 11, 'KT', 'Կոտայք'),
(186, 11, 'LO', 'Լոռի'),
(187, 11, 'SH', 'Շիրակ'),
(188, 11, 'SU', 'Սյունիք'),
(189, 11, 'TV', 'Տավուշ'),
(190, 11, 'VD', 'Վայոց Ձոր'),
(191, 13, 'ACT', 'Australian Capital Territory'),
(192, 13, 'NSW', 'New South Wales'),
(193, 13, 'NT', 'Northern Territory'),
(194, 13, 'QLD', 'Queensland'),
(195, 13, 'SA', 'South Australia'),
(196, 13, 'TAS', 'Tasmania'),
(197, 13, 'VIC', 'Victoria'),
(198, 13, 'WA', 'Western Australia'),
(199, 14, '1', 'Burgenland'),
(200, 14, '2', 'Kärnten'),
(201, 14, '3', 'Niederösterreich'),
(202, 14, '4', 'Oberösterreich'),
(203, 14, '5', 'Salzburg'),
(204, 14, '6', 'Steiermark'),
(205, 14, '7', 'Tirol'),
(206, 14, '8', 'Voralberg'),
(207, 14, '9', 'Wien'),
(208, 15, 'AB', 'Əli Bayramlı'),
(209, 15, 'ABS', 'Abşeron'),
(210, 15, 'AGC', 'Ağcabədi'),
(211, 15, 'AGM', 'Ağdam'),
(212, 15, 'AGS', 'Ağdaş'),
(213, 15, 'AGA', 'Ağstafa'),
(214, 15, 'AGU', 'Ağsu'),
(215, 15, 'AST', 'Astara'),
(216, 15, 'BA', 'Bakı'),
(217, 15, 'BAB', 'Babək'),
(218, 15, 'BAL', 'Balakən'),
(219, 15, 'BAR', 'Bərdə'),
(220, 15, 'BEY', 'Beyləqan'),
(221, 15, 'BIL', 'Biləsuvar'),
(222, 15, 'CAB', 'Cəbrayıl'),
(223, 15, 'CAL', 'Cəlilabab'),
(224, 15, 'CUL', 'Julfa'),
(225, 15, 'DAS', 'Daşkəsən'),
(226, 15, 'DAV', 'Dəvəçi'),
(227, 15, 'FUZ', 'Füzuli'),
(228, 15, 'GA', 'Gəncə'),
(229, 15, 'GAD', 'Gədəbəy'),
(230, 15, 'GOR', 'Goranboy'),
(231, 15, 'GOY', 'Göyçay'),
(232, 15, 'HAC', 'Hacıqabul'),
(233, 15, 'IMI', 'İmişli'),
(234, 15, 'ISM', 'İsmayıllı'),
(235, 15, 'KAL', 'Kəlbəcər'),
(236, 15, 'KUR', 'Kürdəmir'),
(237, 15, 'LA', 'Lənkəran'),
(238, 15, 'LAC', 'Laçın'),
(239, 15, 'LAN', 'Lənkəran'),
(240, 15, 'LER', 'Lerik'),
(241, 15, 'MAS', 'Masallı'),
(242, 15, 'MI', 'Mingəçevir'),
(243, 15, 'NA', 'Naftalan'),
(244, 15, 'NEF', 'Neftçala'),
(245, 15, 'OGU', 'Oğuz'),
(246, 15, 'ORD', 'Ordubad'),
(247, 15, 'QAB', 'Qəbələ'),
(248, 15, 'QAX', 'Qax'),
(249, 15, 'QAZ', 'Qazax'),
(250, 15, 'QOB', 'Qobustan'),
(251, 15, 'QBA', 'Quba'),
(252, 15, 'QBI', 'Qubadlı'),
(253, 15, 'QUS', 'Qusar'),
(254, 15, 'SA', 'Şəki'),
(255, 15, 'SAT', 'Saatlı'),
(256, 15, 'SAB', 'Sabirabad'),
(257, 15, 'SAD', 'Sədərək'),
(258, 15, 'SAH', 'Şahbuz'),
(259, 15, 'SAK', 'Şəki'),
(260, 15, 'SAL', 'Salyan'),
(261, 15, 'SM', 'Sumqayıt'),
(262, 15, 'SMI', 'Şamaxı'),
(263, 15, 'SKR', 'Şəmkir'),
(264, 15, 'SMX', 'Samux'),
(265, 15, 'SAR', 'Şərur'),
(266, 15, 'SIY', 'Siyəzən'),
(267, 15, 'SS', 'Şuşa (City)'),
(268, 15, 'SUS', 'Şuşa'),
(269, 15, 'TAR', 'Tərtər'),
(270, 15, 'TOV', 'Tovuz'),
(271, 15, 'UCA', 'Ucar'),
(272, 15, 'XA', 'Xankəndi'),
(273, 15, 'XAC', 'Xaçmaz'),
(274, 15, 'XAN', 'Xanlar'),
(275, 15, 'XIZ', 'Xızı'),
(276, 15, 'XCI', 'Xocalı'),
(277, 15, 'XVD', 'Xocavənd'),
(278, 15, 'YAR', 'Yardımlı'),
(279, 15, 'YE', 'Yevlax (City)'),
(280, 15, 'YEV', 'Yevlax'),
(281, 15, 'ZAN', 'Zəngilan'),
(282, 15, 'ZAQ', 'Zaqatala'),
(283, 15, 'ZAR', 'Zərdab'),
(284, 15, 'NX', 'Nakhichevan'),
(285, 16, 'AC', 'Acklins and Crooked Islands'),
(286, 16, 'BI', 'Bimini'),
(287, 16, 'CI', 'Cat Island'),
(288, 16, 'EX', 'Exuma'),
(289, 16, 'FR', 'Freeport'),
(290, 16, 'FC', 'Fresh Creek'),
(291, 16, 'GH', 'Governor''s Harbour'),
(292, 16, 'GT', 'Green Turtle Cay'),
(293, 16, 'HI', 'Harbour Island'),
(294, 16, 'HR', 'High Rock'),
(295, 16, 'IN', 'Inagua'),
(296, 16, 'KB', 'Kemps Bay'),
(297, 16, 'LI', 'Long Island'),
(298, 16, 'MH', 'Marsh Harbour'),
(299, 16, 'MA', 'Mayaguana'),
(300, 16, 'NP', 'New Providence'),
(301, 16, 'NT', 'Nicholls Town and Berry Islands'),
(302, 16, 'RI', 'Ragged Island'),
(303, 16, 'RS', 'Rock Sound'),
(304, 16, 'SS', 'San Salvador and Rum Cay'),
(305, 16, 'SP', 'Sandy Point'),
(306, 17, '01', 'الحد'),
(307, 17, '02', 'المحرق'),
(308, 17, '03', 'المنامة'),
(309, 17, '04', 'جد حفص'),
(310, 17, '05', 'المنطقة الشمالية'),
(311, 17, '06', 'سترة'),
(312, 17, '07', 'المنطقة الوسطى'),
(313, 17, '08', 'مدينة عيسى'),
(314, 17, '09', 'الرفاع والمنطقة الجنوبية'),
(315, 17, '10', 'المنطقة الغربية'),
(316, 17, '11', 'جزر حوار'),
(317, 17, '12', 'مدينة حمد'),
(318, 18, '01', 'Bandarban'),
(319, 18, '02', 'Barguna'),
(320, 18, '03', 'Bogra'),
(321, 18, '04', 'Brahmanbaria'),
(322, 18, '05', 'Bagerhat'),
(323, 18, '06', 'Barisal'),
(324, 18, '07', 'Bhola'),
(325, 18, '08', 'Comilla'),
(326, 18, '09', 'Chandpur'),
(327, 18, '10', 'Chittagong'),
(328, 18, '11', 'Cox''s Bazar'),
(329, 18, '12', 'Chuadanga'),
(330, 18, '13', 'Dhaka'),
(331, 18, '14', 'Dinajpur'),
(332, 18, '15', 'Faridpur'),
(333, 18, '16', 'Feni'),
(334, 18, '17', 'Gopalganj'),
(335, 18, '18', 'Gazipur'),
(336, 18, '19', 'Gaibandha'),
(337, 18, '20', 'Habiganj'),
(338, 18, '21', 'Jamalpur'),
(339, 18, '22', 'Jessore'),
(340, 18, '23', 'Jhenaidah'),
(341, 18, '24', 'Jaipurhat'),
(342, 18, '25', 'Jhalakati'),
(343, 18, '26', 'Kishoreganj'),
(344, 18, '27', 'Khulna'),
(345, 18, '28', 'Kurigram'),
(346, 18, '29', 'Khagrachari'),
(347, 18, '30', 'Kushtia'),
(348, 18, '31', 'Lakshmipur'),
(349, 18, '32', 'Lalmonirhat'),
(350, 18, '33', 'Manikganj'),
(351, 18, '34', 'Mymensingh'),
(352, 18, '35', 'Munshiganj'),
(353, 18, '36', 'Madaripur'),
(354, 18, '37', 'Magura'),
(355, 18, '38', 'Moulvibazar'),
(356, 18, '39', 'Meherpur'),
(357, 18, '40', 'Narayanganj'),
(358, 18, '41', 'Netrakona'),
(359, 18, '42', 'Narsingdi'),
(360, 18, '43', 'Narail'),
(361, 18, '44', 'Natore'),
(362, 18, '45', 'Nawabganj'),
(363, 18, '46', 'Nilphamari'),
(364, 18, '47', 'Noakhali'),
(365, 18, '48', 'Naogaon'),
(366, 18, '49', 'Pabna'),
(367, 18, '50', 'Pirojpur'),
(368, 18, '51', 'Patuakhali'),
(369, 18, '52', 'Panchagarh'),
(370, 18, '53', 'Rajbari'),
(371, 18, '54', 'Rajshahi'),
(372, 18, '55', 'Rangpur'),
(373, 18, '56', 'Rangamati'),
(374, 18, '57', 'Sherpur'),
(375, 18, '58', 'Satkhira'),
(376, 18, '59', 'Sirajganj'),
(377, 18, '60', 'Sylhet'),
(378, 18, '61', 'Sunamganj'),
(379, 18, '62', 'Shariatpur'),
(380, 18, '63', 'Tangail'),
(381, 18, '64', 'Thakurgaon'),
(382, 19, 'A', 'Saint Andrew'),
(383, 19, 'C', 'Christ Church'),
(384, 19, 'E', 'Saint Peter'),
(385, 19, 'G', 'Saint George'),
(386, 19, 'J', 'Saint John'),
(387, 19, 'L', 'Saint Lucy'),
(388, 19, 'M', 'Saint Michael'),
(389, 19, 'O', 'Saint Joseph'),
(390, 19, 'P', 'Saint Philip'),
(391, 19, 'S', 'Saint James'),
(392, 19, 'T', 'Saint Thomas'),
(393, 20, 'BR', 'Брэ́сцкая во́бласць'),
(394, 20, 'HO', 'Го́мельская во́бласць'),
(395, 20, 'HR', 'Гро́дзенская во́бласць'),
(396, 20, 'MA', 'Магілёўская во́бласць'),
(397, 20, 'MI', 'Мі́нская во́бласць'),
(398, 20, 'VI', 'Ві́цебская во́бласць'),
(399, 21, 'BRU', 'Brussel'),
(400, 21, 'VAN', 'Antwerpen'),
(401, 21, 'VBR', 'Vlaams-Brabant'),
(402, 21, 'VLI', 'Limburg'),
(403, 21, 'VOV', 'Oost-Vlaanderen'),
(404, 21, 'VWV', 'West-Vlaanderen'),
(405, 21, 'WBR', 'Brabant Wallonië'),
(406, 21, 'WHT', 'Henegouwen'),
(407, 21, 'WLG', 'Luik'),
(408, 21, 'WLX', 'Luxemburg'),
(409, 21, 'WNA', 'Namen'),
(410, 22, 'BZ', 'Belize District'),
(411, 22, 'CY', 'Cayo District'),
(412, 22, 'CZL', 'Corozal District'),
(413, 22, 'OW', 'Orange Walk District'),
(414, 22, 'SC', 'Stann Creek District'),
(415, 22, 'TOL', 'Toledo District'),
(416, 23, 'AL', 'Alibori'),
(417, 23, 'AK', 'Atakora'),
(418, 23, 'AQ', 'Atlantique'),
(419, 23, 'BO', 'Borgou'),
(420, 23, 'CO', 'Collines'),
(421, 23, 'DO', 'Donga'),
(422, 23, 'KO', 'Kouffo'),
(423, 23, 'LI', 'Littoral'),
(424, 23, 'MO', 'Mono'),
(425, 23, 'OU', 'Ouémé'),
(426, 23, 'PL', 'Plateau'),
(427, 23, 'ZO', 'Zou'),
(428, 24, 'DEV', 'Devonshire'),
(429, 24, 'HA', 'Hamilton City'),
(430, 24, 'HAM', 'Hamilton'),
(431, 24, 'PAG', 'Paget'),
(432, 24, 'PEM', 'Pembroke'),
(433, 24, 'SAN', 'Sandys'),
(434, 24, 'SG', 'Saint George City'),
(435, 24, 'SGE', 'Saint George''s'),
(436, 24, 'SMI', 'Smiths'),
(437, 24, 'SOU', 'Southampton'),
(438, 24, 'WAR', 'Warwick'),
(439, 25, '11', 'Paro'),
(440, 25, '12', 'Chukha'),
(441, 25, '13', 'Haa'),
(442, 25, '14', 'Samtse'),
(443, 25, '15', 'Thimphu'),
(444, 25, '21', 'Tsirang'),
(445, 25, '22', 'Dagana'),
(446, 25, '23', 'Punakha'),
(447, 25, '24', 'Wangdue Phodrang'),
(448, 25, '31', 'Sarpang'),
(449, 25, '32', 'Trongsa'),
(450, 25, '33', 'Bumthang'),
(451, 25, '34', 'Zhemgang'),
(452, 25, '41', 'Trashigang'),
(453, 25, '42', 'Mongar'),
(454, 25, '43', 'Pemagatshel'),
(455, 25, '44', 'Luentse'),
(456, 25, '45', 'Samdrup Jongkhar'),
(457, 25, 'GA', 'Gasa'),
(458, 25, 'TY', 'Trashiyangse'),
(459, 26, 'B', 'El Beni'),
(460, 26, 'C', 'Cochabamba'),
(461, 26, 'H', 'Chuquisaca'),
(462, 26, 'L', 'La Paz'),
(463, 26, 'N', 'Pando'),
(464, 26, 'O', 'Oruro'),
(465, 26, 'P', 'Potosí'),
(466, 26, 'S', 'Santa Cruz'),
(467, 26, 'T', 'Tarija'),
(468, 28, 'CE', 'Central'),
(469, 28, 'GH', 'Ghanzi'),
(470, 28, 'KG', 'Kgalagadi'),
(471, 28, 'KL', 'Kgatleng'),
(472, 28, 'KW', 'Kweneng'),
(473, 28, 'NE', 'North-East'),
(474, 28, 'NW', 'North-West'),
(475, 28, 'SE', 'South-East'),
(476, 28, 'SO', 'Southern'),
(477, 30, 'AC', 'Acre'),
(478, 30, 'AL', 'Alagoas'),
(479, 30, 'AM', 'Amazônia'),
(480, 30, 'AP', 'Amapá'),
(481, 30, 'BA', 'Bahia'),
(482, 30, 'CE', 'Ceará'),
(483, 30, 'DF', 'Distrito Federal'),
(484, 30, 'ES', 'Espírito Santo'),
(485, 30, 'GO', 'Goiás'),
(486, 30, 'MA', 'Maranhão'),
(487, 30, 'MG', 'Minas Gerais'),
(488, 30, 'MS', 'Mato Grosso do Sul'),
(489, 30, 'MT', 'Mato Grosso'),
(490, 30, 'PA', 'Pará'),
(491, 30, 'PB', 'Paraíba'),
(492, 30, 'PE', 'Pernambuco'),
(493, 30, 'PI', 'Piauí'),
(494, 30, 'PR', 'Paraná'),
(495, 30, 'RJ', 'Rio de Janeiro'),
(496, 30, 'RN', 'Rio Grande do Norte'),
(497, 30, 'RO', 'Rondônia'),
(498, 30, 'RR', 'Roraima'),
(499, 30, 'RS', 'Rio Grande do Sul'),
(500, 30, 'SC', 'Santa Catarina'),
(501, 30, 'SE', 'Sergipe'),
(502, 30, 'SP', 'São Paulo'),
(503, 30, 'TO', 'Tocantins'),
(504, 31, 'PB', 'Peros Banhos'),
(505, 31, 'SI', 'Salomon Islands'),
(506, 31, 'NI', 'Nelsons Island'),
(507, 31, 'TB', 'Three Brothers'),
(508, 31, 'EA', 'Eagle Islands'),
(509, 31, 'DI', 'Danger Island'),
(510, 31, 'EG', 'Egmont Islands'),
(511, 31, 'DG', 'Diego Garcia'),
(512, 32, 'BE', 'Belait'),
(513, 32, 'BM', 'Brunei-Muara'),
(514, 32, 'TE', 'Temburong'),
(515, 32, 'TU', 'Tutong'),
(516, 33, '01', 'Blagoevgrad'),
(517, 33, '02', 'Burgas'),
(518, 33, '03', 'Varna'),
(519, 33, '04', 'Veliko Tarnovo'),
(520, 33, '05', 'Vidin'),
(521, 33, '06', 'Vratsa'),
(522, 33, '07', 'Gabrovo'),
(523, 33, '08', 'Dobrich'),
(524, 33, '09', 'Kardzhali'),
(525, 33, '10', 'Kyustendil'),
(526, 33, '11', 'Lovech'),
(527, 33, '12', 'Montana'),
(528, 33, '13', 'Pazardzhik'),
(529, 33, '14', 'Pernik'),
(530, 33, '15', 'Pleven'),
(531, 33, '16', 'Plovdiv'),
(532, 33, '17', 'Razgrad'),
(533, 33, '18', 'Ruse'),
(534, 33, '19', 'Silistra'),
(535, 33, '20', 'Sliven'),
(536, 33, '21', 'Smolyan'),
(537, 33, '23', 'Sofia'),
(538, 33, '22', 'Sofia Province'),
(539, 33, '24', 'Stara Zagora'),
(540, 33, '25', 'Targovishte'),
(541, 33, '26', 'Haskovo'),
(542, 33, '27', 'Shumen'),
(543, 33, '28', 'Yambol'),
(544, 34, 'BAL', 'Balé'),
(545, 34, 'BAM', 'Bam'),
(546, 34, 'BAN', 'Banwa'),
(547, 34, 'BAZ', 'Bazèga'),
(548, 34, 'BGR', 'Bougouriba'),
(549, 34, 'BLG', 'Boulgou'),
(550, 34, 'BLK', 'Boulkiemdé'),
(551, 34, 'COM', 'Komoé'),
(552, 34, 'GAN', 'Ganzourgou'),
(553, 34, 'GNA', 'Gnagna'),
(554, 34, 'GOU', 'Gourma'),
(555, 34, 'HOU', 'Houet'),
(556, 34, 'IOB', 'Ioba'),
(557, 34, 'KAD', 'Kadiogo'),
(558, 34, 'KEN', 'Kénédougou'),
(559, 34, 'KMD', 'Komondjari'),
(560, 34, 'KMP', 'Kompienga'),
(561, 34, 'KOP', 'Koulpélogo'),
(562, 34, 'KOS', 'Kossi'),
(563, 34, 'KOT', 'Kouritenga'),
(564, 34, 'KOW', 'Kourwéogo'),
(565, 34, 'LER', 'Léraba'),
(566, 34, 'LOR', 'Loroum'),
(567, 34, 'MOU', 'Mouhoun'),
(568, 34, 'NAM', 'Namentenga'),
(569, 34, 'NAO', 'Naouri'),
(570, 34, 'NAY', 'Nayala'),
(571, 34, 'NOU', 'Noumbiel'),
(572, 34, 'OUB', 'Oubritenga'),
(573, 34, 'OUD', 'Oudalan'),
(574, 34, 'PAS', 'Passoré'),
(575, 34, 'PON', 'Poni'),
(576, 34, 'SEN', 'Séno'),
(577, 34, 'SIS', 'Sissili'),
(578, 34, 'SMT', 'Sanmatenga'),
(579, 34, 'SNG', 'Sanguié'),
(580, 34, 'SOM', 'Soum'),
(581, 34, 'SOR', 'Sourou'),
(582, 34, 'TAP', 'Tapoa'),
(583, 34, 'TUI', 'Tui'),
(584, 34, 'YAG', 'Yagha'),
(585, 34, 'YAT', 'Yatenga'),
(586, 34, 'ZIR', 'Ziro'),
(587, 34, 'ZON', 'Zondoma'),
(588, 34, 'ZOU', 'Zoundwéogo'),
(589, 35, 'BB', 'Bubanza'),
(590, 35, 'BJ', 'Bujumbura Mairie'),
(591, 35, 'BR', 'Bururi'),
(592, 35, 'CA', 'Cankuzo'),
(593, 35, 'CI', 'Cibitoke'),
(594, 35, 'GI', 'Gitega'),
(595, 35, 'KR', 'Karuzi'),
(596, 35, 'KY', 'Kayanza'),
(597, 35, 'KI', 'Kirundo'),
(598, 35, 'MA', 'Makamba'),
(599, 35, 'MU', 'Muramvya'),
(600, 35, 'MY', 'Muyinga'),
(601, 35, 'MW', 'Mwaro'),
(602, 35, 'NG', 'Ngozi'),
(603, 35, 'RT', 'Rutana'),
(604, 35, 'RY', 'Ruyigi'),
(605, 37, 'AD', 'Adamaoua'),
(606, 37, 'CE', 'Centre'),
(607, 37, 'EN', 'Extrême-Nord'),
(608, 37, 'ES', 'Est'),
(609, 37, 'LT', 'Littoral'),
(610, 37, 'NO', 'Nord'),
(611, 37, 'NW', 'Nord-Ouest'),
(612, 37, 'OU', 'Ouest'),
(613, 37, 'SU', 'Sud'),
(614, 37, 'SW', 'Sud-Ouest'),
(615, 38, 'AB', 'Alberta'),
(616, 38, 'BC', 'British Columbia'),
(617, 38, 'MB', 'Manitoba'),
(618, 38, 'NB', 'New Brunswick'),
(619, 38, 'NL', 'Newfoundland and Labrador'),
(620, 38, 'NS', 'Nova Scotia'),
(621, 38, 'NT', 'Northwest Territories'),
(622, 38, 'NU', 'Nunavut'),
(623, 38, 'ON', 'Ontario'),
(624, 38, 'PE', 'Prince Edward Island'),
(625, 38, 'QC', 'Quebec'),
(626, 38, 'SK', 'Saskatchewan'),
(627, 38, 'YT', 'Yukon Territory'),
(628, 39, 'BR', 'Brava'),
(629, 39, 'BV', 'Boa Vista'),
(630, 39, 'CA', 'Santa Catarina'),
(631, 39, 'CR', 'Santa Cruz'),
(632, 39, 'CS', 'Calheta de São Miguel'),
(633, 39, 'MA', 'Maio'),
(634, 39, 'MO', 'Mosteiros'),
(635, 39, 'PA', 'Paúl'),
(636, 39, 'PN', 'Porto Novo'),
(637, 39, 'PR', 'Praia'),
(638, 39, 'RG', 'Ribeira Grande'),
(639, 39, 'SD', 'São Domingos'),
(640, 39, 'SF', 'São Filipe'),
(641, 39, 'SL', 'Sal'),
(642, 39, 'SN', 'São Nicolau'),
(643, 39, 'SV', 'São Vicente'),
(644, 39, 'TA', 'Tarrafal'),
(645, 40, 'CR', 'Creek'),
(646, 40, 'EA', 'Eastern'),
(647, 40, 'MI', 'Midland'),
(648, 40, 'SO', 'South Town'),
(649, 40, 'SP', 'Spot Bay'),
(650, 40, 'ST', 'Stake Bay'),
(651, 40, 'WD', 'West End'),
(652, 40, 'WN', 'Western'),
(653, 41, 'AC ', 'Ouham'),
(654, 41, 'BB ', 'Bamingui-Bangoran'),
(655, 41, 'BGF', 'Bangui'),
(656, 41, 'BK ', 'Basse-Kotto'),
(657, 41, 'HK ', 'Haute-Kotto'),
(658, 41, 'HM ', 'Haut-Mbomou'),
(659, 41, 'HS ', 'Mambéré-Kadéï'),
(660, 41, 'KB ', 'Nana-Grébizi'),
(661, 41, 'KG ', 'Kémo'),
(662, 41, 'LB ', 'Lobaye'),
(663, 41, 'MB ', 'Mbomou'),
(664, 41, 'MP ', 'Ombella-M''Poko'),
(665, 41, 'NM ', 'Nana-Mambéré'),
(666, 41, 'OP ', 'Ouham-Pendé'),
(667, 41, 'SE ', 'Sangha-Mbaéré'),
(668, 41, 'UK ', 'Ouaka'),
(669, 41, 'VR ', 'Vakaga'),
(670, 42, 'BA ', 'Batha'),
(671, 42, 'BET', 'Borkou-Ennedi-Tibesti'),
(672, 42, 'BI ', 'Biltine'),
(673, 42, 'CB ', 'Chari-Baguirmi'),
(674, 42, 'GR ', 'Guéra'),
(675, 42, 'KA ', 'Kanem'),
(676, 42, 'LC ', 'Lac'),
(677, 42, 'LR ', 'Logone-Oriental'),
(678, 42, 'LO ', 'Logone-Occidental'),
(679, 42, 'MC ', 'Moyen-Chari'),
(680, 42, 'MK ', 'Mayo-Kébbi'),
(681, 42, 'OD ', 'Ouaddaï'),
(682, 42, 'SA ', 'Salamat'),
(683, 42, 'TA ', 'Tandjilé'),
(684, 43, 'AI', 'Aisén del General Carlos Ibañez'),
(685, 43, 'AN', 'Antofagasta'),
(686, 43, 'AR', 'La Araucanía'),
(687, 43, 'AT', 'Atacama'),
(688, 43, 'BI', 'Biobío'),
(689, 43, 'CO', 'Coquimbo'),
(690, 43, 'LI', 'Libertador Bernardo O''Higgins'),
(691, 43, 'LL', 'Los Lagos'),
(692, 43, 'MA', 'Magallanes y de la Antartica'),
(693, 43, 'ML', 'Maule'),
(694, 43, 'RM', 'Metropolitana de Santiago'),
(695, 43, 'TA', 'Tarapacá'),
(696, 43, 'VS', 'Valparaíso'),
(697, 44, '11', '北京'),
(698, 44, '12', '天津'),
(699, 44, '13', '河北'),
(700, 44, '14', '山西'),
(701, 44, '15', '内蒙古自治区'),
(702, 44, '21', '辽宁'),
(703, 44, '22', '吉林'),
(704, 44, '23', '黑龙江省'),
(705, 44, '31', '上海'),
(706, 44, '32', '江苏'),
(707, 44, '33', '浙江'),
(708, 44, '34', '安徽'),
(709, 44, '35', '福建'),
(710, 44, '36', '江西'),
(711, 44, '37', '山东'),
(712, 44, '41', '河南'),
(713, 44, '42', '湖北'),
(714, 44, '43', '湖南'),
(715, 44, '44', '广东'),
(716, 44, '45', '广西壮族自治区'),
(717, 44, '46', '海南'),
(718, 44, '50', '重庆'),
(719, 44, '51', '四川'),
(720, 44, '52', '贵州'),
(721, 44, '53', '云南'),
(722, 44, '54', '西藏自治区'),
(723, 44, '61', '陕西'),
(724, 44, '62', '甘肃'),
(725, 44, '63', '青海'),
(726, 44, '64', '宁夏'),
(727, 44, '65', '新疆'),
(728, 44, '71', '臺灣'),
(729, 44, '91', '香港'),
(730, 44, '92', '澳門'),
(731, 46, 'D', 'Direction Island'),
(732, 46, 'H', 'Home Island'),
(733, 46, 'O', 'Horsburgh Island'),
(734, 46, 'S', 'South Island'),
(735, 46, 'W', 'West Island'),
(736, 47, 'AMA', 'Amazonas'),
(737, 47, 'ANT', 'Antioquia'),
(738, 47, 'ARA', 'Arauca'),
(739, 47, 'ATL', 'Atlántico'),
(740, 47, 'BOL', 'Bolívar'),
(741, 47, 'BOY', 'Boyacá'),
(742, 47, 'CAL', 'Caldas'),
(743, 47, 'CAQ', 'Caquetá'),
(744, 47, 'CAS', 'Casanare'),
(745, 47, 'CAU', 'Cauca'),
(746, 47, 'CES', 'Cesar'),
(747, 47, 'CHO', 'Chocó'),
(748, 47, 'COR', 'Córdoba'),
(749, 47, 'CUN', 'Cundinamarca'),
(750, 47, 'DC', 'Bogotá Distrito Capital'),
(751, 47, 'GUA', 'Guainía'),
(752, 47, 'GUV', 'Guaviare'),
(753, 47, 'HUI', 'Huila'),
(754, 47, 'LAG', 'La Guajira'),
(755, 47, 'MAG', 'Magdalena'),
(756, 47, 'MET', 'Meta'),
(757, 47, 'NAR', 'Nariño'),
(758, 47, 'NSA', 'Norte de Santander'),
(759, 47, 'PUT', 'Putumayo'),
(760, 47, 'QUI', 'Quindío'),
(761, 47, 'RIS', 'Risaralda'),
(762, 47, 'SAN', 'Santander'),
(763, 47, 'SAP', 'San Andrés y Providencia'),
(764, 47, 'SUC', 'Sucre'),
(765, 47, 'TOL', 'Tolima'),
(766, 47, 'VAC', 'Valle del Cauca'),
(767, 47, 'VAU', 'Vaupés'),
(768, 47, 'VID', 'Vichada'),
(769, 48, 'A', 'Anjouan'),
(770, 48, 'G', 'Grande Comore'),
(771, 48, 'M', 'Mohéli'),
(772, 49, 'BC', 'Congo-Central'),
(773, 49, 'BN', 'Bandundu'),
(774, 49, 'EQ', 'Équateur'),
(775, 49, 'KA', 'Katanga'),
(776, 49, 'KE', 'Kasai-Oriental'),
(777, 49, 'KN', 'Kinshasa'),
(778, 49, 'KW', 'Kasai-Occidental'),
(779, 49, 'MA', 'Maniema'),
(780, 49, 'NK', 'Nord-Kivu'),
(781, 49, 'OR', 'Orientale'),
(782, 49, 'SK', 'Sud-Kivu'),
(783, 50, 'PU', 'Pukapuka'),
(784, 50, 'RK', 'Rakahanga'),
(785, 50, 'MK', 'Manihiki'),
(786, 50, 'PE', 'Penrhyn'),
(787, 50, 'NI', 'Nassau Island'),
(788, 50, 'SU', 'Surwarrow'),
(789, 50, 'PA', 'Palmerston'),
(790, 50, 'AI', 'Aitutaki'),
(791, 50, 'MA', 'Manuae'),
(792, 50, 'TA', 'Takutea'),
(793, 50, 'MT', 'Mitiaro'),
(794, 50, 'AT', 'Atiu'),
(795, 50, 'MU', 'Mauke'),
(796, 50, 'RR', 'Rarotonga'),
(797, 50, 'MG', 'Mangaia'),
(798, 51, 'A', 'Alajuela'),
(799, 51, 'C', 'Cartago'),
(800, 51, 'G', 'Guanacaste'),
(801, 51, 'H', 'Heredia'),
(802, 51, 'L', 'Limón'),
(803, 51, 'P', 'Puntarenas'),
(804, 51, 'SJ', 'San José'),
(805, 52, '01', 'Lagunes'),
(806, 52, '02', 'Haut-Sassandra'),
(807, 52, '03', 'Savanes'),
(808, 52, '04', 'Vallée du Bandama'),
(809, 52, '05', 'Moyen-Comoé'),
(810, 52, '06', 'Dix-Huit'),
(811, 52, '07', 'Lacs'),
(812, 52, '08', 'Zanzan'),
(813, 52, '09', 'Bas-Sassandra'),
(814, 52, '10', 'Denguélé'),
(815, 52, '11', 'N''zi-Comoé'),
(816, 52, '12', 'Marahoué'),
(817, 52, '13', 'Sud-Comoé'),
(818, 52, '14', 'Worodouqou'),
(819, 52, '15', 'Sud-Bandama'),
(820, 52, '16', 'Agnébi'),
(821, 52, '17', 'Bafing'),
(822, 52, '18', 'Fromager'),
(823, 52, '19', 'Moyen-Cavally'),
(824, 53, '01', 'Zagrebačka županija'),
(825, 53, '02', 'Krapinsko-zagorska županija'),
(826, 53, '03', 'Sisačko-moslavačka županija'),
(827, 53, '04', 'Karlovačka županija'),
(828, 53, '05', 'Varaždinska županija'),
(829, 53, '06', 'Koprivničko-križevačka županija'),
(830, 53, '07', 'Bjelovarsko-bilogorska županija'),
(831, 53, '08', 'Primorsko-goranska županija'),
(832, 53, '09', 'Ličko-senjska županija'),
(833, 53, '10', 'Virovitičko-podravska županija'),
(834, 53, '11', 'Požeško-slavonska županija'),
(835, 53, '12', 'Brodsko-posavska županija'),
(836, 53, '13', 'Zadarska županija'),
(837, 53, '14', 'Osječko-baranjska županija'),
(838, 53, '15', 'Šibensko-kninska županija'),
(839, 53, '16', 'Vukovarsko-srijemska županija'),
(840, 53, '17', 'Splitsko-dalmatinska županija'),
(841, 53, '18', 'Istarska županija'),
(842, 53, '19', 'Dubrovačko-neretvanska županija'),
(843, 53, '20', 'Međimurska županija'),
(844, 53, '21', 'Zagreb'),
(845, 54, '01', 'Pinar del Río'),
(846, 54, '02', 'La Habana'),
(847, 54, '03', 'Ciudad de La Habana'),
(848, 54, '04', 'Matanzas'),
(849, 54, '05', 'Villa Clara'),
(850, 54, '06', 'Cienfuegos'),
(851, 54, '07', 'Sancti Spíritus'),
(852, 54, '08', 'Ciego de Ávila'),
(853, 54, '09', 'Camagüey'),
(854, 54, '10', 'Las Tunas'),
(855, 54, '11', 'Holguín'),
(856, 54, '12', 'Granma'),
(857, 54, '13', 'Santiago de Cuba'),
(858, 54, '14', 'Guantánamo'),
(859, 54, '99', 'Isla de la Juventud'),
(860, 55, '01', 'Κερύvεια'),
(861, 55, '02', 'Λευκωσία'),
(862, 55, '03', 'Αμμόχωστος'),
(863, 55, '04', 'Λάρνακα'),
(864, 55, '05', 'Λεμεσός'),
(865, 55, '06', 'Πάφος'),
(866, 56, 'JC', 'Jihočeský kraj'),
(867, 56, 'JM', 'Jihomoravský kraj'),
(868, 56, 'KA', 'Karlovarský kraj'),
(869, 56, 'VY', 'Vysočina kraj'),
(870, 56, 'KR', 'Královéhradecký kraj'),
(871, 56, 'LI', 'Liberecký kraj'),
(872, 56, 'MO', 'Moravskoslezský kraj'),
(873, 56, 'OL', 'Olomoucký kraj'),
(874, 56, 'PA', 'Pardubický kraj'),
(875, 56, 'PL', 'Plzeňský kraj'),
(876, 56, 'PR', 'Hlavní město Praha'),
(877, 56, 'ST', 'Středočeský kraj'),
(878, 56, 'US', 'Ústecký kraj'),
(879, 56, 'ZL', 'Zlínský kraj'),
(880, 57, '040', 'Bornholms Regionskommune'),
(881, 57, '101', 'København'),
(882, 57, '147', 'Frederiksberg'),
(883, 57, '070', 'Århus Amt'),
(884, 57, '015', 'Københavns Amt'),
(885, 57, '020', 'Frederiksborg Amt'),
(886, 57, '042', 'Fyns Amt'),
(887, 57, '080', 'Nordjyllands Amt'),
(888, 57, '055', 'Ribe Amt'),
(889, 57, '065', 'Ringkjøbing Amt'),
(890, 57, '025', 'Roskilde Amt'),
(891, 57, '050', 'Sønderjyllands Amt'),
(892, 57, '035', 'Storstrøms Amt'),
(893, 57, '060', 'Vejle Amt'),
(894, 57, '030', 'Vestsjællands Amt'),
(895, 57, '076', 'Viborg Amt'),
(896, 58, 'AS', 'Region d''Ali Sabieh'),
(897, 58, 'AR', 'Region d''Arta'),
(898, 58, 'DI', 'Region de Dikhil'),
(899, 58, 'DJ', 'Ville de Djibouti'),
(900, 58, 'OB', 'Region d''Obock'),
(901, 58, 'TA', 'Region de Tadjourah'),
(902, 59, 'AND', 'Saint Andrew Parish'),
(903, 59, 'DAV', 'Saint David Parish'),
(904, 59, 'GEO', 'Saint George Parish'),
(905, 59, 'JOH', 'Saint John Parish'),
(906, 59, 'JOS', 'Saint Joseph Parish'),
(907, 59, 'LUK', 'Saint Luke Parish'),
(908, 59, 'MAR', 'Saint Mark Parish'),
(909, 59, 'PAT', 'Saint Patrick Parish'),
(910, 59, 'PAU', 'Saint Paul Parish'),
(911, 59, 'PET', 'Saint Peter Parish'),
(912, 60, '01', 'Distrito Nacional'),
(913, 60, '02', 'Ázua'),
(914, 60, '03', 'Baoruco'),
(915, 60, '04', 'Barahona'),
(916, 60, '05', 'Dajabón'),
(917, 60, '06', 'Duarte'),
(918, 60, '07', 'Elías Piña'),
(919, 60, '08', 'El Seibo'),
(920, 60, '09', 'Espaillat'),
(921, 60, '10', 'Independencia'),
(922, 60, '11', 'La Altagracia'),
(923, 60, '12', 'La Romana'),
(924, 60, '13', 'La Vega'),
(925, 60, '14', 'María Trinidad Sánchez'),
(926, 60, '15', 'Monte Cristi'),
(927, 60, '16', 'Pedernales'),
(928, 60, '17', 'Peravia'),
(929, 60, '18', 'Puerto Plata'),
(930, 60, '19', 'Salcedo'),
(931, 60, '20', 'Samaná'),
(932, 60, '21', 'San Cristóbal'),
(933, 60, '22', 'San Juan'),
(934, 60, '23', 'San Pedro de Macorís'),
(935, 60, '24', 'Sánchez Ramírez'),
(936, 60, '25', 'Santiago'),
(937, 60, '26', 'Santiago Rodríguez'),
(938, 60, '27', 'Valverde'),
(939, 60, '28', 'Monseñor Nouel'),
(940, 60, '29', 'Monte Plata'),
(941, 60, '30', 'Hato Mayor'),
(942, 61, 'AL', 'Aileu'),
(943, 61, 'AN', 'Ainaro'),
(944, 61, 'BA', 'Baucau'),
(945, 61, 'BO', 'Bobonaro'),
(946, 61, 'CO', 'Cova-Lima'),
(947, 61, 'DI', 'Dili'),
(948, 61, 'ER', 'Ermera'),
(949, 61, 'LA', 'Lautem'),
(950, 61, 'LI', 'Liquiçá'),
(951, 61, 'MF', 'Manufahi'),
(952, 61, 'MT', 'Manatuto'),
(953, 61, 'OE', 'Oecussi'),
(954, 61, 'VI', 'Viqueque'),
(955, 62, 'A', 'Azuay'),
(956, 62, 'B', 'Bolívar'),
(957, 62, 'C', 'Carchi'),
(958, 62, 'D', 'Orellana'),
(959, 62, 'E', 'Esmeraldas'),
(960, 62, 'F', 'Cañar'),
(961, 62, 'G', 'Guayas'),
(962, 62, 'H', 'Chimborazo'),
(963, 62, 'I', 'Imbabura'),
(964, 62, 'L', 'Loja'),
(965, 62, 'M', 'Manabí'),
(966, 62, 'N', 'Napo'),
(967, 62, 'O', 'El Oro'),
(968, 62, 'P', 'Pichincha'),
(969, 62, 'R', 'Los Ríos'),
(970, 62, 'S', 'Morona-Santiago'),
(971, 62, 'T', 'Tungurahua'),
(972, 62, 'U', 'Sucumbíos'),
(973, 62, 'W', 'Galápagos'),
(974, 62, 'X', 'Cotopaxi'),
(975, 62, 'Y', 'Pastaza'),
(976, 62, 'Z', 'Zamora-Chinchipe'),
(977, 63, 'ALX', 'الإسكندرية'),
(978, 63, 'ASN', 'أسوان'),
(979, 63, 'AST', 'أسيوط'),
(980, 63, 'BA', 'البحر الأحمر'),
(981, 63, 'BH', 'البحيرة'),
(982, 63, 'BNS', 'بني سويف'),
(983, 63, 'C', 'القاهرة'),
(984, 63, 'DK', 'الدقهلية'),
(985, 63, 'DT', 'دمياط'),
(986, 63, 'FYM', 'الفيوم'),
(987, 63, 'GH', 'الغربية'),
(988, 63, 'GZ', 'الجيزة'),
(989, 63, 'IS', 'الإسماعيلية'),
(990, 63, 'JS', 'جنوب سيناء'),
(991, 63, 'KB', 'القليوبية'),
(992, 63, 'KFS', 'كفر الشيخ'),
(993, 63, 'KN', 'قنا'),
(994, 63, 'MN', 'محافظة المنيا'),
(995, 63, 'MNF', 'المنوفية'),
(996, 63, 'MT', 'مطروح'),
(997, 63, 'PTS', 'محافظة بور سعيد'),
(998, 63, 'SHG', 'محافظة سوهاج'),
(999, 63, 'SHR', 'المحافظة الشرقيّة'),
(1000, 63, 'SIN', 'شمال سيناء'),
(1001, 63, 'SUZ', 'السويس'),
(1002, 63, 'WAD', 'الوادى الجديد'),
(1003, 64, 'AH', 'Ahuachapán'),
(1004, 64, 'CA', 'Cabañas'),
(1005, 64, 'CH', 'Chalatenango'),
(1006, 64, 'CU', 'Cuscatlán'),
(1007, 64, 'LI', 'La Libertad'),
(1008, 64, 'MO', 'Morazán'),
(1009, 64, 'PA', 'La Paz'),
(1010, 64, 'SA', 'Santa Ana'),
(1011, 64, 'SM', 'San Miguel'),
(1012, 64, 'SO', 'Sonsonate'),
(1013, 64, 'SS', 'San Salvador'),
(1014, 64, 'SV', 'San Vicente'),
(1015, 64, 'UN', 'La Unión'),
(1016, 64, 'US', 'Usulután'),
(1017, 65, 'AN', 'Annobón'),
(1018, 65, 'BN', 'Bioko Norte'),
(1019, 65, 'BS', 'Bioko Sur'),
(1020, 65, 'CS', 'Centro Sur'),
(1021, 65, 'KN', 'Kié-Ntem'),
(1022, 65, 'LI', 'Litoral'),
(1023, 65, 'WN', 'Wele-Nzas'),
(1024, 66, 'AN', 'Zoba Anseba'),
(1025, 66, 'DK', 'Zoba Debubawi Keyih Bahri'),
(1026, 66, 'DU', 'Zoba Debub'),
(1027, 66, 'GB', 'Zoba Gash-Barka'),
(1028, 66, 'MA', 'Zoba Ma''akel'),
(1029, 66, 'SK', 'Zoba Semienawi Keyih Bahri'),
(1030, 67, '37', 'Harju maakond'),
(1031, 67, '39', 'Hiiu maakond'),
(1032, 67, '44', 'Ida-Viru maakond'),
(1033, 67, '49', 'Jõgeva maakond'),
(1034, 67, '51', 'Järva maakond'),
(1035, 67, '57', 'Lääne maakond'),
(1036, 67, '59', 'Lääne-Viru maakond'),
(1037, 67, '65', 'Põlva maakond'),
(1038, 67, '67', 'Pärnu maakond'),
(1039, 67, '70', 'Rapla maakond'),
(1040, 67, '74', 'Saare maakond'),
(1041, 67, '78', 'Tartu maakond'),
(1042, 67, '82', 'Valga maakond'),
(1043, 67, '84', 'Viljandi maakond'),
(1044, 67, '86', 'Võru maakond'),
(1045, 68, 'AA', 'አዲስ አበባ'),
(1046, 68, 'AF', 'አፋር'),
(1047, 68, 'AH', 'አማራ'),
(1048, 68, 'BG', 'ቤንሻንጉል-ጉምዝ'),
(1049, 68, 'DD', 'ድሬዳዋ'),
(1050, 68, 'GB', 'ጋምቤላ ሕዝቦች'),
(1051, 68, 'HR', 'ሀረሪ ሕዝብ'),
(1052, 68, 'OR', 'ኦሮሚያ'),
(1053, 68, 'SM', 'ሶማሌ'),
(1054, 68, 'SN', 'ደቡብ ብሔሮች ብሔረሰቦችና ሕዝቦች'),
(1055, 68, 'TG', 'ትግራይ'),
(1056, 71, 'C', 'Central'),
(1057, 71, 'E', 'Northern'),
(1058, 71, 'N', 'Eastern'),
(1059, 71, 'R', 'Rotuma'),
(1060, 71, 'W', 'Western'),
(1061, 72, 'AL', 'Ahvenanmaan maakunta'),
(1062, 72, 'ES', 'Etelä-Suomen lääni'),
(1063, 72, 'IS', 'Itä-Suomen lääni'),
(1064, 72, 'LL', 'Lapin lääni'),
(1065, 72, 'LS', 'Länsi-Suomen lääni'),
(1066, 72, 'OL', 'Oulun lääni'),
(1067, 73, '01', 'Ain'),
(1068, 73, '02', 'Aisne'),
(1069, 73, '03', 'Allier'),
(1070, 73, '04', 'Alpes-de-Haute-Provence'),
(1071, 73, '05', 'Hautes-Alpes'),
(1072, 73, '06', 'Alpes-Maritimes'),
(1073, 73, '07', 'Ardèche'),
(1074, 73, '08', 'Ardennes'),
(1075, 73, '09', 'Ariège'),
(1076, 73, '10', 'Aube'),
(1077, 73, '11', 'Aude'),
(1078, 73, '12', 'Aveyron'),
(1079, 73, '13', 'Bouches-du-Rhône'),
(1080, 73, '14', 'Calvados'),
(1081, 73, '15', 'Cantal'),
(1082, 73, '16', 'Charente'),
(1083, 73, '17', 'Charente-Maritime'),
(1084, 73, '18', 'Cher'),
(1085, 73, '19', 'Corrèze'),
(1086, 73, '21', 'Côte-d''Or'),
(1087, 73, '22', 'Côtes-d''Armor'),
(1088, 73, '23', 'Creuse'),
(1089, 73, '24', 'Dordogne'),
(1090, 73, '25', 'Doubs'),
(1091, 73, '26', 'Drôme'),
(1092, 73, '27', 'Eure'),
(1093, 73, '28', 'Eure-et-Loir'),
(1094, 73, '29', 'Finistère'),
(1095, 73, '2A', 'Corse-du-Sud'),
(1096, 73, '2B', 'Haute-Corse'),
(1097, 73, '30', 'Gard'),
(1098, 73, '31', 'Haute-Garonne'),
(1099, 73, '32', 'Gers'),
(1100, 73, '33', 'Gironde'),
(1101, 73, '34', 'Hérault'),
(1102, 73, '35', 'Ille-et-Vilaine'),
(1103, 73, '36', 'Indre'),
(1104, 73, '37', 'Indre-et-Loire'),
(1105, 73, '38', 'Isère'),
(1106, 73, '39', 'Jura'),
(1107, 73, '40', 'Landes'),
(1108, 73, '41', 'Loir-et-Cher'),
(1109, 73, '42', 'Loire'),
(1110, 73, '43', 'Haute-Loire'),
(1111, 73, '44', 'Loire-Atlantique'),
(1112, 73, '45', 'Loiret'),
(1113, 73, '46', 'Lot'),
(1114, 73, '47', 'Lot-et-Garonne'),
(1115, 73, '48', 'Lozère'),
(1116, 73, '49', 'Maine-et-Loire'),
(1117, 73, '50', 'Manche'),
(1118, 73, '51', 'Marne'),
(1119, 73, '52', 'Haute-Marne'),
(1120, 73, '53', 'Mayenne'),
(1121, 73, '54', 'Meurthe-et-Moselle'),
(1122, 73, '55', 'Meuse'),
(1123, 73, '56', 'Morbihan'),
(1124, 73, '57', 'Moselle'),
(1125, 73, '58', 'Nièvre'),
(1126, 73, '59', 'Nord'),
(1127, 73, '60', 'Oise'),
(1128, 73, '61', 'Orne'),
(1129, 73, '62', 'Pas-de-Calais'),
(1130, 73, '63', 'Puy-de-Dôme'),
(1131, 73, '64', 'Pyrénées-Atlantiques'),
(1132, 73, '65', 'Hautes-Pyrénées'),
(1133, 73, '66', 'Pyrénées-Orientales'),
(1134, 73, '67', 'Bas-Rhin'),
(1135, 73, '68', 'Haut-Rhin'),
(1136, 73, '69', 'Rhône'),
(1137, 73, '70', 'Haute-Saône'),
(1138, 73, '71', 'Saône-et-Loire'),
(1139, 73, '72', 'Sarthe'),
(1140, 73, '73', 'Savoie'),
(1141, 73, '74', 'Haute-Savoie'),
(1142, 73, '75', 'Paris'),
(1143, 73, '76', 'Seine-Maritime'),
(1144, 73, '77', 'Seine-et-Marne'),
(1145, 73, '78', 'Yvelines'),
(1146, 73, '79', 'Deux-Sèvres'),
(1147, 73, '80', 'Somme'),
(1148, 73, '81', 'Tarn'),
(1149, 73, '82', 'Tarn-et-Garonne'),
(1150, 73, '83', 'Var'),
(1151, 73, '84', 'Vaucluse'),
(1152, 73, '85', 'Vendée'),
(1153, 73, '86', 'Vienne'),
(1154, 73, '87', 'Haute-Vienne'),
(1155, 73, '88', 'Vosges'),
(1156, 73, '89', 'Yonne'),
(1157, 73, '90', 'Territoire de Belfort'),
(1158, 73, '91', 'Essonne'),
(1159, 73, '92', 'Hauts-de-Seine'),
(1160, 73, '93', 'Seine-Saint-Denis'),
(1161, 73, '94', 'Val-de-Marne'),
(1162, 73, '95', 'Val-d''Oise'),
(1163, 73, 'NC', 'Territoire des Nouvelle-Calédonie et Dependances'),
(1164, 73, 'PF', 'Polynésie Française'),
(1165, 73, 'PM', 'Saint-Pierre et Miquelon'),
(1166, 73, 'TF', 'Terres australes et antarctiques françaises'),
(1167, 73, 'YT', 'Mayotte'),
(1168, 73, 'WF', 'Territoire des îles Wallis et Futuna'),
(1169, 76, 'M', 'Archipel des Marquises'),
(1170, 76, 'T', 'Archipel des Tuamotu'),
(1171, 76, 'I', 'Archipel des Tubuai'),
(1172, 76, 'V', 'Iles du Vent'),
(1173, 76, 'S', 'Iles Sous-le-Vent '),
(1174, 77, 'C', 'Iles Crozet'),
(1175, 77, 'K', 'Iles Kerguelen'),
(1176, 77, 'A', 'Ile Amsterdam'),
(1177, 77, 'P', 'Ile Saint-Paul'),
(1178, 77, 'D', 'Adelie Land'),
(1179, 78, 'ES', 'Estuaire'),
(1180, 78, 'HO', 'Haut-Ogooue'),
(1181, 78, 'MO', 'Moyen-Ogooue'),
(1182, 78, 'NG', 'Ngounie'),
(1183, 78, 'NY', 'Nyanga'),
(1184, 78, 'OI', 'Ogooue-Ivindo'),
(1185, 78, 'OL', 'Ogooue-Lolo'),
(1186, 78, 'OM', 'Ogooue-Maritime'),
(1187, 78, 'WN', 'Woleu-Ntem'),
(1188, 79, 'AH', 'Ashanti'),
(1189, 79, 'BA', 'Brong-Ahafo'),
(1190, 79, 'CP', 'Central'),
(1191, 79, 'EP', 'Eastern'),
(1192, 79, 'AA', 'Greater Accra'),
(1193, 79, 'NP', 'Northern'),
(1194, 79, 'UE', 'Upper East'),
(1195, 79, 'UW', 'Upper West'),
(1196, 79, 'TV', 'Volta'),
(1197, 79, 'WP', 'Western'),
(1198, 80, 'AB', 'აფხაზეთი'),
(1199, 80, 'AJ', 'აჭარა'),
(1200, 80, 'GU', 'გურია'),
(1201, 80, 'IM', 'იმერეთი'),
(1202, 80, 'KA', 'კახეთი'),
(1203, 80, 'KK', 'ქვემო ქართლი'),
(1204, 80, 'MM', 'მცხეთა-მთიანეთი'),
(1205, 80, 'RL', 'რაჭა-ლეჩხუმი და ქვემო სვანეთი'),
(1206, 80, 'SJ', 'სამცხე-ჯავახეთი'),
(1207, 80, 'SK', 'შიდა ქართლი'),
(1208, 80, 'SZ', 'სამეგრელო-ზემო სვანეთი'),
(1209, 80, 'TB', 'თბილისი'),
(1210, 81, 'BE', 'Berlin'),
(1211, 81, 'BR', 'Brandenburg'),
(1212, 81, 'BW', 'Baden-Württemberg'),
(1213, 81, 'BY', 'Bayern'),
(1214, 81, 'HB', 'Bremen'),
(1215, 81, 'HE', 'Hessen'),
(1216, 81, 'HH', 'Hamburg'),
(1217, 81, 'MV', 'Mecklenburg-Vorpommern'),
(1218, 81, 'NI', 'Niedersachsen'),
(1219, 81, 'NW', 'Nordrhein-Westfalen'),
(1220, 81, 'RP', 'Rheinland-Pfalz'),
(1221, 81, 'SH', 'Schleswig-Holstein'),
(1222, 81, 'SL', 'Saarland'),
(1223, 81, 'SN', 'Sachsen'),
(1224, 81, 'ST', 'Sachsen-Anhalt'),
(1225, 81, 'TH', 'Thüringen'),
(1226, 82, 'AA', 'Greater Accra'),
(1227, 82, 'AH', 'Ashanti'),
(1228, 82, 'BA', 'Brong-Ahafo'),
(1229, 82, 'CP', 'Central'),
(1230, 82, 'EP', 'Eastern'),
(1231, 82, 'NP', 'Northern'),
(1232, 82, 'TV', 'Volta'),
(1233, 82, 'UE', 'Upper East'),
(1234, 82, 'UW', 'Upper West'),
(1235, 82, 'WP', 'Western'),
(1236, 84, '01', 'Αιτωλοακαρνανία'),
(1237, 84, '03', 'Βοιωτία'),
(1238, 84, '04', 'Εύβοια'),
(1239, 84, '05', 'Ευρυτανία'),
(1240, 84, '06', 'Φθιώτιδα'),
(1241, 84, '07', 'Φωκίδα'),
(1242, 84, '11', 'Αργολίδα'),
(1243, 84, '12', 'Αρκαδία'),
(1244, 84, '13', 'Ἀχαΐα'),
(1245, 84, '14', 'Ηλεία'),
(1246, 84, '15', 'Κορινθία'),
(1247, 84, '16', 'Λακωνία'),
(1248, 84, '17', 'Μεσσηνία'),
(1249, 84, '21', 'Ζάκυνθος'),
(1250, 84, '22', 'Κέρκυρα'),
(1251, 84, '23', 'Κεφαλλονιά'),
(1252, 84, '24', 'Λευκάδα'),
(1253, 84, '31', 'Άρτα'),
(1254, 84, '32', 'Θεσπρωτία'),
(1255, 84, '33', 'Ιωάννινα'),
(1256, 84, '34', 'Πρεβεζα'),
(1257, 84, '41', 'Καρδίτσα'),
(1258, 84, '42', 'Λάρισα'),
(1259, 84, '43', 'Μαγνησία'),
(1260, 84, '44', 'Τρίκαλα'),
(1261, 84, '51', 'Γρεβενά'),
(1262, 84, '52', 'Δράμα'),
(1263, 84, '53', 'Ημαθία'),
(1264, 84, '54', 'Θεσσαλονίκη'),
(1265, 84, '55', 'Καβάλα'),
(1266, 84, '56', 'Καστοριά'),
(1267, 84, '57', 'Κιλκίς'),
(1268, 84, '58', 'Κοζάνη'),
(1269, 84, '59', 'Πέλλα'),
(1270, 84, '61', 'Πιερία'),
(1271, 84, '62', 'Σερρών'),
(1272, 84, '63', 'Φλώρινα'),
(1273, 84, '64', 'Χαλκιδική'),
(1274, 84, '69', 'Όρος Άθως'),
(1275, 84, '71', 'Έβρος'),
(1276, 84, '72', 'Ξάνθη'),
(1277, 84, '73', 'Ροδόπη'),
(1278, 84, '81', 'Δωδεκάνησα'),
(1279, 84, '82', 'Κυκλάδες'),
(1280, 84, '83', 'Λέσβου'),
(1281, 84, '84', 'Σάμος'),
(1282, 84, '85', 'Χίος'),
(1283, 84, '91', 'Ηράκλειο'),
(1284, 84, '92', 'Λασίθι'),
(1285, 84, '93', 'Ρεθύμνο'),
(1286, 84, '94', 'Χανίων'),
(1287, 84, 'A1', 'Αττική'),
(1288, 85, 'A', 'Avannaa'),
(1289, 85, 'T', 'Tunu '),
(1290, 85, 'K', 'Kitaa'),
(1291, 86, 'A', 'Saint Andrew'),
(1292, 86, 'D', 'Saint David'),
(1293, 86, 'G', 'Saint George'),
(1294, 86, 'J', 'Saint John'),
(1295, 86, 'M', 'Saint Mark'),
(1296, 86, 'P', 'Saint Patrick'),
(1297, 89, 'AV', 'Alta Verapaz'),
(1298, 89, 'BV', 'Baja Verapaz'),
(1299, 89, 'CM', 'Chimaltenango'),
(1300, 89, 'CQ', 'Chiquimula'),
(1301, 89, 'ES', 'Escuintla'),
(1302, 89, 'GU', 'Guatemala'),
(1303, 89, 'HU', 'Huehuetenango'),
(1304, 89, 'IZ', 'Izabal'),
(1305, 89, 'JA', 'Jalapa'),
(1306, 89, 'JU', 'Jutiapa'),
(1307, 89, 'PE', 'El Petén'),
(1308, 89, 'PR', 'El Progreso'),
(1309, 89, 'QC', 'El Quiché'),
(1310, 89, 'QZ', 'Quetzaltenango'),
(1311, 89, 'RE', 'Retalhuleu'),
(1312, 89, 'SA', 'Sacatepéquez'),
(1313, 89, 'SM', 'San Marcos'),
(1314, 89, 'SO', 'Sololá'),
(1315, 89, 'SR', 'Santa Rosa'),
(1316, 89, 'SU', 'Suchitepéquez'),
(1317, 89, 'TO', 'Totonicapán'),
(1318, 89, 'ZA', 'Zacapa'),
(1319, 90, 'BE', 'Beyla'),
(1320, 90, 'BF', 'Boffa'),
(1321, 90, 'BK', 'Boké'),
(1322, 90, 'CO', 'Coyah'),
(1323, 90, 'DB', 'Dabola'),
(1324, 90, 'DI', 'Dinguiraye'),
(1325, 90, 'DL', 'Dalaba'),
(1326, 90, 'DU', 'Dubréka'),
(1327, 90, 'FA', 'Faranah'),
(1328, 90, 'FO', 'Forécariah'),
(1329, 90, 'FR', 'Fria'),
(1330, 90, 'GA', 'Gaoual'),
(1331, 90, 'GU', 'Guékédou'),
(1332, 90, 'KA', 'Kankan'),
(1333, 90, 'KB', 'Koubia'),
(1334, 90, 'KD', 'Kindia'),
(1335, 90, 'KE', 'Kérouané'),
(1336, 90, 'KN', 'Koundara'),
(1337, 90, 'KO', 'Kouroussa'),
(1338, 90, 'KS', 'Kissidougou'),
(1339, 90, 'LA', 'Labé'),
(1340, 90, 'LE', 'Lélouma'),
(1341, 90, 'LO', 'Lola'),
(1342, 90, 'MC', 'Macenta'),
(1343, 90, 'MD', 'Mandiana'),
(1344, 90, 'ML', 'Mali'),
(1345, 90, 'MM', 'Mamou'),
(1346, 90, 'NZ', 'Nzérékoré'),
(1347, 90, 'PI', 'Pita'),
(1348, 90, 'SI', 'Siguiri'),
(1349, 90, 'TE', 'Télimélé'),
(1350, 90, 'TO', 'Tougué'),
(1351, 90, 'YO', 'Yomou'),
(1352, 91, 'BF', 'Bafata'),
(1353, 91, 'BB', 'Biombo'),
(1354, 91, 'BS', 'Bissau'),
(1355, 91, 'BL', 'Bolama'),
(1356, 91, 'CA', 'Cacheu'),
(1357, 91, 'GA', 'Gabu'),
(1358, 91, 'OI', 'Oio'),
(1359, 91, 'QU', 'Quinara'),
(1360, 91, 'TO', 'Tombali'),
(1361, 92, 'BA', 'Barima-Waini'),
(1362, 92, 'CU', 'Cuyuni-Mazaruni'),
(1363, 92, 'DE', 'Demerara-Mahaica'),
(1364, 92, 'EB', 'East Berbice-Corentyne'),
(1365, 92, 'ES', 'Essequibo Islands-West Demerara'),
(1366, 92, 'MA', 'Mahaica-Berbice'),
(1367, 92, 'PM', 'Pomeroon-Supenaam'),
(1368, 92, 'PT', 'Potaro-Siparuni'),
(1369, 92, 'UD', 'Upper Demerara-Berbice'),
(1370, 92, 'UT', 'Upper Takutu-Upper Essequibo'),
(1371, 93, 'AR', 'Artibonite'),
(1372, 93, 'CE', 'Centre'),
(1373, 93, 'GA', 'Grand''Anse'),
(1374, 93, 'NI', 'Nippes'),
(1375, 93, 'ND', 'Nord'),
(1376, 93, 'NE', 'Nord-Est'),
(1377, 93, 'NO', 'Nord-Ouest'),
(1378, 93, 'OU', 'Ouest'),
(1379, 93, 'SD', 'Sud'),
(1380, 93, 'SE', 'Sud-Est'),
(1381, 94, 'F', 'Flat Island'),
(1382, 94, 'M', 'McDonald Island'),
(1383, 94, 'S', 'Shag Island'),
(1384, 94, 'H', 'Heard Island'),
(1385, 95, 'AT', 'Atlántida'),
(1386, 95, 'CH', 'Choluteca'),
(1387, 95, 'CL', 'Colón'),
(1388, 95, 'CM', 'Comayagua'),
(1389, 95, 'CP', 'Copán'),
(1390, 95, 'CR', 'Cortés'),
(1391, 95, 'EP', 'El Paraíso'),
(1392, 95, 'FM', 'Francisco Morazán'),
(1393, 95, 'GD', 'Gracias a Dios'),
(1394, 95, 'IB', 'Islas de la Bahía'),
(1395, 95, 'IN', 'Intibucá'),
(1396, 95, 'LE', 'Lempira'),
(1397, 95, 'LP', 'La Paz'),
(1398, 95, 'OC', 'Ocotepeque'),
(1399, 95, 'OL', 'Olancho'),
(1400, 95, 'SB', 'Santa Bárbara'),
(1401, 95, 'VA', 'Valle'),
(1402, 95, 'YO', 'Yoro'),
(1403, 96, 'HCW', '中西區'),
(1404, 96, 'HEA', '東區'),
(1405, 96, 'HSO', '南區'),
(1406, 96, 'HWC', '灣仔區'),
(1407, 96, 'KKC', '九龍城區'),
(1408, 96, 'KKT', '觀塘區'),
(1409, 96, 'KSS', '深水埗區'),
(1410, 96, 'KWT', '黃大仙區'),
(1411, 96, 'KYT', '油尖旺區'),
(1412, 96, 'NIS', '離島區'),
(1413, 96, 'NKT', '葵青區'),
(1414, 96, 'NNO', '北區'),
(1415, 96, 'NSK', '西貢區'),
(1416, 96, 'NST', '沙田區'),
(1417, 96, 'NTP', '大埔區'),
(1418, 96, 'NTW', '荃灣區'),
(1419, 96, 'NTM', '屯門區'),
(1420, 96, 'NYL', '元朗區'),
(1421, 97, 'BA', 'Baranja megye'),
(1422, 97, 'BC', 'Békéscsaba'),
(1423, 97, 'BE', 'Békés megye'),
(1424, 97, 'BK', 'Bács-Kiskun megye'),
(1425, 97, 'BU', 'Budapest'),
(1426, 97, 'BZ', 'Borsod-Abaúj-Zemplén megye'),
(1427, 97, 'CS', 'Csongrád megye'),
(1428, 97, 'DE', 'Debrecen'),
(1429, 97, 'DU', 'Dunaújváros'),
(1430, 97, 'EG', 'Eger'),
(1431, 97, 'FE', 'Fejér megye'),
(1432, 97, 'GS', 'Győr-Moson-Sopron megye'),
(1433, 97, 'GY', 'Győr'),
(1434, 97, 'HB', 'Hajdú-Bihar megye'),
(1435, 97, 'HE', 'Heves megye'),
(1436, 97, 'HV', 'Hódmezővásárhely'),
(1437, 97, 'JN', 'Jász-Nagykun-Szolnok megye'),
(1438, 97, 'KE', 'Komárom-Esztergom megye'),
(1439, 97, 'KM', 'Kecskemét'),
(1440, 97, 'KV', 'Kaposvár'),
(1441, 97, 'MI', 'Miskolc'),
(1442, 97, 'NK', 'Nagykanizsa'),
(1443, 97, 'NO', 'Nógrád megye'),
(1444, 97, 'NY', 'Nyíregyháza'),
(1445, 97, 'PE', 'Pest megye'),
(1446, 97, 'PS', 'Pécs'),
(1447, 97, 'SD', 'Szeged'),
(1448, 97, 'SF', 'Székesfehérvár'),
(1449, 97, 'SH', 'Szombathely'),
(1450, 97, 'SK', 'Szolnok'),
(1451, 97, 'SN', 'Sopron'),
(1452, 97, 'SO', 'Somogy megye'),
(1453, 97, 'SS', 'Szekszárd'),
(1454, 97, 'ST', 'Salgótarján'),
(1455, 97, 'SZ', 'Szabolcs-Szatmár-Bereg megye'),
(1456, 97, 'TB', 'Tatabánya'),
(1457, 97, 'TO', 'Tolna megye'),
(1458, 97, 'VA', 'Vas megye'),
(1459, 97, 'VE', 'Veszprém megye'),
(1460, 97, 'VM', 'Veszprém'),
(1461, 97, 'ZA', 'Zala megye'),
(1462, 97, 'ZE', 'Zalaegerszeg'),
(1463, 98, '1', 'Höfuðborgarsvæðið'),
(1464, 98, '2', 'Suðurnes'),
(1465, 98, '3', 'Vesturland'),
(1466, 98, '4', 'Vestfirðir'),
(1467, 98, '5', 'Norðurland vestra'),
(1468, 98, '6', 'Norðurland eystra'),
(1469, 98, '7', 'Austfirðir'),
(1470, 98, '8', 'Suðurland'),
(1471, 99, 'IN-AN', 'अंडमान और निकोबार द्वीप'),
(1472, 99, 'IN-AP', 'ఆంధ్ర ప్రదేశ్'),
(1473, 99, 'IN-AR', 'अरुणाचल प्रदेश'),
(1474, 99, 'IN-AS', 'অসম'),
(1475, 99, 'IN-BR', 'बिहार'),
(1476, 99, 'IN-CH', 'चंडीगढ़'),
(1477, 99, 'IN-CT', 'छत्तीसगढ़'),
(1478, 99, 'IN-DD', 'દમણ અને દિવ'),
(1479, 99, 'IN-DL', 'दिल्ली'),
(1480, 99, 'IN-DN', 'દાદરા અને નગર હવેલી'),
(1481, 99, 'IN-GA', 'गोंय'),
(1482, 99, 'IN-GJ', 'ગુજરાત'),
(1483, 99, 'IN-HP', 'हिमाचल प्रदेश'),
(1484, 99, 'IN-HR', 'हरियाणा'),
(1485, 99, 'IN-JH', 'झारखंड'),
(1486, 99, 'IN-JK', 'जम्मू और कश्मीर'),
(1487, 99, 'IN-KA', 'ಕನಾ೯ಟಕ'),
(1488, 99, 'IN-KL', 'കേരളം'),
(1489, 99, 'IN-LD', 'ലക്ഷദ്വീപ്'),
(1490, 99, 'IN-ML', 'मेघालय'),
(1491, 99, 'IN-MH', 'महाराष्ट्र'),
(1492, 99, 'IN-MN', 'मणिपुर'),
(1493, 99, 'IN-MP', 'मध्य प्रदेश'),
(1494, 99, 'IN-MZ', 'मिज़ोरम'),
(1495, 99, 'IN-NL', 'नागालैंड'),
(1496, 99, 'IN-OR', 'उड़ीसा'),
(1497, 99, 'IN-PB', 'ਪੰਜਾਬ'),
(1498, 99, 'IN-PY', 'புதுச்சேரி'),
(1499, 99, 'IN-RJ', 'राजस्थान'),
(1500, 99, 'IN-SK', 'सिक्किम'),
(1501, 99, 'IN-TN', 'தமிழ் நாடு'),
(1502, 99, 'IN-TR', 'ত্রিপুরা'),
(1503, 99, 'IN-UL', 'उत्तरांचल'),
(1504, 99, 'IN-UP', 'उत्तर प्रदेश'),
(1505, 99, 'IN-WB', 'পশ্চিমবঙ্গ'),
(1506, 100, 'AC', 'Aceh'),
(1507, 100, 'BA', 'Bali'),
(1508, 100, 'BB', 'Bangka-Belitung'),
(1509, 100, 'BE', 'Bengkulu'),
(1510, 100, 'BT', 'Banten'),
(1511, 100, 'GO', 'Gorontalo'),
(1512, 100, 'IJ', 'Papua'),
(1513, 100, 'JA', 'Jambi'),
(1514, 100, 'JI', 'Jawa Timur'),
(1515, 100, 'JK', 'Jakarta Raya'),
(1516, 100, 'JR', 'Jawa Barat'),
(1517, 100, 'JT', 'Jawa Tengah'),
(1518, 100, 'KB', 'Kalimantan Barat'),
(1519, 100, 'KI', 'Kalimantan Timur'),
(1520, 100, 'KS', 'Kalimantan Selatan'),
(1521, 100, 'KT', 'Kalimantan Tengah'),
(1522, 100, 'LA', 'Lampung'),
(1523, 100, 'MA', 'Maluku'),
(1524, 100, 'MU', 'Maluku Utara'),
(1525, 100, 'NB', 'Nusa Tenggara Barat'),
(1526, 100, 'NT', 'Nusa Tenggara Timur'),
(1527, 100, 'RI', 'Riau'),
(1528, 100, 'SB', 'Sumatera Barat'),
(1529, 100, 'SG', 'Sulawesi Tenggara'),
(1530, 100, 'SL', 'Sumatera Selatan'),
(1531, 100, 'SN', 'Sulawesi Selatan'),
(1532, 100, 'ST', 'Sulawesi Tengah'),
(1533, 100, 'SW', 'Sulawesi Utara'),
(1534, 100, 'SU', 'Sumatera Utara'),
(1535, 100, 'YO', 'Yogyakarta'),
(1536, 101, '01', 'محافظة آذربایجان شرقي'),
(1537, 101, '02', 'محافظة آذربایجان غربي'),
(1538, 101, '03', 'محافظة اردبیل'),
(1539, 101, '04', 'محافظة اصفهان'),
(1540, 101, '05', 'محافظة ایلام'),
(1541, 101, '06', 'محافظة بوشهر'),
(1542, 101, '07', 'محافظة طهران'),
(1543, 101, '08', 'محافظة چهارمحل و بختیاري'),
(1544, 101, '09', 'محافظة خراسان رضوي'),
(1545, 101, '10', 'محافظة خوزستان'),
(1546, 101, '11', 'محافظة زنجان'),
(1547, 101, '12', 'محافظة سمنان'),
(1548, 101, '13', 'محافظة سيستان وبلوتشستان'),
(1549, 101, '14', 'محافظة فارس'),
(1550, 101, '15', 'محافظة کرمان'),
(1551, 101, '16', 'محافظة کردستان'),
(1552, 101, '17', 'محافظة کرمانشاه'),
(1553, 101, '18', 'محافظة کهکیلویه و بویر أحمد'),
(1554, 101, '19', 'محافظة گیلان'),
(1555, 101, '20', 'محافظة لرستان'),
(1556, 101, '21', 'محافظة مازندران'),
(1557, 101, '22', 'محافظة مرکزي'),
(1558, 101, '23', 'محافظة هرمزگان'),
(1559, 101, '24', 'محافظة همدان'),
(1560, 101, '25', 'محافظة یزد'),
(1561, 101, '26', 'محافظة قم'),
(1562, 101, '27', 'محافظة گلستان'),
(1563, 101, '28', 'محافظة قزوين'),
(1564, 102, 'AN', 'محافظة الأنبار'),
(1565, 102, 'AR', 'أربيل'),
(1566, 102, 'BA', 'محافظة البصرة'),
(1567, 102, 'BB', 'بابل'),
(1568, 102, 'BG', 'محافظة بغداد'),
(1569, 102, 'DA', 'دهوك'),
(1570, 102, 'DI', 'ديالى'),
(1571, 102, 'DQ', 'ذي قار'),
(1572, 102, 'KA', 'كربلاء'),
(1573, 102, 'MA', 'ميسان'),
(1574, 102, 'MU', 'المثنى'),
(1575, 102, 'NA', 'النجف'),
(1576, 102, 'NI', 'نینوى'),
(1577, 102, 'QA', 'القادسية'),
(1578, 102, 'SD', 'صلاح الدين'),
(1579, 102, 'SW', 'محافظة السليمانية'),
(1580, 102, 'TS', 'التأمیم'),
(1581, 102, 'WA', 'واسط'),
(1582, 103, 'C', 'Corcaigh'),
(1583, 103, 'CE', 'Contae an Chláir'),
(1584, 103, 'CN', 'An Cabhán'),
(1585, 103, 'CW', 'Ceatharlach'),
(1586, 103, 'D', 'Baile Átha Cliath'),
(1587, 103, 'DL', 'Dún na nGall'),
(1588, 103, 'G', 'Gaillimh');
INSERT INTO `toc_zones` (`zone_id`, `zone_country_id`, `zone_code`, `zone_name`) VALUES
(1589, 103, 'KE', 'Cill Dara'),
(1590, 103, 'KK', 'Cill Chainnigh'),
(1591, 103, 'KY', 'Contae Chiarraí'),
(1592, 103, 'LD', 'An Longfort'),
(1593, 103, 'LH', 'Contae Lú'),
(1594, 103, 'LK', 'Luimneach'),
(1595, 103, 'LM', 'Contae Liatroma'),
(1596, 103, 'LS', 'Contae Laoise'),
(1597, 103, 'MH', 'Contae na Mí'),
(1598, 103, 'MN', 'Muineachán'),
(1599, 103, 'MO', 'Contae Mhaigh Eo'),
(1600, 103, 'OY', 'Contae Uíbh Fhailí'),
(1601, 103, 'RN', 'Ros Comáin'),
(1602, 103, 'SO', 'Sligeach'),
(1603, 103, 'TA', 'Tiobraid Árann'),
(1604, 103, 'WD', 'Port Lairge'),
(1605, 103, 'WH', 'Contae na hIarmhí'),
(1606, 103, 'WW', 'Cill Mhantáin'),
(1607, 103, 'WX', 'Loch Garman'),
(1608, 104, 'D ', 'מחוז הדרום'),
(1609, 104, 'HA', 'מחוז חיפה'),
(1610, 104, 'JM', 'ירושלים'),
(1611, 104, 'M ', 'מחוז המרכז'),
(1612, 104, 'TA', 'תל אביב-יפו'),
(1613, 104, 'Z ', 'מחוז הצפון'),
(1614, 105, 'AG', 'Agrigento'),
(1615, 105, 'AL', 'Alessandria'),
(1616, 105, 'AN', 'Ancona'),
(1617, 105, 'AO', 'Valle d''Aosta'),
(1618, 105, 'AP', 'Ascoli Piceno'),
(1619, 105, 'AQ', 'L''Aquila'),
(1620, 105, 'AR', 'Arezzo'),
(1621, 105, 'AT', 'Asti'),
(1622, 105, 'AV', 'Avellino'),
(1623, 105, 'BA', 'Bari'),
(1624, 105, 'BG', 'Bergamo'),
(1625, 105, 'BI', 'Biella'),
(1626, 105, 'BL', 'Belluno'),
(1627, 105, 'BN', 'Benevento'),
(1628, 105, 'BO', 'Bologna'),
(1629, 105, 'BR', 'Brindisi'),
(1630, 105, 'BS', 'Brescia'),
(1631, 105, 'BT', 'Barletta-Andria-Trani'),
(1632, 105, 'BZ', 'Alto Adige'),
(1633, 105, 'CA', 'Cagliari'),
(1634, 105, 'CB', 'Campobasso'),
(1635, 105, 'CE', 'Caserta'),
(1636, 105, 'CH', 'Chieti'),
(1637, 105, 'CI', 'Carbonia-Iglesias'),
(1638, 105, 'CL', 'Caltanissetta'),
(1639, 105, 'CN', 'Cuneo'),
(1640, 105, 'CO', 'Como'),
(1641, 105, 'CR', 'Cremona'),
(1642, 105, 'CS', 'Cosenza'),
(1643, 105, 'CT', 'Catania'),
(1644, 105, 'CZ', 'Catanzaro'),
(1645, 105, 'EN', 'Enna'),
(1646, 105, 'FE', 'Ferrara'),
(1647, 105, 'FG', 'Foggia'),
(1648, 105, 'FI', 'Firenze'),
(1649, 105, 'FM', 'Fermo'),
(1650, 105, 'FO', 'Forlì-Cesena'),
(1651, 105, 'FR', 'Frosinone'),
(1652, 105, 'GE', 'Genova'),
(1653, 105, 'GO', 'Gorizia'),
(1654, 105, 'GR', 'Grosseto'),
(1655, 105, 'IM', 'Imperia'),
(1656, 105, 'IS', 'Isernia'),
(1657, 105, 'KR', 'Crotone'),
(1658, 105, 'LC', 'Lecco'),
(1659, 105, 'LE', 'Lecce'),
(1660, 105, 'LI', 'Livorno'),
(1661, 105, 'LO', 'Lodi'),
(1662, 105, 'LT', 'Latina'),
(1663, 105, 'LU', 'Lucca'),
(1664, 105, 'MC', 'Macerata'),
(1665, 105, 'MD', 'Medio Campidano'),
(1666, 105, 'ME', 'Messina'),
(1667, 105, 'MI', 'Milano'),
(1668, 105, 'MN', 'Mantova'),
(1669, 105, 'MO', 'Modena'),
(1670, 105, 'MS', 'Massa-Carrara'),
(1671, 105, 'MT', 'Matera'),
(1672, 105, 'MZ', 'Monza e Brianza'),
(1673, 105, 'NA', 'Napoli'),
(1674, 105, 'NO', 'Novara'),
(1675, 105, 'NU', 'Nuoro'),
(1676, 105, 'OG', 'Ogliastra'),
(1677, 105, 'OR', 'Oristano'),
(1678, 105, 'OT', 'Olbia-Tempio'),
(1679, 105, 'PA', 'Palermo'),
(1680, 105, 'PC', 'Piacenza'),
(1681, 105, 'PD', 'Padova'),
(1682, 105, 'PE', 'Pescara'),
(1683, 105, 'PG', 'Perugia'),
(1684, 105, 'PI', 'Pisa'),
(1685, 105, 'PN', 'Pordenone'),
(1686, 105, 'PO', 'Prato'),
(1687, 105, 'PR', 'Parma'),
(1688, 105, 'PS', 'Pesaro e Urbino'),
(1689, 105, 'PT', 'Pistoia'),
(1690, 105, 'PV', 'Pavia'),
(1691, 105, 'PZ', 'Potenza'),
(1692, 105, 'RA', 'Ravenna'),
(1693, 105, 'RC', 'Reggio Calabria'),
(1694, 105, 'RE', 'Reggio Emilia'),
(1695, 105, 'RG', 'Ragusa'),
(1696, 105, 'RI', 'Rieti'),
(1697, 105, 'RM', 'Roma'),
(1698, 105, 'RN', 'Rimini'),
(1699, 105, 'RO', 'Rovigo'),
(1700, 105, 'SA', 'Salerno'),
(1701, 105, 'SI', 'Siena'),
(1702, 105, 'SO', 'Sondrio'),
(1703, 105, 'SP', 'La Spezia'),
(1704, 105, 'SR', 'Siracusa'),
(1705, 105, 'SS', 'Sassari'),
(1706, 105, 'SV', 'Savona'),
(1707, 105, 'TA', 'Taranto'),
(1708, 105, 'TE', 'Teramo'),
(1709, 105, 'TN', 'Trento'),
(1710, 105, 'TO', 'Torino'),
(1711, 105, 'TP', 'Trapani'),
(1712, 105, 'TR', 'Terni'),
(1713, 105, 'TS', 'Trieste'),
(1714, 105, 'TV', 'Treviso'),
(1715, 105, 'UD', 'Udine'),
(1716, 105, 'VA', 'Varese'),
(1717, 105, 'VB', 'Verbano-Cusio-Ossola'),
(1718, 105, 'VC', 'Vercelli'),
(1719, 105, 'VE', 'Venezia'),
(1720, 105, 'VI', 'Vicenza'),
(1721, 105, 'VR', 'Verona'),
(1722, 105, 'VT', 'Viterbo'),
(1723, 105, 'VV', 'Vibo Valentia'),
(1724, 106, '01', 'Kingston'),
(1725, 106, '02', 'Half Way Tree'),
(1726, 106, '03', 'Morant Bay'),
(1727, 106, '04', 'Port Antonio'),
(1728, 106, '05', 'Port Maria'),
(1729, 106, '06', 'Saint Ann''s Bay'),
(1730, 106, '07', 'Falmouth'),
(1731, 106, '08', 'Montego Bay'),
(1732, 106, '09', 'Lucea'),
(1733, 106, '10', 'Savanna-la-Mar'),
(1734, 106, '11', 'Black River'),
(1735, 106, '12', 'Mandeville'),
(1736, 106, '13', 'May Pen'),
(1737, 106, '14', 'Spanish Town'),
(1738, 107, '01', '北海道'),
(1739, 107, '02', '青森'),
(1740, 107, '03', '岩手'),
(1741, 107, '04', '宮城'),
(1742, 107, '05', '秋田'),
(1743, 107, '06', '山形'),
(1744, 107, '07', '福島'),
(1745, 107, '08', '茨城'),
(1746, 107, '09', '栃木'),
(1747, 107, '10', '群馬'),
(1748, 107, '11', '埼玉'),
(1749, 107, '12', '千葉'),
(1750, 107, '13', '東京'),
(1751, 107, '14', '神奈川'),
(1752, 107, '15', '新潟'),
(1753, 107, '16', '富山'),
(1754, 107, '17', '石川'),
(1755, 107, '18', '福井'),
(1756, 107, '19', '山梨'),
(1757, 107, '20', '長野'),
(1758, 107, '21', '岐阜'),
(1759, 107, '22', '静岡'),
(1760, 107, '23', '愛知'),
(1761, 107, '24', '三重'),
(1762, 107, '25', '滋賀'),
(1763, 107, '26', '京都'),
(1764, 107, '27', '大阪'),
(1765, 107, '28', '兵庫'),
(1766, 107, '29', '奈良'),
(1767, 107, '30', '和歌山'),
(1768, 107, '31', '鳥取'),
(1769, 107, '32', '島根'),
(1770, 107, '33', '岡山'),
(1771, 107, '34', '広島'),
(1772, 107, '35', '山口'),
(1773, 107, '36', '徳島'),
(1774, 107, '37', '香川'),
(1775, 107, '38', '愛媛'),
(1776, 107, '39', '高知'),
(1777, 107, '40', '福岡'),
(1778, 107, '41', '佐賀'),
(1779, 107, '42', '長崎'),
(1780, 107, '43', '熊本'),
(1781, 107, '44', '大分'),
(1782, 107, '45', '宮崎'),
(1783, 107, '46', '鹿児島'),
(1784, 107, '47', '沖縄'),
(1785, 108, 'AJ', 'محافظة عجلون'),
(1786, 108, 'AM', 'محافظة العاصمة'),
(1787, 108, 'AQ', 'محافظة العقبة'),
(1788, 108, 'AT', 'محافظة الطفيلة'),
(1789, 108, 'AZ', 'محافظة الزرقاء'),
(1790, 108, 'BA', 'محافظة البلقاء'),
(1791, 108, 'JA', 'محافظة جرش'),
(1792, 108, 'JR', 'محافظة إربد'),
(1793, 108, 'KA', 'محافظة الكرك'),
(1794, 108, 'MA', 'محافظة المفرق'),
(1795, 108, 'MD', 'محافظة مادبا'),
(1796, 108, 'MN', 'محافظة معان'),
(1797, 109, 'AL', 'Алматы'),
(1798, 109, 'AC', 'Almaty City'),
(1799, 109, 'AM', 'Ақмола'),
(1800, 109, 'AQ', 'Ақтөбе'),
(1801, 109, 'AS', 'Астана'),
(1802, 109, 'AT', 'Атырау'),
(1803, 109, 'BA', 'Батыс Қазақстан'),
(1804, 109, 'BY', 'Байқоңыр'),
(1805, 109, 'MA', 'Маңғыстау'),
(1806, 109, 'ON', 'Оңтүстік Қазақстан'),
(1807, 109, 'PA', 'Павлодар'),
(1808, 109, 'QA', 'Қарағанды'),
(1809, 109, 'QO', 'Қостанай'),
(1810, 109, 'QY', 'Қызылорда'),
(1811, 109, 'SH', 'Шығыс Қазақстан'),
(1812, 109, 'SO', 'Солтүстік Қазақстан'),
(1813, 109, 'ZH', 'Жамбыл'),
(1814, 110, '110', 'Nairobi'),
(1815, 110, '200', 'Central'),
(1816, 110, '300', 'Mombasa'),
(1817, 110, '400', 'Eastern'),
(1818, 110, '500', 'North Eastern'),
(1819, 110, '600', 'Nyanza'),
(1820, 110, '700', 'Rift Valley'),
(1821, 110, '900', 'Western'),
(1822, 111, 'G', 'Gilbert Islands'),
(1823, 111, 'L', 'Line Islands'),
(1824, 111, 'P', 'Phoenix Islands'),
(1825, 112, 'CHA', '자강도'),
(1826, 112, 'HAB', '함경 북도'),
(1827, 112, 'HAN', '함경 남도'),
(1828, 112, 'HWB', '황해 북도'),
(1829, 112, 'HWN', '황해 남도'),
(1830, 112, 'KAN', '강원도'),
(1831, 112, 'KAE', '개성시'),
(1832, 112, 'NAJ', '라선 직할시'),
(1833, 112, 'NAM', '남포 특급시'),
(1834, 112, 'PYB', '평안 북도'),
(1835, 112, 'PYN', '평안 남도'),
(1836, 112, 'PYO', '평양 직할시'),
(1837, 112, 'YAN', '량강도'),
(1838, 113, '11', '서울특별시'),
(1839, 113, '26', '부산 광역시'),
(1840, 113, '27', '대구 광역시'),
(1841, 113, '28', '인천광역시'),
(1842, 113, '29', '광주 광역시'),
(1843, 113, '30', '대전 광역시'),
(1844, 113, '31', '울산 광역시'),
(1845, 113, '41', '경기도'),
(1846, 113, '42', '강원도'),
(1847, 113, '43', '충청 북도'),
(1848, 113, '44', '충청 남도'),
(1849, 113, '45', '전라 북도'),
(1850, 113, '46', '전라 남도'),
(1851, 113, '47', '경상 북도'),
(1852, 113, '48', '경상 남도'),
(1853, 113, '49', '제주특별자치도'),
(1854, 114, 'AH', 'الاحمدي'),
(1855, 114, 'FA', 'الفروانية'),
(1856, 114, 'JA', 'الجهراء'),
(1857, 114, 'KU', 'ألعاصمه'),
(1858, 114, 'HW', 'حولي'),
(1859, 114, 'MU', 'مبارك الكبير'),
(1860, 115, 'B', 'Баткен областы'),
(1861, 115, 'C', 'Чүй областы'),
(1862, 115, 'GB', 'Бишкек'),
(1863, 115, 'J', 'Жалал-Абад областы'),
(1864, 115, 'N', 'Нарын областы'),
(1865, 115, 'O', 'Ош областы'),
(1866, 115, 'T', 'Талас областы'),
(1867, 115, 'Y', 'Ысык-Көл областы'),
(1868, 116, 'AT', 'ອັດຕະປື'),
(1869, 116, 'BK', 'ບໍ່ແກ້ວ'),
(1870, 116, 'BL', 'ບໍລິຄໍາໄຊ'),
(1871, 116, 'CH', 'ຈໍາປາສັກ'),
(1872, 116, 'HO', 'ຫົວພັນ'),
(1873, 116, 'KH', 'ຄໍາມ່ວນ'),
(1874, 116, 'LM', 'ຫລວງນໍ້າທາ'),
(1875, 116, 'LP', 'ຫລວງພະບາງ'),
(1876, 116, 'OU', 'ອຸດົມໄຊ'),
(1877, 116, 'PH', 'ຜົງສາລີ'),
(1878, 116, 'SL', 'ສາລະວັນ'),
(1879, 116, 'SV', 'ສະຫວັນນະເຂດ'),
(1880, 116, 'VI', 'ວຽງຈັນ'),
(1881, 116, 'VT', 'ວຽງຈັນ'),
(1882, 116, 'XA', 'ໄຊຍະບູລີ'),
(1883, 116, 'XE', 'ເຊກອງ'),
(1884, 116, 'XI', 'ຊຽງຂວາງ'),
(1885, 116, 'XN', 'ໄຊສົມບູນ'),
(1886, 117, 'AI', 'Aizkraukles rajons'),
(1887, 117, 'AL', 'Alūksnes rajons'),
(1888, 117, 'BL', 'Balvu rajons'),
(1889, 117, 'BU', 'Bauskas rajons'),
(1890, 117, 'CE', 'Cēsu rajons'),
(1891, 117, 'DA', 'Daugavpils rajons'),
(1892, 117, 'DGV', 'Daugpilis'),
(1893, 117, 'DO', 'Dobeles rajons'),
(1894, 117, 'GU', 'Gulbenes rajons'),
(1895, 117, 'JEL', 'Jelgava'),
(1896, 117, 'JK', 'Jēkabpils rajons'),
(1897, 117, 'JL', 'Jelgavas rajons'),
(1898, 117, 'JUR', 'Jūrmala'),
(1899, 117, 'KR', 'Krāslavas rajons'),
(1900, 117, 'KU', 'Kuldīgas rajons'),
(1901, 117, 'LE', 'Liepājas rajons'),
(1902, 117, 'LM', 'Limbažu rajons'),
(1903, 117, 'LPX', 'Liepoja'),
(1904, 117, 'LU', 'Ludzas rajons'),
(1905, 117, 'MA', 'Madonas rajons'),
(1906, 117, 'OG', 'Ogres rajons'),
(1907, 117, 'PR', 'Preiļu rajons'),
(1908, 117, 'RE', 'Rēzeknes rajons'),
(1909, 117, 'REZ', 'Rēzekne'),
(1910, 117, 'RI', 'Rīgas rajons'),
(1911, 117, 'RIX', 'Rīga'),
(1912, 117, 'SA', 'Saldus rajons'),
(1913, 117, 'TA', 'Talsu rajons'),
(1914, 117, 'TU', 'Tukuma rajons'),
(1915, 117, 'VE', 'Ventspils rajons'),
(1916, 117, 'VEN', 'Ventspils'),
(1917, 117, 'VK', 'Valkas rajons'),
(1918, 117, 'VM', 'Valmieras rajons'),
(1919, 119, 'A', 'Maseru'),
(1920, 119, 'B', 'Butha-Buthe'),
(1921, 119, 'C', 'Leribe'),
(1922, 119, 'D', 'Berea'),
(1923, 119, 'E', 'Mafeteng'),
(1924, 119, 'F', 'Mohale''s Hoek'),
(1925, 119, 'G', 'Quthing'),
(1926, 119, 'H', 'Qacha''s Nek'),
(1927, 119, 'J', 'Mokhotlong'),
(1928, 119, 'K', 'Thaba-Tseka'),
(1929, 120, 'BG', 'Bong'),
(1930, 120, 'BM', 'Bomi'),
(1931, 120, 'CM', 'Grand Cape Mount'),
(1932, 120, 'GB', 'Grand Bassa'),
(1933, 120, 'GG', 'Grand Gedeh'),
(1934, 120, 'GK', 'Grand Kru'),
(1935, 120, 'GP', 'Gbarpolu'),
(1936, 120, 'LO', 'Lofa'),
(1937, 120, 'MG', 'Margibi'),
(1938, 120, 'MO', 'Montserrado'),
(1939, 120, 'MY', 'Maryland'),
(1940, 120, 'NI', 'Nimba'),
(1941, 120, 'RG', 'River Gee'),
(1942, 120, 'RI', 'Rivercess'),
(1943, 120, 'SI', 'Sinoe'),
(1944, 121, 'AJ', 'Ajdābiyā'),
(1945, 121, 'BA', 'Banghāzī'),
(1946, 121, 'BU', 'Al Buţnān'),
(1947, 121, 'BW', 'Banī Walīd'),
(1948, 121, 'DR', 'Darnah'),
(1949, 121, 'GD', 'Ghadāmis'),
(1950, 121, 'GR', 'Gharyān'),
(1951, 121, 'GT', 'Ghāt'),
(1952, 121, 'HZ', 'Al Ḩizām al Akhḑar'),
(1953, 121, 'JA', 'Al Jabal al Akhḑar'),
(1954, 121, 'JB', 'Jaghbūb'),
(1955, 121, 'JI', 'Al Jifārah'),
(1956, 121, 'JU', 'Al Jufrah'),
(1957, 121, 'KF', 'Al Kufrah'),
(1958, 121, 'MB', 'Al Marqab'),
(1959, 121, 'MI', 'Mişrātah'),
(1960, 121, 'MJ', 'Al Marj'),
(1961, 121, 'MQ', 'Murzuq'),
(1962, 121, 'MZ', 'Mizdah'),
(1963, 121, 'NL', 'Nālūt'),
(1964, 121, 'NQ', 'An Nuqaţ al Khams'),
(1965, 121, 'QB', 'Al Qubbah'),
(1966, 121, 'QT', 'Al Qaţrūn'),
(1967, 121, 'SB', 'Sabhā'),
(1968, 121, 'SH', 'Ash Shāţi'),
(1969, 121, 'SR', 'Surt'),
(1970, 121, 'SS', 'Şabrātah Şurmān'),
(1971, 121, 'TB', 'Ţarābulus'),
(1972, 121, 'TM', 'Tarhūnah-Masallātah'),
(1973, 121, 'TN', 'Tājūrā wa an Nawāḩī al Arbāʻ'),
(1974, 121, 'WA', 'Al Wāḩah'),
(1975, 121, 'WD', 'Wādī al Ḩayāt'),
(1976, 121, 'YJ', 'Yafran-Jādū'),
(1977, 121, 'ZA', 'Az Zāwiyah'),
(1978, 122, 'B', 'Balzers'),
(1979, 122, 'E', 'Eschen'),
(1980, 122, 'G', 'Gamprin'),
(1981, 122, 'M', 'Mauren'),
(1982, 122, 'P', 'Planken'),
(1983, 122, 'R', 'Ruggell'),
(1984, 122, 'A', 'Schaan'),
(1985, 122, 'L', 'Schellenberg'),
(1986, 122, 'N', 'Triesen'),
(1987, 122, 'T', 'Triesenberg'),
(1988, 122, 'V', 'Vaduz'),
(1989, 123, 'AL', 'Alytaus Apskritis'),
(1990, 123, 'KL', 'Klaipėdos Apskritis'),
(1991, 123, 'KU', 'Kauno Apskritis'),
(1992, 123, 'MR', 'Marijampolės Apskritis'),
(1993, 123, 'PN', 'Panevėžio Apskritis'),
(1994, 123, 'SA', 'Šiaulių Apskritis'),
(1995, 123, 'TA', 'Tauragės Apskritis'),
(1996, 123, 'TE', 'Telšių Apskritis'),
(1997, 123, 'UT', 'Utenos Apskritis'),
(1998, 123, 'VL', 'Vilniaus Apskritis'),
(1999, 124, 'D', 'Diekirch'),
(2000, 124, 'G', 'Grevenmacher'),
(2001, 124, 'L', 'Luxemburg'),
(2002, 125, 'I', '海島市'),
(2003, 125, 'M', '澳門市'),
(2004, 126, 'BR', 'Berovo'),
(2005, 126, 'CH', 'Чешиново-Облешево'),
(2006, 126, 'DL', 'Делчево'),
(2007, 126, 'KB', 'Карбинци'),
(2008, 126, 'OC', 'Кочани'),
(2009, 126, 'LO', 'Лозово'),
(2010, 126, 'MK', 'Македонска каменица'),
(2011, 126, 'PH', 'Пехчево'),
(2012, 126, 'PT', 'Пробиштип'),
(2013, 126, 'ST', 'Штип'),
(2014, 126, 'SL', 'Свети Николе'),
(2015, 126, 'NI', 'Виница'),
(2016, 126, 'ZR', 'Зрновци'),
(2017, 126, 'KY', 'Кратово'),
(2018, 126, 'KZ', 'Крива Паланка'),
(2019, 126, 'UM', 'Куманово'),
(2020, 126, 'LI', 'Липково'),
(2021, 126, 'RN', 'Ранковце'),
(2022, 126, 'NA', 'Старо Нагоричане'),
(2023, 126, 'TL', 'Битола'),
(2024, 126, 'DM', 'Демир Хисар'),
(2025, 126, 'DE', 'Долнени'),
(2026, 126, 'KG', 'Кривогаштани'),
(2027, 126, 'KS', 'Крушево'),
(2028, 126, 'MG', 'Могила'),
(2029, 126, 'NV', 'Новаци'),
(2030, 126, 'PP', 'Прилеп'),
(2031, 126, 'RE', 'Ресен'),
(2032, 126, 'VJ', 'Боговиње'),
(2033, 126, 'BN', 'Брвеница'),
(2034, 126, 'GT', 'Гостивар'),
(2035, 126, 'JG', 'Јегуновце'),
(2036, 126, 'MR', 'Маврово и Ростуша'),
(2037, 126, 'TR', 'Теарце'),
(2038, 126, 'ET', 'Тетово'),
(2039, 126, 'VH', 'Врапчиште'),
(2040, 126, 'ZE', 'Желино'),
(2041, 126, 'AD', 'Аеродром'),
(2042, 126, 'AR', 'Арачиново'),
(2043, 126, 'BU', 'Бутел'),
(2044, 126, 'CI', 'Чаир'),
(2045, 126, 'CE', 'Центар'),
(2046, 126, 'CS', 'Чучер Сандево'),
(2047, 126, 'GB', 'Гази Баба'),
(2048, 126, 'GP', 'Ѓорче Петров'),
(2049, 126, 'IL', 'Илинден'),
(2050, 126, 'KX', 'Карпош'),
(2051, 126, 'VD', 'Кисела Вода'),
(2052, 126, 'PE', 'Петровец'),
(2053, 126, 'AJ', 'Сарај'),
(2054, 126, 'SS', 'Сопиште'),
(2055, 126, 'SU', 'Студеничани'),
(2056, 126, 'SO', 'Шуто Оризари'),
(2057, 126, 'ZK', 'Зелениково'),
(2058, 126, 'BG', 'Богданци'),
(2059, 126, 'BS', 'Босилово'),
(2060, 126, 'GV', 'Гевгелија'),
(2061, 126, 'KN', 'Конче'),
(2062, 126, 'NS', 'Ново Село'),
(2063, 126, 'RV', 'Радовиш'),
(2064, 126, 'SD', 'Стар Дојран'),
(2065, 126, 'RU', 'Струмица'),
(2066, 126, 'VA', 'Валандово'),
(2067, 126, 'VL', 'Василево'),
(2068, 126, 'CZ', 'Центар Жупа'),
(2069, 126, 'DB', 'Дебар'),
(2070, 126, 'DA', 'Дебарца'),
(2071, 126, 'DR', 'Другово'),
(2072, 126, 'KH', 'Кичево'),
(2073, 126, 'MD', 'Македонски Брод'),
(2074, 126, 'OD', 'Охрид'),
(2075, 126, 'OS', 'Осломеј'),
(2076, 126, 'PN', 'Пласница'),
(2077, 126, 'UG', 'Струга'),
(2078, 126, 'VV', 'Вевчани'),
(2079, 126, 'VC', 'Вранештица'),
(2080, 126, 'ZA', 'Зајас'),
(2081, 126, 'CA', 'Чашка'),
(2082, 126, 'DK', 'Демир Капија'),
(2083, 126, 'GR', 'Градско'),
(2084, 126, 'AV', 'Кавадарци'),
(2085, 126, 'NG', 'Неготино'),
(2086, 126, 'RM', 'Росоман'),
(2087, 126, 'VE', 'Велес'),
(2088, 127, 'A', 'Toamasina'),
(2089, 127, 'D', 'Antsiranana'),
(2090, 127, 'F', 'Fianarantsoa'),
(2091, 127, 'M', 'Mahajanga'),
(2092, 127, 'T', 'Antananarivo'),
(2093, 127, 'U', 'Toliara'),
(2094, 128, 'BA', 'Balaka'),
(2095, 128, 'BL', 'Blantyre'),
(2096, 128, 'C', 'Central'),
(2097, 128, 'CK', 'Chikwawa'),
(2098, 128, 'CR', 'Chiradzulu'),
(2099, 128, 'CT', 'Chitipa'),
(2100, 128, 'DE', 'Dedza'),
(2101, 128, 'DO', 'Dowa'),
(2102, 128, 'KR', 'Karonga'),
(2103, 128, 'KS', 'Kasungu'),
(2104, 128, 'LK', 'Likoma Island'),
(2105, 128, 'LI', 'Lilongwe'),
(2106, 128, 'MH', 'Machinga'),
(2107, 128, 'MG', 'Mangochi'),
(2108, 128, 'MC', 'Mchinji'),
(2109, 128, 'MU', 'Mulanje'),
(2110, 128, 'MW', 'Mwanza'),
(2111, 128, 'MZ', 'Mzimba'),
(2112, 128, 'N', 'Northern'),
(2113, 128, 'NB', 'Nkhata'),
(2114, 128, 'NK', 'Nkhotakota'),
(2115, 128, 'NS', 'Nsanje'),
(2116, 128, 'NU', 'Ntcheu'),
(2117, 128, 'NI', 'Ntchisi'),
(2118, 128, 'PH', 'Phalombe'),
(2119, 128, 'RU', 'Rumphi'),
(2120, 128, 'S', 'Southern'),
(2121, 128, 'SA', 'Salima'),
(2122, 128, 'TH', 'Thyolo'),
(2123, 128, 'ZO', 'Zomba'),
(2124, 129, '01', 'Johor Darul Takzim'),
(2125, 129, '02', 'Kedah Darul Aman'),
(2126, 129, '03', 'Kelantan Darul Naim'),
(2127, 129, '04', 'Melaka Negeri Bersejarah'),
(2128, 129, '05', 'Negeri Sembilan Darul Khusus'),
(2129, 129, '06', 'Pahang Darul Makmur'),
(2130, 129, '07', 'Pulau Pinang'),
(2131, 129, '08', 'Perak Darul Ridzuan'),
(2132, 129, '09', 'Perlis Indera Kayangan'),
(2133, 129, '10', 'Selangor Darul Ehsan'),
(2134, 129, '11', 'Terengganu Darul Iman'),
(2135, 129, '12', 'Sabah Negeri Di Bawah Bayu'),
(2136, 129, '13', 'Sarawak Bumi Kenyalang'),
(2137, 129, '14', 'Wilayah Persekutuan Kuala Lumpur'),
(2138, 129, '15', 'Wilayah Persekutuan Labuan'),
(2139, 129, '16', 'Wilayah Persekutuan Putrajaya'),
(2140, 130, 'THU', 'Thiladhunmathi Uthuru'),
(2141, 130, 'THD', 'Thiladhunmathi Dhekunu'),
(2142, 130, 'MLU', 'Miladhunmadulu Uthuru'),
(2143, 130, 'MLD', 'Miladhunmadulu Dhekunu'),
(2144, 130, 'MAU', 'Maalhosmadulu Uthuru'),
(2145, 130, 'MAD', 'Maalhosmadulu Dhekunu'),
(2146, 130, 'FAA', 'Faadhippolhu'),
(2147, 130, 'MAA', 'Male Atoll'),
(2148, 130, 'AAU', 'Ari Atoll Uthuru'),
(2149, 130, 'AAD', 'Ari Atoll Dheknu'),
(2150, 130, 'FEA', 'Felidhe Atoll'),
(2151, 130, 'MUA', 'Mulaku Atoll'),
(2152, 130, 'NAU', 'Nilandhe Atoll Uthuru'),
(2153, 130, 'NAD', 'Nilandhe Atoll Dhekunu'),
(2154, 130, 'KLH', 'Kolhumadulu'),
(2155, 130, 'HDH', 'Hadhdhunmathi'),
(2156, 130, 'HAU', 'Huvadhu Atoll Uthuru'),
(2157, 130, 'HAD', 'Huvadhu Atoll Dhekunu'),
(2158, 130, 'FMU', 'Fua Mulaku'),
(2159, 130, 'ADD', 'Addu'),
(2160, 131, '1', 'Kayes'),
(2161, 131, '2', 'Koulikoro'),
(2162, 131, '3', 'Sikasso'),
(2163, 131, '4', 'Ségou'),
(2164, 131, '5', 'Mopti'),
(2165, 131, '6', 'Tombouctou'),
(2166, 131, '7', 'Gao'),
(2167, 131, '8', 'Kidal'),
(2168, 131, 'BK0', 'Bamako'),
(2169, 132, 'ATT', 'Attard'),
(2170, 132, 'BAL', 'Balzan'),
(2171, 132, 'BGU', 'Birgu'),
(2172, 132, 'BKK', 'Birkirkara'),
(2173, 132, 'BRZ', 'Birzebbuga'),
(2174, 132, 'BOR', 'Bormla'),
(2175, 132, 'DIN', 'Dingli'),
(2176, 132, 'FGU', 'Fgura'),
(2177, 132, 'FLO', 'Floriana'),
(2178, 132, 'GDJ', 'Gudja'),
(2179, 132, 'GZR', 'Gzira'),
(2180, 132, 'GRG', 'Gargur'),
(2181, 132, 'GXQ', 'Gaxaq'),
(2182, 132, 'HMR', 'Hamrun'),
(2183, 132, 'IKL', 'Iklin'),
(2184, 132, 'ISL', 'Isla'),
(2185, 132, 'KLK', 'Kalkara'),
(2186, 132, 'KRK', 'Kirkop'),
(2187, 132, 'LIJ', 'Lija'),
(2188, 132, 'LUQ', 'Luqa'),
(2189, 132, 'MRS', 'Marsa'),
(2190, 132, 'MKL', 'Marsaskala'),
(2191, 132, 'MXL', 'Marsaxlokk'),
(2192, 132, 'MDN', 'Mdina'),
(2193, 132, 'MEL', 'Melliea'),
(2194, 132, 'MGR', 'Mgarr'),
(2195, 132, 'MST', 'Mosta'),
(2196, 132, 'MQA', 'Mqabba'),
(2197, 132, 'MSI', 'Msida'),
(2198, 132, 'MTF', 'Mtarfa'),
(2199, 132, 'NAX', 'Naxxar'),
(2200, 132, 'PAO', 'Paola'),
(2201, 132, 'PEM', 'Pembroke'),
(2202, 132, 'PIE', 'Pieta'),
(2203, 132, 'QOR', 'Qormi'),
(2204, 132, 'QRE', 'Qrendi'),
(2205, 132, 'RAB', 'Rabat'),
(2206, 132, 'SAF', 'Safi'),
(2207, 132, 'SGI', 'San Giljan'),
(2208, 132, 'SLU', 'Santa Lucija'),
(2209, 132, 'SPB', 'San Pawl il-Bahar'),
(2210, 132, 'SGW', 'San Gwann'),
(2211, 132, 'SVE', 'Santa Venera'),
(2212, 132, 'SIG', 'Siggiewi'),
(2213, 132, 'SLM', 'Sliema'),
(2214, 132, 'SWQ', 'Swieqi'),
(2215, 132, 'TXB', 'Ta Xbiex'),
(2216, 132, 'TRX', 'Tarxien'),
(2217, 132, 'VLT', 'Valletta'),
(2218, 132, 'XGJ', 'Xgajra'),
(2219, 132, 'ZBR', 'Zabbar'),
(2220, 132, 'ZBG', 'Zebbug'),
(2221, 132, 'ZJT', 'Zejtun'),
(2222, 132, 'ZRQ', 'Zurrieq'),
(2223, 132, 'FNT', 'Fontana'),
(2224, 132, 'GHJ', 'Ghajnsielem'),
(2225, 132, 'GHR', 'Gharb'),
(2226, 132, 'GHS', 'Ghasri'),
(2227, 132, 'KRC', 'Kercem'),
(2228, 132, 'MUN', 'Munxar'),
(2229, 132, 'NAD', 'Nadur'),
(2230, 132, 'QAL', 'Qala'),
(2231, 132, 'VIC', 'Victoria'),
(2232, 132, 'SLA', 'San Lawrenz'),
(2233, 132, 'SNT', 'Sannat'),
(2234, 132, 'ZAG', 'Xagra'),
(2235, 132, 'XEW', 'Xewkija'),
(2236, 132, 'ZEB', 'Zebbug'),
(2237, 133, 'ALK', 'Ailuk'),
(2238, 133, 'ALL', 'Ailinglapalap'),
(2239, 133, 'ARN', 'Arno'),
(2240, 133, 'AUR', 'Aur'),
(2241, 133, 'EBO', 'Ebon'),
(2242, 133, 'ENI', 'Eniwetok'),
(2243, 133, 'JAB', 'Jabat'),
(2244, 133, 'JAL', 'Jaluit'),
(2245, 133, 'KIL', 'Kili'),
(2246, 133, 'KWA', 'Kwajalein'),
(2247, 133, 'LAE', 'Lae'),
(2248, 133, 'LIB', 'Lib'),
(2249, 133, 'LIK', 'Likiep'),
(2250, 133, 'MAJ', 'Majuro'),
(2251, 133, 'MAL', 'Maloelap'),
(2252, 133, 'MEJ', 'Mejit'),
(2253, 133, 'MIL', 'Mili'),
(2254, 133, 'NMK', 'Namorik'),
(2255, 133, 'NMU', 'Namu'),
(2256, 133, 'RON', 'Rongelap'),
(2257, 133, 'UJA', 'Ujae'),
(2258, 133, 'UJL', 'Ujelang'),
(2259, 133, 'UTI', 'Utirik'),
(2260, 133, 'WTJ', 'Wotje'),
(2261, 133, 'WTN', 'Wotho'),
(2262, 135, '01', 'ولاية الحوض الشرقي'),
(2263, 135, '02', 'ولاية الحوض الغربي'),
(2264, 135, '03', 'ولاية العصابة'),
(2265, 135, '04', 'ولاية كركول'),
(2266, 135, '05', 'ولاية البراكنة'),
(2267, 135, '06', 'ولاية الترارزة'),
(2268, 135, '07', 'ولاية آدرار'),
(2269, 135, '08', 'ولاية داخلت نواذيبو'),
(2270, 135, '09', 'ولاية تكانت'),
(2271, 135, '10', 'ولاية كيدي ماغة'),
(2272, 135, '11', 'ولاية تيرس زمور'),
(2273, 135, '12', 'ولاية إينشيري'),
(2274, 135, 'NKC', 'نواكشوط'),
(2275, 136, 'AG', 'Agalega Islands'),
(2276, 136, 'BL', 'Black River'),
(2277, 136, 'BR', 'Beau Bassin-Rose Hill'),
(2278, 136, 'CC', 'Cargados Carajos Shoals'),
(2279, 136, 'CU', 'Curepipe'),
(2280, 136, 'FL', 'Flacq'),
(2281, 136, 'GP', 'Grand Port'),
(2282, 136, 'MO', 'Moka'),
(2283, 136, 'PA', 'Pamplemousses'),
(2284, 136, 'PL', 'Port Louis'),
(2285, 136, 'PU', 'Port Louis City'),
(2286, 136, 'PW', 'Plaines Wilhems'),
(2287, 136, 'QB', 'Quatre Bornes'),
(2288, 136, 'RO', 'Rodrigues'),
(2289, 136, 'RR', 'Riviere du Rempart'),
(2290, 136, 'SA', 'Savanne'),
(2291, 136, 'VP', 'Vacoas-Phoenix'),
(2292, 138, 'AGU', 'Aguascalientes'),
(2293, 138, 'BCN', 'Baja California'),
(2294, 138, 'BCS', 'Baja California Sur'),
(2295, 138, 'CAM', 'Campeche'),
(2296, 138, 'CHH', 'Chihuahua'),
(2297, 138, 'CHP', 'Chiapas'),
(2298, 138, 'COA', 'Coahuila'),
(2299, 138, 'COL', 'Colima'),
(2300, 138, 'DIF', 'Distrito Federal'),
(2301, 138, 'DUR', 'Durango'),
(2302, 138, 'GRO', 'Guerrero'),
(2303, 138, 'GUA', 'Guanajuato'),
(2304, 138, 'HID', 'Hidalgo'),
(2305, 138, 'JAL', 'Jalisco'),
(2306, 138, 'MEX', 'Mexico'),
(2307, 138, 'MIC', 'Michoacán'),
(2308, 138, 'MOR', 'Morelos'),
(2309, 138, 'NAY', 'Nayarit'),
(2310, 138, 'NLE', 'Nuevo León'),
(2311, 138, 'OAX', 'Oaxaca'),
(2312, 138, 'PUE', 'Puebla'),
(2313, 138, 'QUE', 'Querétaro'),
(2314, 138, 'ROO', 'Quintana Roo'),
(2315, 138, 'SIN', 'Sinaloa'),
(2316, 138, 'SLP', 'San Luis Potosí'),
(2317, 138, 'SON', 'Sonora'),
(2318, 138, 'TAB', 'Tabasco'),
(2319, 138, 'TAM', 'Tamaulipas'),
(2320, 138, 'TLA', 'Tlaxcala'),
(2321, 138, 'VER', 'Veracruz'),
(2322, 138, 'YUC', 'Yucatan'),
(2323, 138, 'ZAC', 'Zacatecas'),
(2324, 139, 'KSA', 'Kosrae'),
(2325, 139, 'PNI', 'Pohnpei'),
(2326, 139, 'TRK', 'Chuuk'),
(2327, 139, 'YAP', 'Yap'),
(2328, 140, 'BA', 'Bălţi'),
(2329, 140, 'CA', 'Cahul'),
(2330, 140, 'CU', 'Chişinău'),
(2331, 140, 'ED', 'Edineţ'),
(2332, 140, 'GA', 'Găgăuzia'),
(2333, 140, 'LA', 'Lăpuşna'),
(2334, 140, 'OR', 'Orhei'),
(2335, 140, 'SN', 'Stânga Nistrului'),
(2336, 140, 'SO', 'Soroca'),
(2337, 140, 'TI', 'Tighina'),
(2338, 140, 'UN', 'Ungheni'),
(2339, 141, 'MC', 'Monte Carlo'),
(2340, 141, 'LR', 'La Rousse'),
(2341, 141, 'LA', 'Larvotto'),
(2342, 141, 'MV', 'Monaco Ville'),
(2343, 141, 'SM', 'Saint Michel'),
(2344, 141, 'CO', 'Condamine'),
(2345, 141, 'LC', 'La Colle'),
(2346, 141, 'RE', 'Les Révoires'),
(2347, 141, 'MO', 'Moneghetti'),
(2348, 141, 'FV', 'Fontvieille'),
(2349, 142, '1', 'Улаанбаатар'),
(2350, 142, '035', 'Орхон аймаг'),
(2351, 142, '037', 'Дархан-Уул аймаг'),
(2352, 142, '039', 'Хэнтий аймаг'),
(2353, 142, '041', 'Хөвсгөл аймаг'),
(2354, 142, '043', 'Ховд аймаг'),
(2355, 142, '046', 'Увс аймаг'),
(2356, 142, '047', 'Төв аймаг'),
(2357, 142, '049', 'Сэлэнгэ аймаг'),
(2358, 142, '051', 'Сүхбаатар аймаг'),
(2359, 142, '053', 'Өмнөговь аймаг'),
(2360, 142, '055', 'Өвөрхангай аймаг'),
(2361, 142, '057', 'Завхан аймаг'),
(2362, 142, '059', 'Дундговь аймаг'),
(2363, 142, '061', 'Дорнод аймаг'),
(2364, 142, '063', 'Дорноговь аймаг'),
(2365, 142, '064', 'Говьсүмбэр аймаг'),
(2366, 142, '065', 'Говь-Алтай аймаг'),
(2367, 142, '067', 'Булган аймаг'),
(2368, 142, '069', 'Баянхонгор аймаг'),
(2369, 142, '071', 'Баян Өлгий аймаг'),
(2370, 142, '073', 'Архангай аймаг'),
(2371, 143, 'A', 'Saint Anthony'),
(2372, 143, 'G', 'Saint Georges'),
(2373, 143, 'P', 'Saint Peter'),
(2374, 145, 'A', 'Niassa'),
(2375, 145, 'B', 'Manica'),
(2376, 145, 'G', 'Gaza'),
(2377, 145, 'I', 'Inhambane'),
(2378, 145, 'L', 'Maputo'),
(2379, 145, 'MPM', 'Maputo cidade'),
(2380, 145, 'N', 'Nampula'),
(2381, 145, 'P', 'Cabo Delgado'),
(2382, 145, 'Q', 'Zambézia'),
(2383, 145, 'S', 'Sofala'),
(2384, 145, 'T', 'Tete'),
(2385, 146, 'AY', 'ဧရာ၀တီတိုင္‌း'),
(2386, 146, 'BG', 'ပဲခူးတုိင္‌း'),
(2387, 146, 'MG', 'မကေ္ဝးတိုင္‌း'),
(2388, 146, 'MD', 'မန္တလေးတုိင္‌း'),
(2389, 146, 'SG', 'စစ္‌ကုိင္‌း‌တုိင္‌း'),
(2390, 146, 'TN', 'တနင္သာရိတုိင္‌း'),
(2391, 146, 'YG', 'ရန္‌ကုန္‌တုိင္‌း'),
(2392, 146, 'CH', 'ခ္ယင္‌းပ္ရည္‌နယ္‌'),
(2393, 146, 'KC', 'ကခ္ယင္‌ပ္ရည္‌နယ္‌'),
(2394, 146, 'KH', 'ကယား‌ပ္ရည္‌နယ္‌'),
(2395, 146, 'KN', 'ကရင္‌‌ပ္ရည္‌နယ္‌'),
(2396, 146, 'MN', 'မ္ဝန္‌ပ္ရည္‌နယ္‌'),
(2397, 146, 'RK', 'ရခုိင္‌ပ္ရည္‌နယ္‌'),
(2398, 146, 'SH', 'ရုမ္‌းပ္ရည္‌နယ္‌'),
(2399, 147, 'CA', 'Caprivi'),
(2400, 147, 'ER', 'Erongo'),
(2401, 147, 'HA', 'Hardap'),
(2402, 147, 'KA', 'Karas'),
(2403, 147, 'KH', 'Khomas'),
(2404, 147, 'KU', 'Kunene'),
(2405, 147, 'OD', 'Otjozondjupa'),
(2406, 147, 'OH', 'Omaheke'),
(2407, 147, 'OK', 'Okavango'),
(2408, 147, 'ON', 'Oshana'),
(2409, 147, 'OS', 'Omusati'),
(2410, 147, 'OT', 'Oshikoto'),
(2411, 147, 'OW', 'Ohangwena'),
(2412, 148, 'AO', 'Aiwo'),
(2413, 148, 'AA', 'Anabar'),
(2414, 148, 'AT', 'Anetan'),
(2415, 148, 'AI', 'Anibare'),
(2416, 148, 'BA', 'Baiti'),
(2417, 148, 'BO', 'Boe'),
(2418, 148, 'BU', 'Buada'),
(2419, 148, 'DE', 'Denigomodu'),
(2420, 148, 'EW', 'Ewa'),
(2421, 148, 'IJ', 'Ijuw'),
(2422, 148, 'ME', 'Meneng'),
(2423, 148, 'NI', 'Nibok'),
(2424, 148, 'UA', 'Uaboe'),
(2425, 148, 'YA', 'Yaren'),
(2426, 149, 'BA', 'Bagmati'),
(2427, 149, 'BH', 'Bheri'),
(2428, 149, 'DH', 'Dhawalagiri'),
(2429, 149, 'GA', 'Gandaki'),
(2430, 149, 'JA', 'Janakpur'),
(2431, 149, 'KA', 'Karnali'),
(2432, 149, 'KO', 'Kosi'),
(2433, 149, 'LU', 'Lumbini'),
(2434, 149, 'MA', 'Mahakali'),
(2435, 149, 'ME', 'Mechi'),
(2436, 149, 'NA', 'Narayani'),
(2437, 149, 'RA', 'Rapti'),
(2438, 149, 'SA', 'Sagarmatha'),
(2439, 149, 'SE', 'Seti'),
(2440, 150, 'DR', 'Drenthe'),
(2441, 150, 'FL', 'Flevoland'),
(2442, 150, 'FR', 'Friesland'),
(2443, 150, 'GE', 'Gelderland'),
(2444, 150, 'GR', 'Groningen'),
(2445, 150, 'LI', 'Limburg'),
(2446, 150, 'NB', 'Noord-Brabant'),
(2447, 150, 'NH', 'Noord-Holland'),
(2448, 150, 'OV', 'Overijssel'),
(2449, 150, 'UT', 'Utrecht'),
(2450, 150, 'ZE', 'Zeeland'),
(2451, 150, 'ZH', 'Zuid-Holland'),
(2452, 152, 'L', 'Province des Îles'),
(2453, 152, 'N', 'Province Nord'),
(2454, 152, 'S', 'Province Sud'),
(2455, 153, 'AUK', 'Auckland'),
(2456, 153, 'BOP', 'Bay of Plenty'),
(2457, 153, 'CAN', 'Canterbury'),
(2458, 153, 'GIS', 'Gisborne'),
(2459, 153, 'HKB', 'Hawke''s Bay'),
(2460, 153, 'MBH', 'Marlborough'),
(2461, 153, 'MWT', 'Manawatu-Wanganui'),
(2462, 153, 'NSN', 'Nelson'),
(2463, 153, 'NTL', 'Northland'),
(2464, 153, 'OTA', 'Otago'),
(2465, 153, 'STL', 'Southland'),
(2466, 153, 'TAS', 'Tasman'),
(2467, 153, 'TKI', 'Taranaki'),
(2468, 153, 'WGN', 'Wellington'),
(2469, 153, 'WKO', 'Waikato'),
(2470, 153, 'WTC', 'West Coast'),
(2471, 154, 'AN', 'Atlántico Norte'),
(2472, 154, 'AS', 'Atlántico Sur'),
(2473, 154, 'BO', 'Boaco'),
(2474, 154, 'CA', 'Carazo'),
(2475, 154, 'CI', 'Chinandega'),
(2476, 154, 'CO', 'Chontales'),
(2477, 154, 'ES', 'Estelí'),
(2478, 154, 'GR', 'Granada'),
(2479, 154, 'JI', 'Jinotega'),
(2480, 154, 'LE', 'León'),
(2481, 154, 'MD', 'Madriz'),
(2482, 154, 'MN', 'Managua'),
(2483, 154, 'MS', 'Masaya'),
(2484, 154, 'MT', 'Matagalpa'),
(2485, 154, 'NS', 'Nueva Segovia'),
(2486, 154, 'RI', 'Rivas'),
(2487, 154, 'SJ', 'Río San Juan'),
(2488, 155, '1', 'Agadez'),
(2489, 155, '2', 'Daffa'),
(2490, 155, '3', 'Dosso'),
(2491, 155, '4', 'Maradi'),
(2492, 155, '5', 'Tahoua'),
(2493, 155, '6', 'Tillabéry'),
(2494, 155, '7', 'Zinder'),
(2495, 155, '8', 'Niamey'),
(2496, 156, 'AB', 'Abia State'),
(2497, 156, 'AD', 'Adamawa State'),
(2498, 156, 'AK', 'Akwa Ibom State'),
(2499, 156, 'AN', 'Anambra State'),
(2500, 156, 'BA', 'Bauchi State'),
(2501, 156, 'BE', 'Benue State'),
(2502, 156, 'BO', 'Borno State'),
(2503, 156, 'BY', 'Bayelsa State'),
(2504, 156, 'CR', 'Cross River State'),
(2505, 156, 'DE', 'Delta State'),
(2506, 156, 'EB', 'Ebonyi State'),
(2507, 156, 'ED', 'Edo State'),
(2508, 156, 'EK', 'Ekiti State'),
(2509, 156, 'EN', 'Enugu State'),
(2510, 156, 'GO', 'Gombe State'),
(2511, 156, 'IM', 'Imo State'),
(2512, 156, 'JI', 'Jigawa State'),
(2513, 156, 'KB', 'Kebbi State'),
(2514, 156, 'KD', 'Kaduna State'),
(2515, 156, 'KN', 'Kano State'),
(2516, 156, 'KO', 'Kogi State'),
(2517, 156, 'KT', 'Katsina State'),
(2518, 156, 'KW', 'Kwara State'),
(2519, 156, 'LA', 'Lagos State'),
(2520, 156, 'NA', 'Nassarawa State'),
(2521, 156, 'NI', 'Niger State'),
(2522, 156, 'OG', 'Ogun State'),
(2523, 156, 'ON', 'Ondo State'),
(2524, 156, 'OS', 'Osun State'),
(2525, 156, 'OY', 'Oyo State'),
(2526, 156, 'PL', 'Plateau State'),
(2527, 156, 'RI', 'Rivers State'),
(2528, 156, 'SO', 'Sokoto State'),
(2529, 156, 'TA', 'Taraba State'),
(2530, 156, 'ZA', 'Zamfara State'),
(2531, 159, 'N', 'Northern Islands'),
(2532, 159, 'R', 'Rota'),
(2533, 159, 'S', 'Saipan'),
(2534, 159, 'T', 'Tinian'),
(2535, 160, '01', 'Østfold fylke'),
(2536, 160, '02', 'Akershus fylke'),
(2537, 160, '03', 'Oslo fylke'),
(2538, 160, '04', 'Hedmark fylke'),
(2539, 160, '05', 'Oppland fylke'),
(2540, 160, '06', 'Buskerud fylke'),
(2541, 160, '07', 'Vestfold fylke'),
(2542, 160, '08', 'Telemark fylke'),
(2543, 160, '09', 'Aust-Agder fylke'),
(2544, 160, '10', 'Vest-Agder fylke'),
(2545, 160, '11', 'Rogaland fylke'),
(2546, 160, '12', 'Hordaland fylke'),
(2547, 160, '14', 'Sogn og Fjordane fylke'),
(2548, 160, '15', 'Møre og Romsdal fylke'),
(2549, 160, '16', 'Sør-Trøndelag fylke'),
(2550, 160, '17', 'Nord-Trøndelag fylke'),
(2551, 160, '18', 'Nordland fylke'),
(2552, 160, '19', 'Troms fylke'),
(2553, 160, '20', 'Finnmark fylke'),
(2554, 161, 'BA', 'الباطنة'),
(2555, 161, 'DA', 'الداخلية'),
(2556, 161, 'DH', 'ظفار'),
(2557, 161, 'MA', 'مسقط'),
(2558, 161, 'MU', 'مسندم'),
(2559, 161, 'SH', 'الشرقية'),
(2560, 161, 'WU', 'الوسطى'),
(2561, 161, 'ZA', 'الظاهرة'),
(2562, 162, 'BA', 'بلوچستان'),
(2563, 162, 'IS', 'وفاقی دارالحکومت'),
(2564, 162, 'JK', 'آزاد کشمیر'),
(2565, 162, 'NA', 'شمالی علاقہ جات'),
(2566, 162, 'NW', 'شمال مغربی سرحدی صوبہ'),
(2567, 162, 'PB', 'پنجاب'),
(2568, 162, 'SD', 'سندھ'),
(2569, 162, 'TA', 'وفاقی قبائلی علاقہ جات'),
(2570, 163, 'AM', 'Aimeliik'),
(2571, 163, 'AR', 'Airai'),
(2572, 163, 'AN', 'Angaur'),
(2573, 163, 'HA', 'Hatohobei'),
(2574, 163, 'KA', 'Kayangel'),
(2575, 163, 'KO', 'Koror'),
(2576, 163, 'ME', 'Melekeok'),
(2577, 163, 'NA', 'Ngaraard'),
(2578, 163, 'NG', 'Ngarchelong'),
(2579, 163, 'ND', 'Ngardmau'),
(2580, 163, 'NT', 'Ngatpang'),
(2581, 163, 'NC', 'Ngchesar'),
(2582, 163, 'NR', 'Ngeremlengui'),
(2583, 163, 'NW', 'Ngiwal'),
(2584, 163, 'PE', 'Peleliu'),
(2585, 163, 'SO', 'Sonsorol'),
(2586, 164, '1', 'Bocas del Toro'),
(2587, 164, '2', 'Coclé'),
(2588, 164, '3', 'Colón'),
(2589, 164, '4', 'Chiriquí'),
(2590, 164, '5', 'Darién'),
(2591, 164, '6', 'Herrera'),
(2592, 164, '7', 'Los Santos'),
(2593, 164, '8', 'Panamá'),
(2594, 164, '9', 'Veraguas'),
(2595, 164, 'Q', 'Kuna Yala'),
(2596, 165, 'CPK', 'Chimbu'),
(2597, 165, 'CPM', 'Central'),
(2598, 165, 'EBR', 'East New Britain'),
(2599, 165, 'EHG', 'Eastern Highlands'),
(2600, 165, 'EPW', 'Enga'),
(2601, 165, 'ESW', 'East Sepik'),
(2602, 165, 'GPK', 'Gulf'),
(2603, 165, 'MBA', 'Milne Bay'),
(2604, 165, 'MPL', 'Morobe'),
(2605, 165, 'MPM', 'Madang'),
(2606, 165, 'MRL', 'Manus'),
(2607, 165, 'NCD', 'National Capital District'),
(2608, 165, 'NIK', 'New Ireland'),
(2609, 165, 'NPP', 'Northern'),
(2610, 165, 'NSA', 'North Solomons'),
(2611, 165, 'SAN', 'Sandaun'),
(2612, 165, 'SHM', 'Southern Highlands'),
(2613, 165, 'WBK', 'West New Britain'),
(2614, 165, 'WHM', 'Western Highlands'),
(2615, 165, 'WPD', 'Western'),
(2616, 166, '1', 'Concepción'),
(2617, 166, '2', 'San Pedro'),
(2618, 166, '3', 'Cordillera'),
(2619, 166, '4', 'Guairá'),
(2620, 166, '5', 'Caaguazú'),
(2621, 166, '6', 'Caazapá'),
(2622, 166, '7', 'Itapúa'),
(2623, 166, '8', 'Misiones'),
(2624, 166, '9', 'Paraguarí'),
(2625, 166, '10', 'Alto Paraná'),
(2626, 166, '11', 'Central'),
(2627, 166, '12', 'Ñeembucú'),
(2628, 166, '13', 'Amambay'),
(2629, 166, '14', 'Canindeyú'),
(2630, 166, '15', 'Presidente Hayes'),
(2631, 166, '16', 'Alto Paraguay'),
(2632, 166, '19', 'Boquerón'),
(2633, 166, 'ASU', 'Asunción'),
(2634, 167, 'AMA', 'Amazonas'),
(2635, 167, 'ANC', 'Ancash'),
(2636, 167, 'APU', 'Apurímac'),
(2637, 167, 'ARE', 'Arequipa'),
(2638, 167, 'AYA', 'Ayacucho'),
(2639, 167, 'CAJ', 'Cajamarca'),
(2640, 167, 'CAL', 'Callao'),
(2641, 167, 'CUS', 'Cuzco'),
(2642, 167, 'HUC', 'Huánuco'),
(2643, 167, 'HUV', 'Huancavelica'),
(2644, 167, 'ICA', 'Ica'),
(2645, 167, 'JUN', 'Junín'),
(2646, 167, 'LAL', 'La Libertad'),
(2647, 167, 'LAM', 'Lambayeque'),
(2648, 167, 'LIM', 'Lima'),
(2649, 167, 'LOR', 'Loreto'),
(2650, 167, 'MDD', 'Madre de Dios'),
(2651, 167, 'MOQ', 'Moquegua'),
(2652, 167, 'PAS', 'Pasco'),
(2653, 167, 'PIU', 'Piura'),
(2654, 167, 'PUN', 'Puno'),
(2655, 167, 'SAM', 'San Martín'),
(2656, 167, 'TAC', 'Tacna'),
(2657, 167, 'TUM', 'Tumbes'),
(2658, 167, 'UCA', 'Ucayali'),
(2659, 168, 'ABR', 'Abra'),
(2660, 168, 'AGN', 'Agusan del Norte'),
(2661, 168, 'AGS', 'Agusan del Sur'),
(2662, 168, 'AKL', 'Aklan'),
(2663, 168, 'ALB', 'Albay'),
(2664, 168, 'ANT', 'Antique'),
(2665, 168, 'APA', 'Apayao'),
(2666, 168, 'AUR', 'Aurora'),
(2667, 168, 'BAN', 'Bataan'),
(2668, 168, 'BAS', 'Basilan'),
(2669, 168, 'BEN', 'Benguet'),
(2670, 168, 'BIL', 'Biliran'),
(2671, 168, 'BOH', 'Bohol'),
(2672, 168, 'BTG', 'Batangas'),
(2673, 168, 'BTN', 'Batanes'),
(2674, 168, 'BUK', 'Bukidnon'),
(2675, 168, 'BUL', 'Bulacan'),
(2676, 168, 'CAG', 'Cagayan'),
(2677, 168, 'CAM', 'Camiguin'),
(2678, 168, 'CAN', 'Camarines Norte'),
(2679, 168, 'CAP', 'Capiz'),
(2680, 168, 'CAS', 'Camarines Sur'),
(2681, 168, 'CAT', 'Catanduanes'),
(2682, 168, 'CAV', 'Cavite'),
(2683, 168, 'CEB', 'Cebu'),
(2684, 168, 'COM', 'Compostela Valley'),
(2685, 168, 'DAO', 'Davao Oriental'),
(2686, 168, 'DAS', 'Davao del Sur'),
(2687, 168, 'DAV', 'Davao del Norte'),
(2688, 168, 'EAS', 'Eastern Samar'),
(2689, 168, 'GUI', 'Guimaras'),
(2690, 168, 'IFU', 'Ifugao'),
(2691, 168, 'ILI', 'Iloilo'),
(2692, 168, 'ILN', 'Ilocos Norte'),
(2693, 168, 'ILS', 'Ilocos Sur'),
(2694, 168, 'ISA', 'Isabela'),
(2695, 168, 'KAL', 'Kalinga'),
(2696, 168, 'LAG', 'Laguna'),
(2697, 168, 'LAN', 'Lanao del Norte'),
(2698, 168, 'LAS', 'Lanao del Sur'),
(2699, 168, 'LEY', 'Leyte'),
(2700, 168, 'LUN', 'La Union'),
(2701, 168, 'MAD', 'Marinduque'),
(2702, 168, 'MAG', 'Maguindanao'),
(2703, 168, 'MAS', 'Masbate'),
(2704, 168, 'MDC', 'Mindoro Occidental'),
(2705, 168, 'MDR', 'Mindoro Oriental'),
(2706, 168, 'MOU', 'Mountain Province'),
(2707, 168, 'MSC', 'Misamis Occidental'),
(2708, 168, 'MSR', 'Misamis Oriental'),
(2709, 168, 'NCO', 'Cotabato'),
(2710, 168, 'NSA', 'Northern Samar'),
(2711, 168, 'NEC', 'Negros Occidental'),
(2712, 168, 'NER', 'Negros Oriental'),
(2713, 168, 'NUE', 'Nueva Ecija'),
(2714, 168, 'NUV', 'Nueva Vizcaya'),
(2715, 168, 'PAM', 'Pampanga'),
(2716, 168, 'PAN', 'Pangasinan'),
(2717, 168, 'PLW', 'Palawan'),
(2718, 168, 'QUE', 'Quezon'),
(2719, 168, 'QUI', 'Quirino'),
(2720, 168, 'RIZ', 'Rizal'),
(2721, 168, 'ROM', 'Romblon'),
(2722, 168, 'SAR', 'Sarangani'),
(2723, 168, 'SCO', 'South Cotabato'),
(2724, 168, 'SIG', 'Siquijor'),
(2725, 168, 'SLE', 'Southern Leyte'),
(2726, 168, 'SLU', 'Sulu'),
(2727, 168, 'SOR', 'Sorsogon'),
(2728, 168, 'SUK', 'Sultan Kudarat'),
(2729, 168, 'SUN', 'Surigao del Norte'),
(2730, 168, 'SUR', 'Surigao del Sur'),
(2731, 168, 'TAR', 'Tarlac'),
(2732, 168, 'TAW', 'Tawi-Tawi'),
(2733, 168, 'WSA', 'Samar'),
(2734, 168, 'ZAN', 'Zamboanga del Norte'),
(2735, 168, 'ZAS', 'Zamboanga del Sur'),
(2736, 168, 'ZMB', 'Zambales'),
(2737, 168, 'ZSI', 'Zamboanga Sibugay'),
(2738, 170, 'DS', 'Dolnośląskie'),
(2739, 170, 'KP', 'Kujawsko-Pomorskie'),
(2740, 170, 'LU', 'Lubelskie'),
(2741, 170, 'LB', 'Lubuskie'),
(2742, 170, 'LD', 'Łódzkie'),
(2743, 170, 'MA', 'Małopolskie'),
(2744, 170, 'MZ', 'Mazowieckie'),
(2745, 170, 'OP', 'Opolskie'),
(2746, 170, 'PK', 'Podkarpackie'),
(2747, 170, 'PD', 'Podlaskie'),
(2748, 170, 'PM', 'Pomorskie'),
(2749, 170, 'SL', 'Śląskie'),
(2750, 170, 'SK', 'Świętokrzyskie'),
(2751, 170, 'WN', 'Warmińsko-Mazurskie'),
(2752, 170, 'WP', 'Wielkopolskie'),
(2753, 170, 'ZP', 'Zachodniopomorskie'),
(2754, 171, '01', 'Aveiro'),
(2755, 171, '02', 'Beja'),
(2756, 171, '03', 'Braga'),
(2757, 171, '04', 'Bragança'),
(2758, 171, '05', 'Castelo Branco'),
(2759, 171, '06', 'Coimbra'),
(2760, 171, '07', 'Évora'),
(2761, 171, '08', 'Faro'),
(2762, 171, '09', 'Guarda'),
(2763, 171, '10', 'Leiria'),
(2764, 171, '11', 'Lisboa'),
(2765, 171, '12', 'Portalegre'),
(2766, 171, '13', 'Porto'),
(2767, 171, '14', 'Santarém'),
(2768, 171, '15', 'Setúbal'),
(2769, 171, '16', 'Viana do Castelo'),
(2770, 171, '17', 'Vila Real'),
(2771, 171, '18', 'Viseu'),
(2772, 171, '20', 'Região Autónoma dos Açores'),
(2773, 171, '30', 'Região Autónoma da Madeira'),
(2774, 173, 'DA', 'الدوحة'),
(2775, 173, 'GH', 'الغويرية'),
(2776, 173, 'JB', 'جريان الباطنة'),
(2777, 173, 'JU', 'الجميلية'),
(2778, 173, 'KH', 'الخور'),
(2779, 173, 'ME', 'مسيعيد'),
(2780, 173, 'MS', 'الشمال'),
(2781, 173, 'RA', 'الريان'),
(2782, 173, 'US', 'أم صلال'),
(2783, 173, 'WA', 'الوكرة'),
(2784, 175, 'AB', 'Alba'),
(2785, 175, 'AG', 'Argeş'),
(2786, 175, 'AR', 'Arad'),
(2787, 175, 'B', 'Bucureşti'),
(2788, 175, 'BC', 'Bacău'),
(2789, 175, 'BH', 'Bihor'),
(2790, 175, 'BN', 'Bistriţa-Năsăud'),
(2791, 175, 'BR', 'Brăila'),
(2792, 175, 'BT', 'Botoşani'),
(2793, 175, 'BV', 'Braşov'),
(2794, 175, 'BZ', 'Buzău'),
(2795, 175, 'CJ', 'Cluj'),
(2796, 175, 'CL', 'Călăraşi'),
(2797, 175, 'CS', 'Caraş-Severin'),
(2798, 175, 'CT', 'Constanţa'),
(2799, 175, 'CV', 'Covasna'),
(2800, 175, 'DB', 'Dâmboviţa'),
(2801, 175, 'DJ', 'Dolj'),
(2802, 175, 'GJ', 'Gorj'),
(2803, 175, 'GL', 'Galaţi'),
(2804, 175, 'GR', 'Giurgiu'),
(2805, 175, 'HD', 'Hunedoara'),
(2806, 175, 'HG', 'Harghita'),
(2807, 175, 'IF', 'Ilfov'),
(2808, 175, 'IL', 'Ialomiţa'),
(2809, 175, 'IS', 'Iaşi'),
(2810, 175, 'MH', 'Mehedinţi'),
(2811, 175, 'MM', 'Maramureş'),
(2812, 175, 'MS', 'Mureş'),
(2813, 175, 'NT', 'Neamţ'),
(2814, 175, 'OT', 'Olt'),
(2815, 175, 'PH', 'Prahova'),
(2816, 175, 'SB', 'Sibiu'),
(2817, 175, 'SJ', 'Sălaj'),
(2818, 175, 'SM', 'Satu Mare'),
(2819, 175, 'SV', 'Suceava'),
(2820, 175, 'TL', 'Tulcea'),
(2821, 175, 'TM', 'Timiş'),
(2822, 175, 'TR', 'Teleorman'),
(2823, 175, 'VL', 'Vâlcea'),
(2824, 175, 'VN', 'Vrancea'),
(2825, 175, 'VS', 'Vaslui'),
(2826, 176, 'AD', 'Адыге́я Респу́блика'),
(2827, 176, 'AGB', 'Аги́нский-Буря́тский автоно́мный о́круг'),
(2828, 176, 'AL', 'Алта́й Респу́блика'),
(2829, 176, 'ALT', 'Алта́йский край'),
(2830, 176, 'AMU', 'Аму́рская о́бласть'),
(2831, 176, 'ARK', 'Арха́нгельская о́бласть'),
(2832, 176, 'AST', 'Астраха́нская о́бласть'),
(2833, 176, 'BA', 'Башкортоста́н Респу́блика'),
(2834, 176, 'BEL', 'Белгоро́дская о́бласть'),
(2835, 176, 'BRY', 'Бря́нская о́бласть'),
(2836, 176, 'BU', 'Буря́тия Респу́блика'),
(2837, 176, 'CE', 'Чече́нская Респу́блика'),
(2838, 176, 'CHE', 'Челя́бинская о́бласть'),
(2839, 176, 'CHI', 'Чити́нская о́бласть'),
(2840, 176, 'CHU', 'Чуко́тский автоно́мный о́круг'),
(2841, 176, 'CU', 'Чува́шская Респу́блика'),
(2842, 176, 'DA', 'Дагеста́н Респу́блика'),
(2843, 176, 'EVE', 'Эвенки́йский автоно́мный о́круг'),
(2844, 176, 'IN', 'Ингуше́тия Респу́блика'),
(2845, 176, 'IRK', 'Ирку́тская о́бласть'),
(2846, 176, 'IVA', 'Ива́новская о́бласть'),
(2847, 176, 'KAM', 'Камча́тская о́бласть'),
(2848, 176, 'KB', 'Кабарди́но-Балка́рская Респу́блика'),
(2849, 176, 'KC', 'Карача́ево-Черке́сская Респу́блика'),
(2850, 176, 'KDA', 'Краснода́рский край'),
(2851, 176, 'KEM', 'Ке́меровская о́бласть'),
(2852, 176, 'KGD', 'Калинингра́дская о́бласть'),
(2853, 176, 'KGN', 'Курга́нская о́бласть'),
(2854, 176, 'KHA', 'Хаба́ровский край'),
(2855, 176, 'KHM', 'Ха́нты-Манси́йский автоно́мный о́круг—Югра́'),
(2856, 176, 'KIA', 'Красноя́рский край'),
(2857, 176, 'KIR', 'Ки́ровская о́бласть'),
(2858, 176, 'KK', 'Хака́сия'),
(2859, 176, 'KL', 'Калмы́кия Респу́блика'),
(2860, 176, 'KLU', 'Калу́жская о́бласть'),
(2861, 176, 'KO', 'Ко́ми Респу́блика'),
(2862, 176, 'KOR', 'Коря́кский автоно́мный о́круг'),
(2863, 176, 'KOS', 'Костромска́я о́бласть'),
(2864, 176, 'KR', 'Каре́лия Респу́блика'),
(2865, 176, 'KRS', 'Ку́рская о́бласть'),
(2866, 176, 'LEN', 'Ленингра́дская о́бласть'),
(2867, 176, 'LIP', 'Ли́пецкая о́бласть'),
(2868, 176, 'MAG', 'Магада́нская о́бласть'),
(2869, 176, 'ME', 'Мари́й Эл Респу́блика'),
(2870, 176, 'MO', 'Мордо́вия Респу́блика'),
(2871, 176, 'MOS', 'Моско́вская о́бласть'),
(2872, 176, 'MOW', 'Москва́'),
(2873, 176, 'MUR', 'Му́рманская о́бласть'),
(2874, 176, 'NEN', 'Нене́цкий автоно́мный о́круг'),
(2875, 176, 'NGR', 'Новгоро́дская о́бласть'),
(2876, 176, 'NIZ', 'Нижегоро́дская о́бласть'),
(2877, 176, 'NVS', 'Новосиби́рская о́бласть'),
(2878, 176, 'OMS', 'О́мская о́бласть'),
(2879, 176, 'ORE', 'Оренбу́ргская о́бласть'),
(2880, 176, 'ORL', 'Орло́вская о́бласть'),
(2881, 176, 'PNZ', 'Пе́нзенская о́бласть'),
(2882, 176, 'PRI', 'Примо́рский край'),
(2883, 176, 'PSK', 'Пско́вская о́бласть'),
(2884, 176, 'ROS', 'Росто́вская о́бласть'),
(2885, 176, 'RYA', 'Ряза́нская о́бласть'),
(2886, 176, 'SA', 'Саха́ (Яку́тия) Респу́блика'),
(2887, 176, 'SAK', 'Сахали́нская о́бласть'),
(2888, 176, 'SAM', 'Сама́рская о́бласть'),
(2889, 176, 'SAR', 'Сара́товская о́бласть'),
(2890, 176, 'SE', 'Се́верная Осе́тия–Ала́ния Респу́блика'),
(2891, 176, 'SMO', 'Смол́енская о́бласть'),
(2892, 176, 'SPE', 'Санкт-Петербу́рг'),
(2893, 176, 'STA', 'Ставропо́льский край'),
(2894, 176, 'SVE', 'Свердло́вская о́бласть'),
(2895, 176, 'TA', 'Респу́блика Татарста́н'),
(2896, 176, 'TAM', 'Тамбо́вская о́бласть'),
(2897, 176, 'TAY', 'Таймы́рский автоно́мный о́круг'),
(2898, 176, 'TOM', 'То́мская о́бласть'),
(2899, 176, 'TUL', 'Ту́льская о́бласть'),
(2900, 176, 'TVE', 'Тверска́я о́бласть'),
(2901, 176, 'TY', 'Тыва́ Респу́блика'),
(2902, 176, 'TYU', 'Тюме́нская о́бласть'),
(2903, 176, 'UD', 'Удму́ртская Респу́блика'),
(2904, 176, 'ULY', 'Улья́новская о́бласть'),
(2905, 176, 'UOB', 'Усть-Орды́нский Буря́тский автоно́мный о́круг'),
(2906, 176, 'VGG', 'Волгогра́дская о́бласть'),
(2907, 176, 'VLA', 'Влади́мирская о́бласть'),
(2908, 176, 'VLG', 'Волого́дская о́бласть'),
(2909, 176, 'VOR', 'Воро́нежская о́бласть'),
(2910, 176, 'XXX', 'Пе́рмский край'),
(2911, 176, 'YAN', 'Яма́ло-Нене́цкий автоно́мный о́круг'),
(2912, 176, 'YAR', 'Яросла́вская о́бласть'),
(2913, 176, 'YEV', 'Евре́йская автоно́мная о́бласть'),
(2914, 177, 'N', 'Nord'),
(2915, 177, 'E', 'Est'),
(2916, 177, 'S', 'Sud'),
(2917, 177, 'O', 'Ouest'),
(2918, 177, 'K', 'Kigali'),
(2919, 178, 'K', 'Saint Kitts'),
(2920, 178, 'N', 'Nevis'),
(2921, 179, 'AR', 'Anse-la-Raye'),
(2922, 179, 'CA', 'Castries'),
(2923, 179, 'CH', 'Choiseul'),
(2924, 179, 'DA', 'Dauphin'),
(2925, 179, 'DE', 'Dennery'),
(2926, 179, 'GI', 'Gros-Islet'),
(2927, 179, 'LA', 'Laborie'),
(2928, 179, 'MI', 'Micoud'),
(2929, 179, 'PR', 'Praslin'),
(2930, 179, 'SO', 'Soufriere'),
(2931, 179, 'VF', 'Vieux-Fort'),
(2932, 180, 'C', 'Charlotte'),
(2933, 180, 'R', 'Grenadines'),
(2934, 180, 'A', 'Saint Andrew'),
(2935, 180, 'D', 'Saint David'),
(2936, 180, 'G', 'Saint George'),
(2937, 180, 'P', 'Saint Patrick'),
(2938, 181, 'AA', 'A''ana'),
(2939, 181, 'AL', 'Aiga-i-le-Tai'),
(2940, 181, 'AT', 'Atua'),
(2941, 181, 'FA', 'Fa''asaleleaga'),
(2942, 181, 'GE', 'Gaga''emauga'),
(2943, 181, 'GI', 'Gaga''ifomauga'),
(2944, 181, 'PA', 'Palauli'),
(2945, 181, 'SA', 'Satupa''itea'),
(2946, 181, 'TU', 'Tuamasaga'),
(2947, 181, 'VF', 'Va''a-o-Fonoti'),
(2948, 181, 'VS', 'Vaisigano'),
(2949, 182, 'AC', 'Acquaviva'),
(2950, 182, 'BM', 'Borgo Maggiore'),
(2951, 182, 'CH', 'Chiesanuova'),
(2952, 182, 'DO', 'Domagnano'),
(2953, 182, 'FA', 'Faetano'),
(2954, 182, 'FI', 'Fiorentino'),
(2955, 182, 'MO', 'Montegiardino'),
(2956, 182, 'SM', 'Citta di San Marino'),
(2957, 182, 'SE', 'Serravalle'),
(2958, 183, 'P', 'Príncipe'),
(2959, 183, 'S', 'São Tomé'),
(2960, 184, '01', 'الرياض'),
(2961, 184, '02', 'مكة المكرمة'),
(2962, 184, '03', 'المدينه'),
(2963, 184, '04', 'الشرقية'),
(2964, 184, '05', 'القصيم'),
(2965, 184, '06', 'حائل'),
(2966, 184, '07', 'تبوك'),
(2967, 184, '08', 'الحدود الشمالية'),
(2968, 184, '09', 'جيزان'),
(2969, 184, '10', 'نجران'),
(2970, 184, '11', 'الباحة'),
(2971, 184, '12', 'الجوف'),
(2972, 184, '14', 'عسير'),
(2973, 185, 'DA', 'Dakar'),
(2974, 185, 'DI', 'Diourbel'),
(2975, 185, 'FA', 'Fatick'),
(2976, 185, 'KA', 'Kaolack'),
(2977, 185, 'KO', 'Kolda'),
(2978, 185, 'LO', 'Louga'),
(2979, 185, 'MA', 'Matam'),
(2980, 185, 'SL', 'Saint-Louis'),
(2981, 185, 'TA', 'Tambacounda'),
(2982, 185, 'TH', 'Thies '),
(2983, 185, 'ZI', 'Ziguinchor'),
(2984, 186, 'AP', 'Anse aux Pins'),
(2985, 186, 'AB', 'Anse Boileau'),
(2986, 186, 'AE', 'Anse Etoile'),
(2987, 186, 'AL', 'Anse Louis'),
(2988, 186, 'AR', 'Anse Royale'),
(2989, 186, 'BL', 'Baie Lazare'),
(2990, 186, 'BS', 'Baie Sainte Anne'),
(2991, 186, 'BV', 'Beau Vallon'),
(2992, 186, 'BA', 'Bel Air'),
(2993, 186, 'BO', 'Bel Ombre'),
(2994, 186, 'CA', 'Cascade'),
(2995, 186, 'GL', 'Glacis'),
(2996, 186, 'GM', 'Grand'' Anse (on Mahe)'),
(2997, 186, 'GP', 'Grand'' Anse (on Praslin)'),
(2998, 186, 'DG', 'La Digue'),
(2999, 186, 'RA', 'La Riviere Anglaise'),
(3000, 186, 'MB', 'Mont Buxton'),
(3001, 186, 'MF', 'Mont Fleuri'),
(3002, 186, 'PL', 'Plaisance'),
(3003, 186, 'PR', 'Pointe La Rue'),
(3004, 186, 'PG', 'Port Glaud'),
(3005, 186, 'SL', 'Saint Louis'),
(3006, 186, 'TA', 'Takamaka'),
(3007, 187, 'E', 'Eastern'),
(3008, 187, 'N', 'Northern'),
(3009, 187, 'S', 'Southern'),
(3010, 187, 'W', 'Western'),
(3011, 189, 'BC', 'Banskobystrický kraj'),
(3012, 189, 'BL', 'Bratislavský kraj'),
(3013, 189, 'KI', 'Košický kraj'),
(3014, 189, 'NJ', 'Nitrianský kraj'),
(3015, 189, 'PV', 'Prešovský kraj'),
(3016, 189, 'TA', 'Trnavský kraj'),
(3017, 189, 'TC', 'Trenčianský kraj'),
(3018, 189, 'ZI', 'Žilinský kraj'),
(3019, 190, '001', 'Ajdovščina'),
(3020, 190, '002', 'Beltinci'),
(3021, 190, '003', 'Bled'),
(3022, 190, '004', 'Bohinj'),
(3023, 190, '005', 'Borovnica'),
(3024, 190, '006', 'Bovec'),
(3025, 190, '007', 'Brda'),
(3026, 190, '008', 'Brezovica'),
(3027, 190, '009', 'Brežice'),
(3028, 190, '010', 'Tišina'),
(3029, 190, '011', 'Celje'),
(3030, 190, '012', 'Cerklje na Gorenjskem'),
(3031, 190, '013', 'Cerknica');
INSERT INTO `toc_zones` (`zone_id`, `zone_country_id`, `zone_code`, `zone_name`) VALUES
(3032, 190, '014', 'Cerkno'),
(3033, 190, '015', 'Črenšovci'),
(3034, 190, '016', 'Črna na Koroškem'),
(3035, 190, '017', 'Črnomelj'),
(3036, 190, '018', 'Destrnik'),
(3037, 190, '019', 'Divača'),
(3038, 190, '020', 'Dobrepolje'),
(3039, 190, '021', 'Dobrova-Polhov Gradec'),
(3040, 190, '022', 'Dol pri Ljubljani'),
(3041, 190, '023', 'Domžale'),
(3042, 190, '024', 'Dornava'),
(3043, 190, '025', 'Dravograd'),
(3044, 190, '026', 'Duplek'),
(3045, 190, '027', 'Gorenja vas-Poljane'),
(3046, 190, '028', 'Gorišnica'),
(3047, 190, '029', 'Gornja Radgona'),
(3048, 190, '030', 'Gornji Grad'),
(3049, 190, '031', 'Gornji Petrovci'),
(3050, 190, '032', 'Grosuplje'),
(3051, 190, '033', 'Šalovci'),
(3052, 190, '034', 'Hrastnik'),
(3053, 190, '035', 'Hrpelje-Kozina'),
(3054, 190, '036', 'Idrija'),
(3055, 190, '037', 'Ig'),
(3056, 190, '038', 'Ilirska Bistrica'),
(3057, 190, '039', 'Ivančna Gorica'),
(3058, 190, '040', 'Izola'),
(3059, 190, '041', 'Jesenice'),
(3060, 190, '042', 'Juršinci'),
(3061, 190, '043', 'Kamnik'),
(3062, 190, '044', 'Kanal ob Soči'),
(3063, 190, '045', 'Kidričevo'),
(3064, 190, '046', 'Kobarid'),
(3065, 190, '047', 'Kobilje'),
(3066, 190, '048', 'Kočevje'),
(3067, 190, '049', 'Komen'),
(3068, 190, '050', 'Koper'),
(3069, 190, '051', 'Kozje'),
(3070, 190, '052', 'Kranj'),
(3071, 190, '053', 'Kranjska Gora'),
(3072, 190, '054', 'Krško'),
(3073, 190, '055', 'Kungota'),
(3074, 190, '056', 'Kuzma'),
(3075, 190, '057', 'Laško'),
(3076, 190, '058', 'Lenart'),
(3077, 190, '059', 'Lendava'),
(3078, 190, '060', 'Litija'),
(3079, 190, '061', 'Ljubljana'),
(3080, 190, '062', 'Ljubno'),
(3081, 190, '063', 'Ljutomer'),
(3082, 190, '064', 'Logatec'),
(3083, 190, '065', 'Loška Dolina'),
(3084, 190, '066', 'Loški Potok'),
(3085, 190, '067', 'Luče'),
(3086, 190, '068', 'Lukovica'),
(3087, 190, '069', 'Majšperk'),
(3088, 190, '070', 'Maribor'),
(3089, 190, '071', 'Medvode'),
(3090, 190, '072', 'Mengeš'),
(3091, 190, '073', 'Metlika'),
(3092, 190, '074', 'Mežica'),
(3093, 190, '075', 'Miren-Kostanjevica'),
(3094, 190, '076', 'Mislinja'),
(3095, 190, '077', 'Moravče'),
(3096, 190, '078', 'Moravske Toplice'),
(3097, 190, '079', 'Mozirje'),
(3098, 190, '080', 'Murska Sobota'),
(3099, 190, '081', 'Muta'),
(3100, 190, '082', 'Naklo'),
(3101, 190, '083', 'Nazarje'),
(3102, 190, '084', 'Nova Gorica'),
(3103, 190, '085', 'Novo mesto'),
(3104, 190, '086', 'Odranci'),
(3105, 190, '087', 'Ormož'),
(3106, 190, '088', 'Osilnica'),
(3107, 190, '089', 'Pesnica'),
(3108, 190, '090', 'Piran'),
(3109, 190, '091', 'Pivka'),
(3110, 190, '092', 'Podčetrtek'),
(3111, 190, '093', 'Podvelka'),
(3112, 190, '094', 'Postojna'),
(3113, 190, '095', 'Preddvor'),
(3114, 190, '096', 'Ptuj'),
(3115, 190, '097', 'Puconci'),
(3116, 190, '098', 'Rače-Fram'),
(3117, 190, '099', 'Radeče'),
(3118, 190, '100', 'Radenci'),
(3119, 190, '101', 'Radlje ob Dravi'),
(3120, 190, '102', 'Radovljica'),
(3121, 190, '103', 'Ravne na Koroškem'),
(3122, 190, '104', 'Ribnica'),
(3123, 190, '106', 'Rogaška Slatina'),
(3124, 190, '105', 'Rogašovci'),
(3125, 190, '107', 'Rogatec'),
(3126, 190, '108', 'Ruše'),
(3127, 190, '109', 'Semič'),
(3128, 190, '110', 'Sevnica'),
(3129, 190, '111', 'Sežana'),
(3130, 190, '112', 'Slovenj Gradec'),
(3131, 190, '113', 'Slovenska Bistrica'),
(3132, 190, '114', 'Slovenske Konjice'),
(3133, 190, '115', 'Starše'),
(3134, 190, '116', 'Sveti Jurij'),
(3135, 190, '117', 'Šenčur'),
(3136, 190, '118', 'Šentilj'),
(3137, 190, '119', 'Šentjernej'),
(3138, 190, '120', 'Šentjur pri Celju'),
(3139, 190, '121', 'Škocjan'),
(3140, 190, '122', 'Škofja Loka'),
(3141, 190, '123', 'Škofljica'),
(3142, 190, '124', 'Šmarje pri Jelšah'),
(3143, 190, '125', 'Šmartno ob Paki'),
(3144, 190, '126', 'Šoštanj'),
(3145, 190, '127', 'Štore'),
(3146, 190, '128', 'Tolmin'),
(3147, 190, '129', 'Trbovlje'),
(3148, 190, '130', 'Trebnje'),
(3149, 190, '131', 'Tržič'),
(3150, 190, '132', 'Turnišče'),
(3151, 190, '133', 'Velenje'),
(3152, 190, '134', 'Velike Lašče'),
(3153, 190, '135', 'Videm'),
(3154, 190, '136', 'Vipava'),
(3155, 190, '137', 'Vitanje'),
(3156, 190, '138', 'Vodice'),
(3157, 190, '139', 'Vojnik'),
(3158, 190, '140', 'Vrhnika'),
(3159, 190, '141', 'Vuzenica'),
(3160, 190, '142', 'Zagorje ob Savi'),
(3161, 190, '143', 'Zavrč'),
(3162, 190, '144', 'Zreče'),
(3163, 190, '146', 'Železniki'),
(3164, 190, '147', 'Žiri'),
(3165, 190, '148', 'Benedikt'),
(3166, 190, '149', 'Bistrica ob Sotli'),
(3167, 190, '150', 'Bloke'),
(3168, 190, '151', 'Braslovče'),
(3169, 190, '152', 'Cankova'),
(3170, 190, '153', 'Cerkvenjak'),
(3171, 190, '154', 'Dobje'),
(3172, 190, '155', 'Dobrna'),
(3173, 190, '156', 'Dobrovnik'),
(3174, 190, '157', 'Dolenjske Toplice'),
(3175, 190, '158', 'Grad'),
(3176, 190, '159', 'Hajdina'),
(3177, 190, '160', 'Hoče-Slivnica'),
(3178, 190, '161', 'Hodoš'),
(3179, 190, '162', 'Horjul'),
(3180, 190, '163', 'Jezersko'),
(3181, 190, '164', 'Komenda'),
(3182, 190, '165', 'Kostel'),
(3183, 190, '166', 'Križevci'),
(3184, 190, '167', 'Lovrenc na Pohorju'),
(3185, 190, '168', 'Markovci'),
(3186, 190, '169', 'Miklavž na Dravskem polju'),
(3187, 190, '170', 'Mirna Peč'),
(3188, 190, '171', 'Oplotnica'),
(3189, 190, '172', 'Podlehnik'),
(3190, 190, '173', 'Polzela'),
(3191, 190, '174', 'Prebold'),
(3192, 190, '175', 'Prevalje'),
(3193, 190, '176', 'Razkrižje'),
(3194, 190, '177', 'Ribnica na Pohorju'),
(3195, 190, '178', 'Selnica ob Dravi'),
(3196, 190, '179', 'Sodražica'),
(3197, 190, '180', 'Solčava'),
(3198, 190, '181', 'Sveta Ana'),
(3199, 190, '182', 'Sveti Andraž v Slovenskih goricah'),
(3200, 190, '183', 'Šempeter-Vrtojba'),
(3201, 190, '184', 'Tabor'),
(3202, 190, '185', 'Trnovska vas'),
(3203, 190, '186', 'Trzin'),
(3204, 190, '187', 'Velika Polana'),
(3205, 190, '188', 'Veržej'),
(3206, 190, '189', 'Vransko'),
(3207, 190, '190', 'Žalec'),
(3208, 190, '191', 'Žetale'),
(3209, 190, '192', 'Žirovnica'),
(3210, 190, '193', 'Žužemberk'),
(3211, 190, '194', 'Šmartno pri Litiji'),
(3212, 191, 'CE', 'Central'),
(3213, 191, 'CH', 'Choiseul'),
(3214, 191, 'GC', 'Guadalcanal'),
(3215, 191, 'HO', 'Honiara'),
(3216, 191, 'IS', 'Isabel'),
(3217, 191, 'MK', 'Makira'),
(3218, 191, 'ML', 'Malaita'),
(3219, 191, 'RB', 'Rennell and Bellona'),
(3220, 191, 'TM', 'Temotu'),
(3221, 191, 'WE', 'Western'),
(3222, 192, 'AD', 'Awdal'),
(3223, 192, 'BK', 'Bakool'),
(3224, 192, 'BN', 'Banaadir'),
(3225, 192, 'BR', 'Bari'),
(3226, 192, 'BY', 'Bay'),
(3227, 192, 'GD', 'Gedo'),
(3228, 192, 'GG', 'Galguduud'),
(3229, 192, 'HR', 'Hiiraan'),
(3230, 192, 'JD', 'Jubbada Dhexe'),
(3231, 192, 'JH', 'Jubbada Hoose'),
(3232, 192, 'MD', 'Mudug'),
(3233, 192, 'NG', 'Nugaal'),
(3234, 192, 'SD', 'Shabeellaha Dhexe'),
(3235, 192, 'SG', 'Sanaag'),
(3236, 192, 'SH', 'Shabeellaha Hoose'),
(3237, 192, 'SL', 'Sool'),
(3238, 192, 'TG', 'Togdheer'),
(3239, 192, 'WG', 'Woqooyi Galbeed'),
(3240, 193, 'EC', 'Eastern Cape'),
(3241, 193, 'FS', 'Free State'),
(3242, 193, 'GT', 'Gauteng'),
(3243, 193, 'LP', 'Limpopo'),
(3244, 193, 'MP', 'Mpumalanga'),
(3245, 193, 'NC', 'Northern Cape'),
(3246, 193, 'NL', 'KwaZulu-Natal'),
(3247, 193, 'NW', 'North-West'),
(3248, 193, 'WC', 'Western Cape'),
(3249, 195, 'AN', 'Andalucía'),
(3250, 195, 'AR', 'Aragón'),
(3251, 195, 'A', 'Alicante'),
(3252, 195, 'AB', 'Albacete'),
(3253, 195, 'AL', 'Almería'),
(3254, 195, 'AN', 'Andalucía'),
(3255, 195, 'AV', 'Ávila'),
(3256, 195, 'B', 'Barcelona'),
(3257, 195, 'BA', 'Badajoz'),
(3258, 195, 'BI', 'Vizcaya'),
(3259, 195, 'BU', 'Burgos'),
(3260, 195, 'C', 'A Coruña'),
(3261, 195, 'CA', 'Cádiz'),
(3262, 195, 'CC', 'Cáceres'),
(3263, 195, 'CE', 'Ceuta'),
(3264, 195, 'CL', 'Castilla y León'),
(3265, 195, 'CM', 'Castilla-La Mancha'),
(3266, 195, 'CN', 'Islas Canarias'),
(3267, 195, 'CO', 'Córdoba'),
(3268, 195, 'CR', 'Ciudad Real'),
(3269, 195, 'CS', 'Castellón'),
(3270, 195, 'CT', 'Catalonia'),
(3271, 195, 'CU', 'Cuenca'),
(3272, 195, 'EX', 'Extremadura'),
(3273, 195, 'GA', 'Galicia'),
(3274, 195, 'GC', 'Las Palmas'),
(3275, 195, 'GI', 'Girona'),
(3276, 195, 'GR', 'Granada'),
(3277, 195, 'GU', 'Guadalajara'),
(3278, 195, 'H', 'Huelva'),
(3279, 195, 'HU', 'Huesca'),
(3280, 195, 'IB', 'Islas Baleares'),
(3281, 195, 'J', 'Jaén'),
(3282, 195, 'L', 'Lleida'),
(3283, 195, 'LE', 'León'),
(3284, 195, 'LO', 'La Rioja'),
(3285, 195, 'LU', 'Lugo'),
(3286, 195, 'M', 'Madrid'),
(3287, 195, 'MA', 'Málaga'),
(3288, 195, 'ML', 'Melilla'),
(3289, 195, 'MU', 'Murcia'),
(3290, 195, 'NA', 'Navarre'),
(3291, 195, 'O', 'Asturias'),
(3292, 195, 'OR', 'Ourense'),
(3293, 195, 'P', 'Palencia'),
(3294, 195, 'PM', 'Baleares'),
(3295, 195, 'PO', 'Pontevedra'),
(3296, 195, 'PV', 'Basque Euskadi'),
(3297, 195, 'S', 'Cantabria'),
(3298, 195, 'SA', 'Salamanca'),
(3299, 195, 'SE', 'Seville'),
(3300, 195, 'SG', 'Segovia'),
(3301, 195, 'SO', 'Soria'),
(3302, 195, 'SS', 'Guipúzcoa'),
(3303, 195, 'T', 'Tarragona'),
(3304, 195, 'TE', 'Teruel'),
(3305, 195, 'TF', 'Santa Cruz De Tenerife'),
(3306, 195, 'TO', 'Toledo'),
(3307, 195, 'V', 'Valencia'),
(3308, 195, 'VA', 'Valladolid'),
(3309, 195, 'VI', 'Álava'),
(3310, 195, 'Z', 'Zaragoza'),
(3311, 195, 'ZA', 'Zamora'),
(3312, 196, 'CE', 'Central'),
(3313, 196, 'NC', 'North Central'),
(3314, 196, 'NO', 'North'),
(3315, 196, 'EA', 'Eastern'),
(3316, 196, 'NW', 'North Western'),
(3317, 196, 'SO', 'Southern'),
(3318, 196, 'UV', 'Uva'),
(3319, 196, 'SA', 'Sabaragamuwa'),
(3320, 196, 'WE', 'Western'),
(3321, 199, 'ANL', 'أعالي النيل'),
(3322, 199, 'BAM', 'البحر الأحمر'),
(3323, 199, 'BRT', 'البحيرات'),
(3324, 199, 'JZR', 'ولاية الجزيرة'),
(3325, 199, 'KRT', 'الخرطوم'),
(3326, 199, 'QDR', 'القضارف'),
(3327, 199, 'WDH', 'الوحدة'),
(3328, 199, 'ANB', 'النيل الأبيض'),
(3329, 199, 'ANZ', 'النيل الأزرق'),
(3330, 199, 'ASH', 'الشمالية'),
(3331, 199, 'BJA', 'الاستوائية الوسطى'),
(3332, 199, 'GIS', 'غرب الاستوائية'),
(3333, 199, 'GBG', 'غرب بحر الغزال'),
(3334, 199, 'GDA', 'غرب دارفور'),
(3335, 199, 'GKU', 'غرب كردفان'),
(3336, 199, 'JDA', 'جنوب دارفور'),
(3337, 199, 'JKU', 'جنوب كردفان'),
(3338, 199, 'JQL', 'جونقلي'),
(3339, 199, 'KSL', 'كسلا'),
(3340, 199, 'NNL', 'ولاية نهر النيل'),
(3341, 199, 'SBG', 'شمال بحر الغزال'),
(3342, 199, 'SDA', 'شمال دارفور'),
(3343, 199, 'SKU', 'شمال كردفان'),
(3344, 199, 'SIS', 'شرق الاستوائية'),
(3345, 199, 'SNR', 'سنار'),
(3346, 199, 'WRB', 'واراب'),
(3347, 200, 'BR', 'Brokopondo'),
(3348, 200, 'CM', 'Commewijne'),
(3349, 200, 'CR', 'Coronie'),
(3350, 200, 'MA', 'Marowijne'),
(3351, 200, 'NI', 'Nickerie'),
(3352, 200, 'PM', 'Paramaribo'),
(3353, 200, 'PR', 'Para'),
(3354, 200, 'SA', 'Saramacca'),
(3355, 200, 'SI', 'Sipaliwini'),
(3356, 200, 'WA', 'Wanica'),
(3357, 202, 'HH', 'Hhohho'),
(3358, 202, 'LU', 'Lubombo'),
(3359, 202, 'MA', 'Manzini'),
(3360, 202, 'SH', 'Shiselweni'),
(3361, 203, 'AB', 'Stockholms län'),
(3362, 203, 'C', 'Uppsala län'),
(3363, 203, 'D', 'Södermanlands län'),
(3364, 203, 'E', 'Östergötlands län'),
(3365, 203, 'F', 'Jönköpings län'),
(3366, 203, 'G', 'Kronobergs län'),
(3367, 203, 'H', 'Kalmar län'),
(3368, 203, 'I', 'Gotlands län'),
(3369, 203, 'K', 'Blekinge län'),
(3370, 203, 'M', 'Skåne län'),
(3371, 203, 'N', 'Hallands län'),
(3372, 203, 'O', 'Västra Götalands län'),
(3373, 203, 'S', 'Värmlands län;'),
(3374, 203, 'T', 'Örebro län'),
(3375, 203, 'U', 'Västmanlands län;'),
(3376, 203, 'W', 'Dalarnas län'),
(3377, 203, 'X', 'Gävleborgs län'),
(3378, 203, 'Y', 'Västernorrlands län'),
(3379, 203, 'Z', 'Jämtlands län'),
(3380, 203, 'AC', 'Västerbottens län'),
(3381, 203, 'BD', 'Norrbottens län'),
(3382, 204, 'ZH', 'Zürich'),
(3383, 204, 'BE', 'Bern'),
(3384, 204, 'LU', 'Luzern'),
(3385, 204, 'UR', 'Uri'),
(3386, 204, 'SZ', 'Schwyz'),
(3387, 204, 'OW', 'Obwalden'),
(3388, 204, 'NW', 'Nidwalden'),
(3389, 204, 'GL', 'Glasrus'),
(3390, 204, 'ZG', 'Zug'),
(3391, 204, 'FR', 'Fribourg'),
(3392, 204, 'SO', 'Solothurn'),
(3393, 204, 'BS', 'Basel-Stadt'),
(3394, 204, 'BL', 'Basel-Landschaft'),
(3395, 204, 'SH', 'Schaffhausen'),
(3396, 204, 'AR', 'Appenzell Ausserrhoden'),
(3397, 204, 'AI', 'Appenzell Innerrhoden'),
(3398, 204, 'SG', 'Saint Gallen'),
(3399, 204, 'GR', 'Graubünden'),
(3400, 204, 'AG', 'Aargau'),
(3401, 204, 'TG', 'Thurgau'),
(3402, 204, 'TI', 'Ticino'),
(3403, 204, 'VD', 'Vaud'),
(3404, 204, 'VS', 'Valais'),
(3405, 204, 'NE', 'Nuechâtel'),
(3406, 204, 'GE', 'Genève'),
(3407, 204, 'JU', 'Jura'),
(3408, 205, 'DI', 'دمشق'),
(3409, 205, 'DR', 'درعا'),
(3410, 205, 'DZ', 'دير الزور'),
(3411, 205, 'HA', 'الحسكة'),
(3412, 205, 'HI', 'حمص'),
(3413, 205, 'HL', 'حلب'),
(3414, 205, 'HM', 'حماه'),
(3415, 205, 'ID', 'ادلب'),
(3416, 205, 'LA', 'اللاذقية'),
(3417, 205, 'QU', 'القنيطرة'),
(3418, 205, 'RA', 'الرقة'),
(3419, 205, 'RD', 'ریف دمشق'),
(3420, 205, 'SU', 'السويداء'),
(3421, 205, 'TA', 'طرطوس'),
(3422, 206, 'CHA', '彰化縣'),
(3423, 206, 'CYI', '嘉義市'),
(3424, 206, 'CYQ', '嘉義縣'),
(3425, 206, 'HSQ', '新竹縣'),
(3426, 206, 'HSZ', '新竹市'),
(3427, 206, 'HUA', '花蓮縣'),
(3428, 206, 'ILA', '宜蘭縣'),
(3429, 206, 'KEE', '基隆市'),
(3430, 206, 'KHH', '高雄市'),
(3431, 206, 'KHQ', '高雄縣'),
(3432, 206, 'MIA', '苗栗縣'),
(3433, 206, 'NAN', '南投縣'),
(3434, 206, 'PEN', '澎湖縣'),
(3435, 206, 'PIF', '屏東縣'),
(3436, 206, 'TAO', '桃源县'),
(3437, 206, 'TNN', '台南市'),
(3438, 206, 'TNQ', '台南縣'),
(3439, 206, 'TPE', '臺北市'),
(3440, 206, 'TPQ', '臺北縣'),
(3441, 206, 'TTT', '台東縣'),
(3442, 206, 'TXG', '台中市'),
(3443, 206, 'TXQ', '台中縣'),
(3444, 206, 'YUN', '雲林縣'),
(3445, 207, 'GB', 'کوهستان بدخشان'),
(3446, 207, 'KT', 'ختلان'),
(3447, 207, 'SU', 'سغد'),
(3448, 208, '01', 'Arusha'),
(3449, 208, '02', 'Dar es Salaam'),
(3450, 208, '03', 'Dodoma'),
(3451, 208, '04', 'Iringa'),
(3452, 208, '05', 'Kagera'),
(3453, 208, '06', 'Pemba Sever'),
(3454, 208, '07', 'Zanzibar Sever'),
(3455, 208, '08', 'Kigoma'),
(3456, 208, '09', 'Kilimanjaro'),
(3457, 208, '10', 'Pemba Jih'),
(3458, 208, '11', 'Zanzibar Jih'),
(3459, 208, '12', 'Lindi'),
(3460, 208, '13', 'Mara'),
(3461, 208, '14', 'Mbeya'),
(3462, 208, '15', 'Zanzibar Západ'),
(3463, 208, '16', 'Morogoro'),
(3464, 208, '17', 'Mtwara'),
(3465, 208, '18', 'Mwanza'),
(3466, 208, '19', 'Pwani'),
(3467, 208, '20', 'Rukwa'),
(3468, 208, '21', 'Ruvuma'),
(3469, 208, '22', 'Shinyanga'),
(3470, 208, '23', 'Singida'),
(3471, 208, '24', 'Tabora'),
(3472, 208, '25', 'Tanga'),
(3473, 208, '26', 'Manyara'),
(3474, 209, 'TH-10', 'กรุงเทพมหานคร'),
(3475, 209, 'TH-11', 'สมุทรปราการ'),
(3476, 209, 'TH-12', 'นนทบุรี'),
(3477, 209, 'TH-13', 'ปทุมธานี'),
(3478, 209, 'TH-14', 'พระนครศรีอยุธยา'),
(3479, 209, 'TH-15', 'อ่างทอง'),
(3480, 209, 'TH-16', 'ลพบุรี'),
(3481, 209, 'TH-17', 'สิงห์บุรี'),
(3482, 209, 'TH-18', 'ชัยนาท'),
(3483, 209, 'TH-19', 'สระบุรี'),
(3484, 209, 'TH-20', 'ชลบุรี'),
(3485, 209, 'TH-21', 'ระยอง'),
(3486, 209, 'TH-22', 'จันทบุรี'),
(3487, 209, 'TH-23', 'ตราด'),
(3488, 209, 'TH-24', 'ฉะเชิงเทรา'),
(3489, 209, 'TH-25', 'ปราจีนบุรี'),
(3490, 209, 'TH-26', 'นครนายก'),
(3491, 209, 'TH-27', 'สระแก้ว'),
(3492, 209, 'TH-30', 'นครราชสีมา'),
(3493, 209, 'TH-31', 'บุรีรัมย์'),
(3494, 209, 'TH-32', 'สุรินทร์'),
(3495, 209, 'TH-33', 'ศรีสะเกษ'),
(3496, 209, 'TH-34', 'อุบลราชธานี'),
(3497, 209, 'TH-35', 'ยโสธร'),
(3498, 209, 'TH-36', 'ชัยภูมิ'),
(3499, 209, 'TH-37', 'อำนาจเจริญ'),
(3500, 209, 'TH-39', 'หนองบัวลำภู'),
(3501, 209, 'TH-40', 'ขอนแก่น'),
(3502, 209, 'TH-41', 'อุดรธานี'),
(3503, 209, 'TH-42', 'เลย'),
(3504, 209, 'TH-43', 'หนองคาย'),
(3505, 209, 'TH-44', 'มหาสารคาม'),
(3506, 209, 'TH-45', 'ร้อยเอ็ด'),
(3507, 209, 'TH-46', 'กาฬสินธุ์'),
(3508, 209, 'TH-47', 'สกลนคร'),
(3509, 209, 'TH-48', 'นครพนม'),
(3510, 209, 'TH-49', 'มุกดาหาร'),
(3511, 209, 'TH-50', 'เชียงใหม่'),
(3512, 209, 'TH-51', 'ลำพูน'),
(3513, 209, 'TH-52', 'ลำปาง'),
(3514, 209, 'TH-53', 'อุตรดิตถ์'),
(3515, 209, 'TH-55', 'น่าน'),
(3516, 209, 'TH-56', 'พะเยา'),
(3517, 209, 'TH-57', 'เชียงราย'),
(3518, 209, 'TH-58', 'แม่ฮ่องสอน'),
(3519, 209, 'TH-60', 'นครสวรรค์'),
(3520, 209, 'TH-61', 'อุทัยธานี'),
(3521, 209, 'TH-62', 'กำแพงเพชร'),
(3522, 209, 'TH-63', 'ตาก'),
(3523, 209, 'TH-64', 'สุโขทัย'),
(3524, 209, 'TH-66', 'ชุมพร'),
(3525, 209, 'TH-67', 'พิจิตร'),
(3526, 209, 'TH-70', 'ราชบุรี'),
(3527, 209, 'TH-71', 'กาญจนบุรี'),
(3528, 209, 'TH-72', 'สุพรรณบุรี'),
(3529, 209, 'TH-73', 'นครปฐม'),
(3530, 209, 'TH-74', 'สมุทรสาคร'),
(3531, 209, 'TH-75', 'สมุทรสงคราม'),
(3532, 209, 'TH-76', 'เพชรบุรี'),
(3533, 209, 'TH-77', 'ประจวบคีรีขันธ์'),
(3534, 209, 'TH-80', 'นครศรีธรรมราช'),
(3535, 209, 'TH-81', 'กระบี่'),
(3536, 209, 'TH-82', 'พังงา'),
(3537, 209, 'TH-83', 'ภูเก็ต'),
(3538, 209, 'TH-84', 'สุราษฎร์ธานี'),
(3539, 209, 'TH-85', 'ระนอง'),
(3540, 209, 'TH-86', 'ชุมพร'),
(3541, 209, 'TH-90', 'สงขลา'),
(3542, 209, 'TH-91', 'สตูล'),
(3543, 209, 'TH-92', 'ตรัง'),
(3544, 209, 'TH-93', 'พัทลุง'),
(3545, 209, 'TH-94', 'ปัตตานี'),
(3546, 209, 'TH-95', 'ยะลา'),
(3547, 209, 'TH-96', 'นราธิวาส'),
(3548, 210, 'C', 'Centrale'),
(3549, 210, 'K', 'Kara'),
(3550, 210, 'M', 'Maritime'),
(3551, 210, 'P', 'Plateaux'),
(3552, 210, 'S', 'Savanes'),
(3553, 211, 'A', 'Atafu'),
(3554, 211, 'F', 'Fakaofo'),
(3555, 211, 'N', 'Nukunonu'),
(3556, 212, 'H', 'Ha''apai'),
(3557, 212, 'T', 'Tongatapu'),
(3558, 212, 'V', 'Vava''u'),
(3559, 213, 'ARI', 'Arima'),
(3560, 213, 'CHA', 'Chaguanas'),
(3561, 213, 'CTT', 'Couva-Tabaquite-Talparo'),
(3562, 213, 'DMN', 'Diego Martin'),
(3563, 213, 'ETO', 'Eastern Tobago'),
(3564, 213, 'RCM', 'Rio Claro-Mayaro'),
(3565, 213, 'PED', 'Penal-Debe'),
(3566, 213, 'PTF', 'Point Fortin'),
(3567, 213, 'POS', 'Port of Spain'),
(3568, 213, 'PRT', 'Princes Town'),
(3569, 213, 'SFO', 'San Fernando'),
(3570, 213, 'SGE', 'Sangre Grande'),
(3571, 213, 'SJL', 'San Juan-Laventille'),
(3572, 213, 'SIP', 'Siparia'),
(3573, 213, 'TUP', 'Tunapuna-Piarco'),
(3574, 213, 'WTO', 'Western Tobago'),
(3575, 214, '11', 'ولاية تونس'),
(3576, 214, '12', 'ولاية أريانة'),
(3577, 214, '13', 'ولاية بن عروس'),
(3578, 214, '14', 'ولاية منوبة'),
(3579, 214, '21', 'ولاية نابل'),
(3580, 214, '22', 'ولاية زغوان'),
(3581, 214, '23', 'ولاية بنزرت'),
(3582, 214, '31', 'ولاية باجة'),
(3583, 214, '32', 'ولاية جندوبة'),
(3584, 214, '33', 'ولاية الكاف'),
(3585, 214, '34', 'ولاية سليانة'),
(3586, 214, '41', 'ولاية القيروان'),
(3587, 214, '42', 'ولاية القصرين'),
(3588, 214, '43', 'ولاية سيدي بوزيد'),
(3589, 214, '51', 'ولاية سوسة'),
(3590, 214, '52', 'ولاية المنستير'),
(3591, 214, '53', 'ولاية المهدية'),
(3592, 214, '61', 'ولاية صفاقس'),
(3593, 214, '71', 'ولاية قفصة'),
(3594, 214, '72', 'ولاية توزر'),
(3595, 214, '73', 'ولاية قبلي'),
(3596, 214, '81', 'ولاية قابس'),
(3597, 214, '82', 'ولاية مدنين'),
(3598, 214, '83', 'ولاية تطاوين'),
(3599, 215, '01', 'Adana'),
(3600, 215, '02', 'Adıyaman'),
(3601, 215, '03', 'Afyonkarahisar'),
(3602, 215, '04', 'Ağrı'),
(3603, 215, '05', 'Amasya'),
(3604, 215, '06', 'Ankara'),
(3605, 215, '07', 'Antalya'),
(3606, 215, '08', 'Artvin'),
(3607, 215, '09', 'Aydın'),
(3608, 215, '10', 'Balıkesir'),
(3609, 215, '11', 'Bilecik'),
(3610, 215, '12', 'Bingöl'),
(3611, 215, '13', 'Bitlis'),
(3612, 215, '14', 'Bolu'),
(3613, 215, '15', 'Burdur'),
(3614, 215, '16', 'Bursa'),
(3615, 215, '17', 'Çanakkale'),
(3616, 215, '18', 'Çankırı'),
(3617, 215, '19', 'Çorum'),
(3618, 215, '20', 'Denizli'),
(3619, 215, '21', 'Diyarbakır'),
(3620, 215, '22', 'Edirne'),
(3621, 215, '23', 'Elazığ'),
(3622, 215, '24', 'Erzincan'),
(3623, 215, '25', 'Erzurum'),
(3624, 215, '26', 'Eskişehir'),
(3625, 215, '27', 'Gaziantep'),
(3626, 215, '28', 'Giresun'),
(3627, 215, '29', 'Gümüşhane'),
(3628, 215, '30', 'Hakkari'),
(3629, 215, '31', 'Hatay'),
(3630, 215, '32', 'Isparta'),
(3631, 215, '33', 'Mersin'),
(3632, 215, '34', 'İstanbul'),
(3633, 215, '35', 'İzmir'),
(3634, 215, '36', 'Kars'),
(3635, 215, '37', 'Kastamonu'),
(3636, 215, '38', 'Kayseri'),
(3637, 215, '39', 'Kırklareli'),
(3638, 215, '40', 'Kırşehir'),
(3639, 215, '41', 'Kocaeli'),
(3640, 215, '42', 'Konya'),
(3641, 215, '43', 'Kütahya'),
(3642, 215, '44', 'Malatya'),
(3643, 215, '45', 'Manisa'),
(3644, 215, '46', 'Kahramanmaraş'),
(3645, 215, '47', 'Mardin'),
(3646, 215, '48', 'Muğla'),
(3647, 215, '49', 'Muş'),
(3648, 215, '50', 'Nevşehir'),
(3649, 215, '51', 'Niğde'),
(3650, 215, '52', 'Ordu'),
(3651, 215, '53', 'Rize'),
(3652, 215, '54', 'Sakarya'),
(3653, 215, '55', 'Samsun'),
(3654, 215, '56', 'Siirt'),
(3655, 215, '57', 'Sinop'),
(3656, 215, '58', 'Sivas'),
(3657, 215, '59', 'Tekirdağ'),
(3658, 215, '60', 'Tokat'),
(3659, 215, '61', 'Trabzon'),
(3660, 215, '62', 'Tunceli'),
(3661, 215, '63', 'Şanlıurfa'),
(3662, 215, '64', 'Uşak'),
(3663, 215, '65', 'Van'),
(3664, 215, '66', 'Yozgat'),
(3665, 215, '67', 'Zonguldak'),
(3666, 215, '68', 'Aksaray'),
(3667, 215, '69', 'Bayburt'),
(3668, 215, '70', 'Karaman'),
(3669, 215, '71', 'Kırıkkale'),
(3670, 215, '72', 'Batman'),
(3671, 215, '73', 'Şırnak'),
(3672, 215, '74', 'Bartın'),
(3673, 215, '75', 'Ardahan'),
(3674, 215, '76', 'Iğdır'),
(3675, 215, '77', 'Yalova'),
(3676, 215, '78', 'Karabük'),
(3677, 215, '79', 'Kilis'),
(3678, 215, '80', 'Osmaniye'),
(3679, 215, '81', 'Düzce'),
(3680, 216, 'A', 'Ahal welaýaty'),
(3681, 216, 'B', 'Balkan welaýaty'),
(3682, 216, 'D', 'Daşoguz welaýaty'),
(3683, 216, 'L', 'Lebap welaýaty'),
(3684, 216, 'M', 'Mary welaýaty'),
(3685, 217, 'AC', 'Ambergris Cays'),
(3686, 217, 'DC', 'Dellis Cay'),
(3687, 217, 'FC', 'French Cay'),
(3688, 217, 'LW', 'Little Water Cay'),
(3689, 217, 'RC', 'Parrot Cay'),
(3690, 217, 'PN', 'Pine Cay'),
(3691, 217, 'SL', 'Salt Cay'),
(3692, 217, 'GT', 'Grand Turk'),
(3693, 217, 'SC', 'South Caicos'),
(3694, 217, 'EC', 'East Caicos'),
(3695, 217, 'MC', 'Middle Caicos'),
(3696, 217, 'NC', 'North Caicos'),
(3697, 217, 'PR', 'Providenciales'),
(3698, 217, 'WC', 'West Caicos'),
(3699, 218, 'FUN', 'Funafuti'),
(3700, 218, 'NMA', 'Nanumea'),
(3701, 218, 'NMG', 'Nanumanga'),
(3702, 218, 'NIT', 'Niutao'),
(3703, 218, 'NIU', 'Nui'),
(3704, 218, 'NKF', 'Nukufetau'),
(3705, 218, 'NKL', 'Nukulaelae'),
(3706, 218, 'VAI', 'Vaitupu'),
(3707, 219, '101', 'Kalangala'),
(3708, 219, '102', 'Kampala'),
(3709, 219, '103', 'Kiboga'),
(3710, 219, '104', 'Luwero'),
(3711, 219, '105', 'Masaka'),
(3712, 219, '106', 'Mpigi'),
(3713, 219, '107', 'Mubende'),
(3714, 219, '108', 'Mukono'),
(3715, 219, '109', 'Nakasongola'),
(3716, 219, '110', 'Rakai'),
(3717, 219, '111', 'Sembabule'),
(3718, 219, '112', 'Kayunga'),
(3719, 219, '113', 'Wakiso'),
(3720, 219, '201', 'Bugiri'),
(3721, 219, '202', 'Busia'),
(3722, 219, '203', 'Iganga'),
(3723, 219, '204', 'Jinja'),
(3724, 219, '205', 'Kamuli'),
(3725, 219, '206', 'Kapchorwa'),
(3726, 219, '207', 'Katakwi'),
(3727, 219, '208', 'Kumi'),
(3728, 219, '209', 'Mbale'),
(3729, 219, '210', 'Pallisa'),
(3730, 219, '211', 'Soroti'),
(3731, 219, '212', 'Tororo'),
(3732, 219, '213', 'Kaberamaido'),
(3733, 219, '214', 'Mayuge'),
(3734, 219, '215', 'Sironko'),
(3735, 219, '301', 'Adjumani'),
(3736, 219, '302', 'Apac'),
(3737, 219, '303', 'Arua'),
(3738, 219, '304', 'Gulu'),
(3739, 219, '305', 'Kitgum'),
(3740, 219, '306', 'Kotido'),
(3741, 219, '307', 'Lira'),
(3742, 219, '308', 'Moroto'),
(3743, 219, '309', 'Moyo'),
(3744, 219, '310', 'Nebbi'),
(3745, 219, '311', 'Nakapiripirit'),
(3746, 219, '312', 'Pader'),
(3747, 219, '313', 'Yumbe'),
(3748, 219, '401', 'Bundibugyo'),
(3749, 219, '402', 'Bushenyi'),
(3750, 219, '403', 'Hoima'),
(3751, 219, '404', 'Kabale'),
(3752, 219, '405', 'Kabarole'),
(3753, 219, '406', 'Kasese'),
(3754, 219, '407', 'Kibale'),
(3755, 219, '408', 'Kisoro'),
(3756, 219, '409', 'Masindi'),
(3757, 219, '410', 'Mbarara'),
(3758, 219, '411', 'Ntungamo'),
(3759, 219, '412', 'Rukungiri'),
(3760, 219, '413', 'Kamwenge'),
(3761, 219, '414', 'Kanungu'),
(3762, 219, '415', 'Kyenjojo'),
(3763, 220, '05', 'Вінницька область'),
(3764, 220, '07', 'Волинська область'),
(3765, 220, '09', 'Луганська область'),
(3766, 220, '12', 'Дніпропетровська область'),
(3767, 220, '14', 'Донецька область'),
(3768, 220, '18', 'Житомирська область'),
(3769, 220, '19', 'Рівненська область'),
(3770, 220, '21', 'Закарпатська область'),
(3771, 220, '23', 'Запорізька область'),
(3772, 220, '26', 'Івано-Франківська область'),
(3773, 220, '30', 'Київ'),
(3774, 220, '32', 'Київська область'),
(3775, 220, '35', 'Кіровоградська область'),
(3776, 220, '40', 'Севастополь'),
(3777, 220, '43', 'Автономная Республика Крым'),
(3778, 220, '46', 'Львівська область'),
(3779, 220, '48', 'Миколаївська область'),
(3780, 220, '51', 'Одеська область'),
(3781, 220, '53', 'Полтавська область'),
(3782, 220, '59', 'Сумська область'),
(3783, 220, '61', 'Тернопільська область'),
(3784, 220, '63', 'Харківська область'),
(3785, 220, '65', 'Херсонська область'),
(3786, 220, '68', 'Хмельницька область'),
(3787, 220, '71', 'Черкаська область'),
(3788, 220, '74', 'Чернігівська область'),
(3789, 220, '77', 'Чернівецька область'),
(3790, 222, 'ABD', 'Aberdeenshire'),
(3791, 222, 'ABE', 'Aberdeen'),
(3792, 222, 'AGB', 'Argyll and Bute'),
(3793, 222, 'AGY', 'Isle of Anglesey'),
(3794, 222, 'ANS', 'Angus'),
(3795, 222, 'ANT', 'Antrim'),
(3796, 222, 'ARD', 'Ards'),
(3797, 222, 'ARM', 'Armagh'),
(3798, 222, 'BAS', 'Bath and North East Somerset'),
(3799, 222, 'BBD', 'Blackburn with Darwen'),
(3800, 222, 'BDF', 'Bedfordshire'),
(3801, 222, 'BDG', 'Barking and Dagenham'),
(3802, 222, 'BEN', 'Brent'),
(3803, 222, 'BEX', 'Bexley'),
(3804, 222, 'BFS', 'Belfast'),
(3805, 222, 'BGE', 'Bridgend'),
(3806, 222, 'BGW', 'Blaenau Gwent'),
(3807, 222, 'BIR', 'Birmingham'),
(3808, 222, 'BKM', 'Buckinghamshire'),
(3809, 222, 'BLA', 'Ballymena'),
(3810, 222, 'BLY', 'Ballymoney'),
(3811, 222, 'BMH', 'Bournemouth'),
(3812, 222, 'BNB', 'Banbridge'),
(3813, 222, 'BNE', 'Barnet'),
(3814, 222, 'BNH', 'Brighton and Hove'),
(3815, 222, 'BNS', 'Barnsley'),
(3816, 222, 'BOL', 'Bolton'),
(3817, 222, 'BPL', 'Blackpool'),
(3818, 222, 'BRC', 'Bracknell'),
(3819, 222, 'BRD', 'Bradford'),
(3820, 222, 'BRY', 'Bromley'),
(3821, 222, 'BST', 'Bristol'),
(3822, 222, 'BUR', 'Bury'),
(3823, 222, 'CAM', 'Cambridgeshire'),
(3824, 222, 'CAY', 'Caerphilly'),
(3825, 222, 'CGN', 'Ceredigion'),
(3826, 222, 'CGV', 'Craigavon'),
(3827, 222, 'CHS', 'Cheshire'),
(3828, 222, 'CKF', 'Carrickfergus'),
(3829, 222, 'CKT', 'Cookstown'),
(3830, 222, 'CLD', 'Calderdale'),
(3831, 222, 'CLK', 'Clackmannanshire'),
(3832, 222, 'CLR', 'Coleraine'),
(3833, 222, 'CMA', 'Cumbria'),
(3834, 222, 'CMD', 'Camden'),
(3835, 222, 'CMN', 'Carmarthenshire'),
(3836, 222, 'CON', 'Cornwall'),
(3837, 222, 'COV', 'Coventry'),
(3838, 222, 'CRF', 'Cardiff'),
(3839, 222, 'CRY', 'Croydon'),
(3840, 222, 'CSR', 'Castlereagh'),
(3841, 222, 'CWY', 'Conwy'),
(3842, 222, 'DAL', 'Darlington'),
(3843, 222, 'DBY', 'Derbyshire'),
(3844, 222, 'DEN', 'Denbighshire'),
(3845, 222, 'DER', 'Derby'),
(3846, 222, 'DEV', 'Devon'),
(3847, 222, 'DGN', 'Dungannon and South Tyrone'),
(3848, 222, 'DGY', 'Dumfries and Galloway'),
(3849, 222, 'DNC', 'Doncaster'),
(3850, 222, 'DND', 'Dundee'),
(3851, 222, 'DOR', 'Dorset'),
(3852, 222, 'DOW', 'Down'),
(3853, 222, 'DRY', 'Derry'),
(3854, 222, 'DUD', 'Dudley'),
(3855, 222, 'DUR', 'Durham'),
(3856, 222, 'EAL', 'Ealing'),
(3857, 222, 'EAY', 'East Ayrshire'),
(3858, 222, 'EDH', 'Edinburgh'),
(3859, 222, 'EDU', 'East Dunbartonshire'),
(3860, 222, 'ELN', 'East Lothian'),
(3861, 222, 'ELS', 'Eilean Siar'),
(3862, 222, 'ENF', 'Enfield'),
(3863, 222, 'ERW', 'East Renfrewshire'),
(3864, 222, 'ERY', 'East Riding of Yorkshire'),
(3865, 222, 'ESS', 'Essex'),
(3866, 222, 'ESX', 'East Sussex'),
(3867, 222, 'FAL', 'Falkirk'),
(3868, 222, 'FER', 'Fermanagh'),
(3869, 222, 'FIF', 'Fife'),
(3870, 222, 'FLN', 'Flintshire'),
(3871, 222, 'GAT', 'Gateshead'),
(3872, 222, 'GLG', 'Glasgow'),
(3873, 222, 'GLS', 'Gloucestershire'),
(3874, 222, 'GRE', 'Greenwich'),
(3875, 222, 'GSY', 'Guernsey'),
(3876, 222, 'GWN', 'Gwynedd'),
(3877, 222, 'HAL', 'Halton'),
(3878, 222, 'HAM', 'Hampshire'),
(3879, 222, 'HAV', 'Havering'),
(3880, 222, 'HCK', 'Hackney'),
(3881, 222, 'HEF', 'Herefordshire'),
(3882, 222, 'HIL', 'Hillingdon'),
(3883, 222, 'HLD', 'Highland'),
(3884, 222, 'HMF', 'Hammersmith and Fulham'),
(3885, 222, 'HNS', 'Hounslow'),
(3886, 222, 'HPL', 'Hartlepool'),
(3887, 222, 'HRT', 'Hertfordshire'),
(3888, 222, 'HRW', 'Harrow'),
(3889, 222, 'HRY', 'Haringey'),
(3890, 222, 'IOS', 'Isles of Scilly'),
(3891, 222, 'IOW', 'Isle of Wight'),
(3892, 222, 'ISL', 'Islington'),
(3893, 222, 'IVC', 'Inverclyde'),
(3894, 222, 'JSY', 'Jersey'),
(3895, 222, 'KEC', 'Kensington and Chelsea'),
(3896, 222, 'KEN', 'Kent'),
(3897, 222, 'KHL', 'Kingston upon Hull'),
(3898, 222, 'KIR', 'Kirklees'),
(3899, 222, 'KTT', 'Kingston upon Thames'),
(3900, 222, 'KWL', 'Knowsley'),
(3901, 222, 'LAN', 'Lancashire'),
(3902, 222, 'LBH', 'Lambeth'),
(3903, 222, 'LCE', 'Leicester'),
(3904, 222, 'LDS', 'Leeds'),
(3905, 222, 'LEC', 'Leicestershire'),
(3906, 222, 'LEW', 'Lewisham'),
(3907, 222, 'LIN', 'Lincolnshire'),
(3908, 222, 'LIV', 'Liverpool'),
(3909, 222, 'LMV', 'Limavady'),
(3910, 222, 'LND', 'London'),
(3911, 222, 'LRN', 'Larne'),
(3912, 222, 'LSB', 'Lisburn'),
(3913, 222, 'LUT', 'Luton'),
(3914, 222, 'MAN', 'Manchester'),
(3915, 222, 'MDB', 'Middlesbrough'),
(3916, 222, 'MDW', 'Medway'),
(3917, 222, 'MFT', 'Magherafelt'),
(3918, 222, 'MIK', 'Milton Keynes'),
(3919, 222, 'MLN', 'Midlothian'),
(3920, 222, 'MON', 'Monmouthshire'),
(3921, 222, 'MRT', 'Merton'),
(3922, 222, 'MRY', 'Moray'),
(3923, 222, 'MTY', 'Merthyr Tydfil'),
(3924, 222, 'MYL', 'Moyle'),
(3925, 222, 'NAY', 'North Ayrshire'),
(3926, 222, 'NBL', 'Northumberland'),
(3927, 222, 'NDN', 'North Down'),
(3928, 222, 'NEL', 'North East Lincolnshire'),
(3929, 222, 'NET', 'Newcastle upon Tyne'),
(3930, 222, 'NFK', 'Norfolk'),
(3931, 222, 'NGM', 'Nottingham'),
(3932, 222, 'NLK', 'North Lanarkshire'),
(3933, 222, 'NLN', 'North Lincolnshire'),
(3934, 222, 'NSM', 'North Somerset'),
(3935, 222, 'NTA', 'Newtownabbey'),
(3936, 222, 'NTH', 'Northamptonshire'),
(3937, 222, 'NTL', 'Neath Port Talbot'),
(3938, 222, 'NTT', 'Nottinghamshire'),
(3939, 222, 'NTY', 'North Tyneside'),
(3940, 222, 'NWM', 'Newham'),
(3941, 222, 'NWP', 'Newport'),
(3942, 222, 'NYK', 'North Yorkshire'),
(3943, 222, 'NYM', 'Newry and Mourne'),
(3944, 222, 'OLD', 'Oldham'),
(3945, 222, 'OMH', 'Omagh'),
(3946, 222, 'ORK', 'Orkney Islands'),
(3947, 222, 'OXF', 'Oxfordshire'),
(3948, 222, 'PEM', 'Pembrokeshire'),
(3949, 222, 'PKN', 'Perth and Kinross'),
(3950, 222, 'PLY', 'Plymouth'),
(3951, 222, 'POL', 'Poole'),
(3952, 222, 'POR', 'Portsmouth'),
(3953, 222, 'POW', 'Powys'),
(3954, 222, 'PTE', 'Peterborough'),
(3955, 222, 'RCC', 'Redcar and Cleveland'),
(3956, 222, 'RCH', 'Rochdale'),
(3957, 222, 'RCT', 'Rhondda Cynon Taf'),
(3958, 222, 'RDB', 'Redbridge'),
(3959, 222, 'RDG', 'Reading'),
(3960, 222, 'RFW', 'Renfrewshire'),
(3961, 222, 'RIC', 'Richmond upon Thames'),
(3962, 222, 'ROT', 'Rotherham'),
(3963, 222, 'RUT', 'Rutland'),
(3964, 222, 'SAW', 'Sandwell'),
(3965, 222, 'SAY', 'South Ayrshire'),
(3966, 222, 'SCB', 'Scottish Borders'),
(3967, 222, 'SFK', 'Suffolk'),
(3968, 222, 'SFT', 'Sefton'),
(3969, 222, 'SGC', 'South Gloucestershire'),
(3970, 222, 'SHF', 'Sheffield'),
(3971, 222, 'SHN', 'Saint Helens'),
(3972, 222, 'SHR', 'Shropshire'),
(3973, 222, 'SKP', 'Stockport'),
(3974, 222, 'SLF', 'Salford'),
(3975, 222, 'SLG', 'Slough'),
(3976, 222, 'SLK', 'South Lanarkshire'),
(3977, 222, 'SND', 'Sunderland'),
(3978, 222, 'SOL', 'Solihull'),
(3979, 222, 'SOM', 'Somerset'),
(3980, 222, 'SOS', 'Southend-on-Sea'),
(3981, 222, 'SRY', 'Surrey'),
(3982, 222, 'STB', 'Strabane'),
(3983, 222, 'STE', 'Stoke-on-Trent'),
(3984, 222, 'STG', 'Stirling'),
(3985, 222, 'STH', 'Southampton'),
(3986, 222, 'STN', 'Sutton'),
(3987, 222, 'STS', 'Staffordshire'),
(3988, 222, 'STT', 'Stockton-on-Tees'),
(3989, 222, 'STY', 'South Tyneside'),
(3990, 222, 'SWA', 'Swansea'),
(3991, 222, 'SWD', 'Swindon'),
(3992, 222, 'SWK', 'Southwark'),
(3993, 222, 'TAM', 'Tameside'),
(3994, 222, 'TFW', 'Telford and Wrekin'),
(3995, 222, 'THR', 'Thurrock'),
(3996, 222, 'TOB', 'Torbay'),
(3997, 222, 'TOF', 'Torfaen'),
(3998, 222, 'TRF', 'Trafford'),
(3999, 222, 'TWH', 'Tower Hamlets'),
(4000, 222, 'VGL', 'Vale of Glamorgan'),
(4001, 222, 'WAR', 'Warwickshire'),
(4002, 222, 'WBK', 'West Berkshire'),
(4003, 222, 'WDU', 'West Dunbartonshire'),
(4004, 222, 'WFT', 'Waltham Forest'),
(4005, 222, 'WGN', 'Wigan'),
(4006, 222, 'WIL', 'Wiltshire'),
(4007, 222, 'WKF', 'Wakefield'),
(4008, 222, 'WLL', 'Walsall'),
(4009, 222, 'WLN', 'West Lothian'),
(4010, 222, 'WLV', 'Wolverhampton'),
(4011, 222, 'WNM', 'Windsor and Maidenhead'),
(4012, 222, 'WOK', 'Wokingham'),
(4013, 222, 'WOR', 'Worcestershire'),
(4014, 222, 'WRL', 'Wirral'),
(4015, 222, 'WRT', 'Warrington'),
(4016, 222, 'WRX', 'Wrexham'),
(4017, 222, 'WSM', 'Westminster'),
(4018, 222, 'WSX', 'West Sussex'),
(4019, 222, 'YOR', 'Yorkshire'),
(4020, 222, 'ZET', 'Shetland Islands'),
(4021, 223, 'AK', 'Alaska'),
(4022, 223, 'AL', 'Alabama'),
(4023, 223, 'AS', 'American Samoa'),
(4024, 223, 'AR', 'Arkansas'),
(4025, 223, 'AZ', 'Arizona'),
(4026, 223, 'CA', 'California'),
(4027, 223, 'CO', 'Colorado'),
(4028, 223, 'CT', 'Connecticut'),
(4029, 223, 'DC', 'District of Columbia'),
(4030, 223, 'DE', 'Delaware'),
(4031, 223, 'FL', 'Florida'),
(4032, 223, 'GA', 'Georgia'),
(4033, 223, 'GU', 'Guam'),
(4034, 223, 'HI', 'Hawaii'),
(4035, 223, 'IA', 'Iowa'),
(4036, 223, 'ID', 'Idaho'),
(4037, 223, 'IL', 'Illinois'),
(4038, 223, 'IN', 'Indiana'),
(4039, 223, 'KS', 'Kansas'),
(4040, 223, 'KY', 'Kentucky'),
(4041, 223, 'LA', 'Louisiana'),
(4042, 223, 'MA', 'Massachusetts'),
(4043, 223, 'MD', 'Maryland'),
(4044, 223, 'ME', 'Maine'),
(4045, 223, 'MI', 'Michigan'),
(4046, 223, 'MN', 'Minnesota'),
(4047, 223, 'MO', 'Missouri'),
(4048, 223, 'MS', 'Mississippi'),
(4049, 223, 'MT', 'Montana'),
(4050, 223, 'NC', 'North Carolina'),
(4051, 223, 'ND', 'North Dakota'),
(4052, 223, 'NE', 'Nebraska'),
(4053, 223, 'NH', 'New Hampshire'),
(4054, 223, 'NJ', 'New Jersey'),
(4055, 223, 'NM', 'New Mexico'),
(4056, 223, 'NV', 'Nevada'),
(4057, 223, 'NY', 'New York'),
(4058, 223, 'MP', 'Northern Mariana Islands'),
(4059, 223, 'OH', 'Ohio'),
(4060, 223, 'OK', 'Oklahoma'),
(4061, 223, 'OR', 'Oregon'),
(4062, 223, 'PA', 'Pennsylvania'),
(4063, 223, 'PR', 'Puerto Rico'),
(4064, 223, 'RI', 'Rhode Island'),
(4065, 223, 'SC', 'South Carolina'),
(4066, 223, 'SD', 'South Dakota'),
(4067, 223, 'TN', 'Tennessee'),
(4068, 223, 'TX', 'Texas'),
(4069, 223, 'UM', 'U.S. Minor Outlying Islands'),
(4070, 223, 'UT', 'Utah'),
(4071, 223, 'VA', 'Virginia'),
(4072, 223, 'VI', 'Virgin Islands of the U.S.'),
(4073, 223, 'VT', 'Vermont'),
(4074, 223, 'WA', 'Washington'),
(4075, 223, 'WI', 'Wisconsin'),
(4076, 223, 'WV', 'West Virginia'),
(4077, 223, 'WY', 'Wyoming'),
(4078, 224, 'BI', 'Baker Island'),
(4079, 224, 'HI', 'Howland Island'),
(4080, 224, 'JI', 'Jarvis Island'),
(4081, 224, 'JA', 'Johnston Atoll'),
(4082, 224, 'KR', 'Kingman Reef'),
(4083, 224, 'MA', 'Midway Atoll'),
(4084, 224, 'NI', 'Navassa Island'),
(4085, 224, 'PA', 'Palmyra Atoll'),
(4086, 224, 'WI', 'Wake Island'),
(4087, 225, 'AR', 'Artigas'),
(4088, 225, 'CA', 'Canelones'),
(4089, 225, 'CL', 'Cerro Largo'),
(4090, 225, 'CO', 'Colonia'),
(4091, 225, 'DU', 'Durazno'),
(4092, 225, 'FD', 'Florida'),
(4093, 225, 'FS', 'Flores'),
(4094, 225, 'LA', 'Lavalleja'),
(4095, 225, 'MA', 'Maldonado'),
(4096, 225, 'MO', 'Montevideo'),
(4097, 225, 'PA', 'Paysandu'),
(4098, 225, 'RN', 'Río Negro'),
(4099, 225, 'RO', 'Rocha'),
(4100, 225, 'RV', 'Rivera'),
(4101, 225, 'SA', 'Salto'),
(4102, 225, 'SJ', 'San José'),
(4103, 225, 'SO', 'Soriano'),
(4104, 225, 'TA', 'Tacuarembó'),
(4105, 225, 'TT', 'Treinta y Tres'),
(4106, 226, 'AN', 'Andijon viloyati'),
(4107, 226, 'BU', 'Buxoro viloyati'),
(4108, 226, 'FA', 'Farg''ona viloyati'),
(4109, 226, 'JI', 'Jizzax viloyati'),
(4110, 226, 'NG', 'Namangan viloyati'),
(4111, 226, 'NW', 'Navoiy viloyati'),
(4112, 226, 'QA', 'Qashqadaryo viloyati'),
(4113, 226, 'QR', 'Qoraqalpog''iston Respublikasi'),
(4114, 226, 'SA', 'Samarqand viloyati'),
(4115, 226, 'SI', 'Sirdaryo viloyati'),
(4116, 226, 'SU', 'Surxondaryo viloyati'),
(4117, 226, 'TK', 'Toshkent'),
(4118, 226, 'TO', 'Toshkent viloyati'),
(4119, 226, 'XO', 'Xorazm viloyati'),
(4120, 227, 'MAP', 'Malampa'),
(4121, 227, 'PAM', 'Pénama'),
(4122, 227, 'SAM', 'Sanma'),
(4123, 227, 'SEE', 'Shéfa'),
(4124, 227, 'TAE', 'Taféa'),
(4125, 227, 'TOB', 'Torba'),
(4126, 229, 'A', 'Distrito Capital'),
(4127, 229, 'B', 'Anzoátegui'),
(4128, 229, 'C', 'Apure'),
(4129, 229, 'D', 'Aragua'),
(4130, 229, 'E', 'Barinas'),
(4131, 229, 'F', 'Bolívar'),
(4132, 229, 'G', 'Carabobo'),
(4133, 229, 'H', 'Cojedes'),
(4134, 229, 'I', 'Falcón'),
(4135, 229, 'J', 'Guárico'),
(4136, 229, 'K', 'Lara'),
(4137, 229, 'L', 'Mérida'),
(4138, 229, 'M', 'Miranda'),
(4139, 229, 'N', 'Monagas'),
(4140, 229, 'O', 'Nueva Esparta'),
(4141, 229, 'P', 'Portuguesa'),
(4142, 229, 'R', 'Sucre'),
(4143, 229, 'S', 'Tachira'),
(4144, 229, 'T', 'Trujillo'),
(4145, 229, 'U', 'Yaracuy'),
(4146, 229, 'V', 'Zulia'),
(4147, 229, 'W', 'Capital Dependencia'),
(4148, 229, 'X', 'Vargas'),
(4149, 229, 'Y', 'Delta Amacuro'),
(4150, 229, 'Z', 'Amazonas'),
(4151, 230, '01', 'Lai Châu'),
(4152, 230, '02', 'Lào Cai'),
(4153, 230, '03', 'Hà Giang'),
(4154, 230, '04', 'Cao Bằng'),
(4155, 230, '05', 'Sơn La'),
(4156, 230, '06', 'Yên Bái'),
(4157, 230, '07', 'Tuyên Quang'),
(4158, 230, '09', 'Lạng Sơn'),
(4159, 230, '13', 'Quảng Ninh'),
(4160, 230, '14', 'Hòa Bình'),
(4161, 230, '15', 'Hà Tây'),
(4162, 230, '18', 'Ninh Bình'),
(4163, 230, '20', 'Thái Bình'),
(4164, 230, '21', 'Thanh Hóa'),
(4165, 230, '22', 'Nghệ An'),
(4166, 230, '23', 'Hà Tĩnh'),
(4167, 230, '24', 'Quảng Bình'),
(4168, 230, '25', 'Quảng Trị'),
(4169, 230, '26', 'Thừa Thiên-Huế'),
(4170, 230, '27', 'Quảng Nam'),
(4171, 230, '28', 'Kon Tum'),
(4172, 230, '29', 'Quảng Ngãi'),
(4173, 230, '30', 'Gia Lai'),
(4174, 230, '31', 'Bình Định'),
(4175, 230, '32', 'Phú Yên'),
(4176, 230, '33', 'Đắk Lắk'),
(4177, 230, '34', 'Khánh Hòa'),
(4178, 230, '35', 'Lâm Đồng'),
(4179, 230, '36', 'Ninh Thuận'),
(4180, 230, '37', 'Tây Ninh'),
(4181, 230, '39', 'Đồng Nai'),
(4182, 230, '40', 'Bình Thuận'),
(4183, 230, '41', 'Long An'),
(4184, 230, '43', 'Bà Rịa-Vũng Tàu'),
(4185, 230, '44', 'An Giang'),
(4186, 230, '45', 'Đồng Tháp'),
(4187, 230, '46', 'Tiền Giang'),
(4188, 230, '47', 'Kiên Giang'),
(4189, 230, '48', 'Cần Thơ'),
(4190, 230, '49', 'Vĩnh Long'),
(4191, 230, '50', 'Bến Tre'),
(4192, 230, '51', 'Trà Vinh'),
(4193, 230, '52', 'Sóc Trăng'),
(4194, 230, '53', 'Bắc Kạn'),
(4195, 230, '54', 'Bắc Giang'),
(4196, 230, '55', 'Bạc Liêu'),
(4197, 230, '56', 'Bắc Ninh'),
(4198, 230, '57', 'Bình Dương'),
(4199, 230, '58', 'Bình Phước'),
(4200, 230, '59', 'Cà Mau'),
(4201, 230, '60', 'Đà Nẵng'),
(4202, 230, '61', 'Hải Dương'),
(4203, 230, '62', 'Hải Phòng'),
(4204, 230, '63', 'Hà Nam'),
(4205, 230, '64', 'Hà Nội'),
(4206, 230, '65', 'Sài Gòn'),
(4207, 230, '66', 'Hưng Yên'),
(4208, 230, '67', 'Nam Định'),
(4209, 230, '68', 'Phú Thọ'),
(4210, 230, '69', 'Thái Nguyên'),
(4211, 230, '70', 'Vĩnh Phúc'),
(4212, 230, '71', 'Điện Biên'),
(4213, 230, '72', 'Đắk Nông'),
(4214, 230, '73', 'Hậu Giang'),
(4215, 232, 'C', 'Saint Croix'),
(4216, 232, 'J', 'Saint John'),
(4217, 232, 'T', 'Saint Thomas'),
(4218, 233, 'A', 'Alo'),
(4219, 233, 'S', 'Sigave'),
(4220, 233, 'W', 'Wallis'),
(4221, 235, 'AB', 'أبين‎'),
(4222, 235, 'AD', 'عدن'),
(4223, 235, 'AM', 'عمران'),
(4224, 235, 'BA', 'البيضاء'),
(4225, 235, 'DA', 'الضالع'),
(4226, 235, 'DH', 'ذمار'),
(4227, 235, 'HD', 'حضرموت'),
(4228, 235, 'HJ', 'حجة'),
(4229, 235, 'HU', 'الحديدة'),
(4230, 235, 'IB', 'إب'),
(4231, 235, 'JA', 'الجوف'),
(4232, 235, 'LA', 'لحج'),
(4233, 235, 'MA', 'مأرب'),
(4234, 235, 'MR', 'المهرة'),
(4235, 235, 'MW', 'المحويت'),
(4236, 235, 'SD', 'صعدة'),
(4237, 235, 'SN', 'صنعاء'),
(4238, 235, 'SH', 'شبوة'),
(4239, 235, 'TA', 'تعز'),
(4240, 238, '01', 'Western'),
(4241, 238, '02', 'Central'),
(4242, 238, '03', 'Eastern'),
(4243, 238, '04', 'Luapula'),
(4244, 238, '05', 'Northern'),
(4245, 238, '06', 'North-Western'),
(4246, 238, '07', 'Southern'),
(4247, 238, '08', 'Copperbelt'),
(4248, 238, '09', 'Lusaka'),
(4249, 239, 'MA', 'Manicaland'),
(4250, 239, 'MC', 'Mashonaland Central'),
(4251, 239, 'ME', 'Mashonaland East'),
(4252, 239, 'MI', 'Midlands'),
(4253, 239, 'MN', 'Matabeleland North'),
(4254, 239, 'MS', 'Matabeleland South'),
(4255, 239, 'MV', 'Masvingo'),
(4256, 239, 'MW', 'Mashonaland West');

-- --------------------------------------------------------

--
-- 表的结构 `toc_zones_to_geo_zones`
--

CREATE TABLE IF NOT EXISTS `toc_zones_to_geo_zones` (
  `association_id` int(11) NOT NULL AUTO_INCREMENT,
  `zone_country_id` int(11) NOT NULL,
  `zone_id` int(11) DEFAULT NULL,
  `geo_zone_id` int(11) DEFAULT NULL,
  `last_modified` datetime DEFAULT NULL,
  `date_added` datetime NOT NULL,
  PRIMARY KEY (`association_id`)
) ENGINE=MyISAM  DEFAULT CHARSET=utf8 AUTO_INCREMENT=2 ;

--
-- 转存表中的数据 `toc_zones_to_geo_zones`
--

INSERT INTO `toc_zones_to_geo_zones` (`association_id`, `zone_country_id`, `zone_id`, `geo_zone_id`, `last_modified`, `date_added`) VALUES
(1, 223, 4031, 1, NULL, '2011-08-31 09:16:25');
